0 0 0 0 0 0
256 0 0 279 5 5
512 0 0 553 6 14
768 0 0 818 1 29
1024 0 0 1082 0 22
1280 0 0 1345 0 12
1536 0 0 1604 0 7
1792 0 0 1859 0 6
2048 0 0 2114 0 7
2303 0 0 2364 0 8
2559 0 0 2615 0 10
2815 0 0 2865 1 12
3071 0 0 3111 17 14
3327 0 0 3356 38 16
3583 0 0 3598 63 18
3839 0 0 3839 95 20
4095 0 0 4079 132 23
0 256 0 10 286 10
256 256 0 280 282 6
512 256 0 549 277 5
768 256 0 820 271 11
1024 256 0 1085 266 8
1280 256 0 1347 262 4
1536 256 0 1605 259 3
1792 256 0 1860 256 2
2048 256 0 2115 254 3
2303 256 0 2365 254 4
2559 256 0 2615 255 5
2815 256 0 2864 257 8
3071 256 0 3111 266 10
3327 256 0 3357 277 12
3583 256 0 3600 292 14
3839 256 0 3841 311 16
4095 256 0 4080 333 19
0 512 0 12 564 12
256 512 0 275 556 5
512 512 0 543 549 0
768 512 0 819 544 0
1024 512 0 1086 536 0
1280 512 0 1348 529 0
1536 512 0 1606 523 0
1792 512 0 1862 518 0
2048 512 0 2116 514 0
2303 512 0 2366 512 1
2559 512 0 2617 512 2
2815 512 0 2865 513 4
3071 512 0 3112 516 5
3327 512 0 3359 520 7
3583 512 0 3603 527 9
3839 512 0 3845 536 11
4095 512 0 4084 546 13
0 768 0 2 830 2
256 768 0 262 826 1
512 768 0 532 822 0
768 768 0 815 821 0
1024 768 0 1084 813 0
1280 768 0 1348 803 0
1536 768 0 1608 795 0
1792 768 0 1864 788 0
2048 768 0 2119 782 0
2303 768 0 2370 777 0
2559 768 0 2620 773 0
2815 768 0 2870 770 1
3071 768 0 3117 769 1
3327 768 0 3363 768 1
3583 768 0 3608 769 1
3839 768 0 3851 773 3
4095 768 0 4091 778 6
0 1024 0 0 1092 0
256 1024 0 249 1089 0
512 1024 0 513 1087 0
768 1024 0 800 1087 0
1024 1024 0 1076 1083 0
1280 1024 0 1346 1076 0
1536 1024 0 1607 1066 0
1792 1024 0 1865 1057 0
2048 1024 0 2120 1048 0
2303 1024 0 2372 1041 0
2559 1024 0 2623 1035 0
2815 1024 0 2873 1029 0
3071 1024 0 3121 1025 0
3327 1024 0 3368 1021 0
3583 1024 0 3614 1018 0
3839 1024 0 3855 1017 1
4095 1024 0 4094 1017 2
0 1280 0 0 1353 0
256 1280 0 232 1351 0
512 1280 0 489 1350 0
768 1280 0 781 1350 0
1024 1280 0 1063 1349 0
1280 1280 0 1339 1346 0
1536 1280 0 1603 1336 0
1792 1280 0 1864 1326 0
2048 1280 0 2121 1315 0
2303 1280 0 2373 1306 0
2559 1280 0 2626 1297 0
2815 1280 0 2877 1289 0
3071 1280 0 3125 1282 0
3327 1280 0 3373 1276 0
3583 1280 0 3620 1270 0
3839 1280 0 3860 1265 0
4095 1280 0 4095 1260 0
0 1536 0 0 1612 0
256 1536 0 203 1610 0
512 1536 0 448 1609 0
768 1536 0 754 1609 0
1024 1536 0 1041 1608 0
1280 1536 0 1320 1607 0
1536 1536 0 1594 1603 0
1792 1536 0 1858 1594 0
2048 1536 0 2118 1582 0
2303 1536 0 2372 1571 0
2559 1536 0 2626 1560 0
2815 1536 0 2879 1551 0
3071 1536 0 3129 1542 0
3327 1536 0 3379 1533 0
3583 1536 0 3626 1526 0
3839 1536 0 3863 1519 0
4095 1536 0 4095 1512 0
0 1792 0 0 1869 0
256 1792 0 145 1868 0
512 1792 0 369 1867 0
768 1792 0 711 1867 0
1024 1792 0 1010 1866 0
1280 1792 0 1296 1865 0
1536 1792 0 1574 1864 0
1792 1792 0 1845 1858 0
2048 1792 0 2111 1849 0
2303 1792 0 2368 1837 0
2559 1792 0 2624 1825 0
2815 1792 0 2879 1813 0
3071 1792 0 3131 1803 0
3327 1792 0 3382 1792 0
3583 1792 0 3630 1782 0
3839 1792 0 3866 1773 0
4095 1792 0 4095 1764 0
0 2048 0 0 2124 0
256 2048 0 68 2124 0
512 2048 0 266 2124 0
768 2048 0 658 2124 0
1024 2048 0 973 2123 0
1280 2048 0 1267 2123 0
1536 2048 0 1548 2121 0
1792 2048 0 1827 2120 0
2048 2048 0 2103 2118 0
2303 2048 0 2362 2103 0
2559 2048 0 2621 2090 0
2815 2048 0 2877 2077 0
3071 2048 0 3131 2064 0
3327 2048 0 3383 2052 0
3583 2048 0 3633 2040 0
3839 2048 0 3869 2028 0
4095 2048 0 4095 2016 0
0 2303 0 0 2375 0
256 2303 0 26 2377 0
512 2303 0 201 2378 0
768 2303 0 599 2377 0
1024 2303 0 927 2377 0
1280 2303 0 1232 2376 0
1536 2303 0 1518 2375 0
1792 2303 0 1800 2373 0
2048 2303 0 2078 2372 0
2303 2303 0 2346 2365 0
2559 2303 0 2611 2355 0
2815 2303 0 2869 2341 0
3071 2303 0 3124 2327 0
3327 2303 0 3379 2314 0
3583 2303 0 3630 2302 0
3839 2303 0 3867 2288 0
4095 2303 0 4095 2273 0
0 2559 0 0 2627 0
256 2559 0 0 2629 0
512 2559 0 154 2631 0
768 2559 0 539 2630 0
1024 2559 0 877 2630 0
1280 2559 0 1196 2629 0
1536 2559 0 1487 2628 0
1792 2559 0 1772 2627 0
2048 2559 0 2052 2625 0
2303 2559 0 2326 2623 0
2559 2559 0 2596 2617 0
2815 2559 0 2859 2605 0
3071 2559 0 3116 2591 0
3327 2559 0 3372 2578 0
3583 2559 0 3625 2564 0
3839 2559 0 3865 2548 0
4095 2559 0 4095 2531 0
0 2815 0 0 2877 0
256 2815 0 0 2880 0
512 2815 0 137 2882 0
768 2815 0 478 2881 0
1024 2815 0 823 2881 0
1280 2815 0 1159 2880 0
1536 2815 0 1455 2880 0
1792 2815 0 1744 2879 0
2048 2815 0 2026 2877 0
2303 2815 0 2301 2875 0
2559 2815 0 2575 2872 0
2815 2815 0 2846 2868 0
3071 2815 0 3106 2855 0
3327 2815 0 3363 2840 0
3583 2815 0 3617 2826 0
3839 2815 0 3860 2809 0
4095 2815 0 4095 2790 0
0 3071 0 0 3126 0
256 3071 0 0 3129 0
512 3071 0 112 3131 0
768 3071 0 393 3131 0
1024 3071 0 752 3130 0
1280 3071 0 1115 3130 0
1536 3071 0 1420 3130 0
1792 3071 0 1712 3129 0
2048 3071 0 1998 3127 0
2303 3071 0 2274 3125 0
2559 3071 0 2550 3123 0
2815 3071 0 2823 3121 0
3071 3071 0 3090 3113 0
3327 3071 0 3352 3103 0
3583 3071 0 3607 3089 0
3839 3071 0 3853 3071 0
4095 3071 0 4093 3050 0
0 3327 0 0 3374 0
256 3327 0 0 3378 0
512 3327 0 81 3380 0
768 3327 0 282 3380 0
1024 3327 0 665 3380 0
1280 3327 0 1068 3379 0
1536 3327 0 1381 3379 0
1792 3327 0 1680 3378 0
2048 3327 0 1968 3376 0
2303 3327 0 2247 3375 0
2559 3327 0 2524 3373 0
2815 3327 0 2798 3371 0
3071 3327 0 3070 3368 0
3327 3327 0 3339 3364 0
3583 3327 0 3597 3350 0
3839 3327 0 3844 3330 0
4095 3327 0 4085 3306 0
0 3583 0 0 3621 0
256 3583 0 0 3624 0
512 3583 0 28 3627 0
768 3583 0 98 3628 0
1024 3583 0 531 3627 0
1280 3583 0 1013 3626 0
1536 3583 0 1338 3626 0
1792 3583 0 1644 3625 0
2048 3583 0 1937 3624 0
2303 3583 0 2218 3623 0
2559 3583 0 2497 3622 0
2815 3583 0 2773 3620 0
3071 3583 0 3045 3617 0
3327 3583 0 3315 3614 0
3583 3583 0 3582 3609 0
3839 3583 0 3825 3583 0
4095 3583 0 4054 3545 0
0 3839 0 0 3860 0
256 3839 0 0 3862 0
512 3839 0 8 3864 0
768 3839 0 28 3864 0
1024 3839 0 512 3864 0
1280 3839 0 1048 3863 0
1536 3839 0 1337 3862 0
1792 3839 0 1626 3861 0
2048 3839 0 1916 3861 0
2303 3839 0 2198 3859 0
2559 3839 0 2481 3859 0
2815 3839 0 2765 3860 0
3071 3839 0 3029 3856 0
3327 3839 0 3289 3851 0
3583 3839 0 3557 3851 0
3839 3839 0 3807 3833 0
4095 3839 0 4044 3803 0
0 4095 0 0 4095 0
256 4095 0 0 4095 0
512 4095 0 10 4095 0
768 4095 0 34 4094 0
1024 4095 0 569 4094 0
1280 4095 0 1143 4094 0
1536 4095 0 1365 4090 0
1792 4095 0 1622 4089 0
2048 4095 0 1902 4091 0
2303 4095 0 2185 4087 0
2559 4095 0 2473 4088 0
2815 4095 0 2769 4094 0
3071 4095 0 3019 4088 0
3327 4095 0 3262 4081 0
3583 4095 0 3526 4082 0
3839 4095 0 3788 4080 0
4095 4095 0 4049 4075 0
0 0 256 26 28 280
256 0 256 287 16 281
512 0 256 549 6 282
768 0 256 813 1 282
1024 0 256 1078 0 277
1280 0 256 1343 0 270
1536 0 256 1604 0 266
1792 0 256 1862 0 263
2048 0 256 2119 0 261
2303 0 256 2372 0 258
2559 0 256 2625 0 257
2815 0 256 2877 0 255
3071 0 256 3126 7 253
3327 0 256 3375 14 252
3583 0 256 3621 24 250
3839 0 256 3858 35 249
4095 0 256 4089 49 248
0 256 256 42 305 300
256 256 256 284 281 278
512 256 256 541 266 267
768 256 256 822 265 271
1024 256 256 1090 259 267
1280 256 256 1353 253 263
1536 256 256 1612 247 259
1792 256 256 1870 240 257
2048 256 256 2125 234 254
2303 256 256 2377 228 253
2559 256 256 2629 221 251
2815 256 256 2880 215 250
3071 256 256 3129 210 249
3327 256 256 3377 205 248
3583 256 256 3624 199 247
3839 256 256 3860 170 244
4095 256 256 4090 125 240
0 512 256 38 577 304
256 512 256 273 552 273
512 512 256 531 537 256
768 512 256 824 536 261
1024 512 256 1094 528 260
1280 512 256 1358 517 257
1536 512 256 1616 508 255
1792 512 256 1873 498 253
2048 512 256 2128 489 251
2303 512 256 2379 480 250
2559 512 256 2630 470 249
2815 512 256 2882 459 247
3071 512 256 3132 446 245
3327 512 256 3381 433 243
3583 512 256 3627 420 242
3839 512 256 3863 374 238
4095 512 256 4091 306 232
0 768 256 6 840 286
256 768 256 251 830 263
512 768 256 517 823 251
768 768 256 814 820 256
1024 768 256 1088 811 256
1280 768 256 1354 800 255
1536 768 256 1613 790 254
1792 768 256 1870 782 253
2048 768 256 2124 774 253
2303 768 256 2374 769 253
2559 768 256 2627 761 251
2815 768 256 2880 749 246
3071 768 256 3133 733 241
3327 768 256 3384 719 236
3583 768 256 3631 710 236
3839 768 256 3866 684 231
4095 768 256 4094 646 224
0 1024 256 0 1099 268
256 1024 256 230 1094 249
512 1024 256 490 1091 240
768 1024 256 795 1088 247
1024 1024 256 1076 1083 248
1280 1024 256 1348 1075 247
1536 1024 256 1610 1064 247
1792 1024 256 1869 1055 247
2048 1024 256 2125 1046 247
2303 1024 256 2376 1039 248
2559 1024 256 2628 1031 247
2815 1024 256 2880 1021 245
3071 1024 256 3130 1010 243
3327 1024 256 3379 1000 241
3583 1024 256 3625 994 241
3839 1024 256 3863 972 232
4095 1024 256 4095 938 217
0 1280 256 0 1356 251
256 1280 256 205 1355 235
512 1280 256 455 1354 228
768 1280 256 771 1352 235
1024 1280 256 1060 1350 237
1280 1280 256 1339 1347 237
1536 1280 256 1605 1336 237
1792 1280 256 1867 1325 237
2048 1280 256 2125 1313 238
2303 1280 256 2378 1304 238
2559 1280 256 2630 1295 239
2815 1280 256 2880 1287 241
3071 1280 256 3128 1281 242
3327 1280 256 3375 1275 244
3583 1280 256 3620 1272 246
3839 1280 256 3859 1250 233
4095 1280 256 4095 1215 211
0 1536 256 0 1614 235
256 1536 256 170 1613 221
512 1536 256 405 1613 215
768 1536 256 739 1612 220
1024 1536 256 1034 1610 222
1280 1536 256 1318 1608 222
1536 1536 256 1593 1604 222
1792 1536 256 1860 1594 223
2048 1536 256 2122 1582 224
2303 1536 256 2376 1570 225
2559 1536 256 2631 1559 226
2815 1536 256 2883 1549 227
3071 1536 256 3132 1541 229
3327 1536 256 3381 1532 231
3583 1536 256 3627 1526 233
3839 1536 256 3864 1508 222
4095 1536 256 4095 1483 202
0 1792 256 0 1870 217
256 1792 256 113 1870 205
512 1792 256 327 1870 199
768 1792 256 693 1870 200
1024 1792 256 1000 1869 200
1280 1792 256 1291 1867 201
1536 1792 256 1572 1866 201
1792 1792 256 1845 1859 202
2048 1792 256 2114 1850 203
2303 1792 256 2371 1837 204
2559 1792 256 2628 1824 206
2815 1792 256 2883 1812 208
3071 1792 256 3134 1802 210
3327 1792 256 3385 1791 212
3583 1792 256 3632 1782 215
3839 1792 256 3868 1767 206
4095 1792 256 4095 1748 190
0 2048 256 0 2125 200
256 2048 256 42 2126 188
512 2048 256 230 2127 180
768 2048 256 638 2127 176
1024 2048 256 961 2126 176
1280 2048 256 1260 2125 176
1536 2048 256 1545 2123 176
1792 2048 256 1825 2121 177
2048 2048 256 2103 2118 178
2303 2048 256 2364 2104 180
2559 2048 256 2624 2090 181
2815 2048 256 2881 2077 184
3071 2048 256 3135 2064 186
3327 2048 256 3387 2051 189
3583 2048 256 3637 2040 192
3839 2048 256 3871 2026 186
4095 2048 256 4095 2011 175
0 2303 256 0 2376 177
256 2303 256 16 2378 167
512 2303 256 184 2379 156
768 2303 256 581 2380 147
1024 2303 256 913 2379 145
1280 2303 256 1224 2378 146
1536 2303 256 1513 2377 146
1792 2303 256 1797 2375 147
2048 2303 256 2077 2372 148
2303 2303 256 2347 2365 149
2559 2303 256 2613 2355 151
2815 2303 256 2872 2341 154
3071 2303 256 3128 2327 157
3327 2303 256 3382 2314 160
3583 2303 256 3634 2301 163
3839 2303 256 3870 2287 159
4095 2303 256 4095 2271 151
0 2559 256 0 2628 152
256 2559 256 0 2630 141
512 2559 256 149 2632 130
768 2559 256 523 2632 116
1024 2559 256 863 2632 113
1280 2559 256 1188 2631 113
1536 2559 256 1482 2630 114
1792 2559 256 1768 2628 115
2048 2559 256 2050 2626 116
2303 2559 256 2325 2624 117
2559 2559 256 2597 2617 119
2815 2559 256 2861 2605 121
3071 2559 256 3119 2592 124
3327 2559 256 3375 2578 128
3583 2559 256 3628 2564 131
3839 2559 256 3867 2549 127
4095 2559 256 4095 2533 116
0 2815 256 0 2879 122
256 2815 256 0 2881 111
512 2815 256 132 2882 98
768 2815 256 463 2883 84
1024 2815 256 810 2883 79
1280 2815 256 1150 2882 77
1536 2815 256 1449 2881 77
1792 2815 256 1739 2880 78
2048 2815 256 2023 2878 79
2303 2815 256 2299 2876 81
2559 2815 256 2575 2873 82
2815 2815 256 2847 2868 84
3071 2815 256 3108 2856 88
3327 2815 256 3366 2842 92
3583 2815 256 3620 2827 96
3839 2815 256 3862 2811 86
4095 2815 256 4095 2794 66
0 3071 256 0 3128 83
256 3071 256 0 3130 72
512 3071 256 109 3132 60
768 3071 256 383 3132 46
1024 3071 256 741 3132 39
1280 3071 256 1107 3132 35
1536 3071 256 1413 3131 35
1792 3071 256 1708 3130 36
2048 3071 256 1995 3128 37
2303 3071 256 2272 3126 39
2559 3071 256 2549 3124 40
2815 3071 256 2823 3122 42
3071 3071 256 3090 3114 45
3327 3071 256 3354 3104 48
3583 3071 256 3610 3090 53
3839 3071 256 3855 3073 45
4095 3071 256 4094 3056 28
0 3327 256 0 3377 43
256 3327 256 0 3379 35
512 3327 256 80 3380 25
768 3327 256 280 3381 14
1024 3327 256 659 3381 6
1280 3327 256 1060 3381 0
1536 3327 256 1375 3380 1
1792 3327 256 1676 3379 1
2048 3327 256 1966 3378 2
2303 3327 256 2245 3376 3
2559 3327 256 2523 3374 5
2815 3327 256 2798 3372 6
3071 3327 256 3070 3369 8
3327 3327 256 3339 3364 11
3583 3327 256 3598 3351 15
3839 3327 256 3847 3334 10
4095 3327 256 4089 3314 0
0 3583 256 0 3624 12
256 3583 256 0 3626 10
512 3583 256 32 3627 7
768 3583 256 113 3628 4
1024 3583 256 534 3628 2
1280 3583 256 1005 3628 0
1536 3583 256 1332 3627 0
1792 3583 256 1640 3627 0
2048 3583 256 1935 3625 1
2303 3583 256 2216 3624 1
2559 3583 256 2496 3623 1
2815 3583 256 2772 3621 2
3071 3583 256 3045 3618 2
3327 3583 256 3316 3615 3
3583 3583 256 3582 3609 4
3839 3583 256 3831 3589 3
4095 3583 256 4069 3560 0
0 3839 256 0 3862 0
256 3839 256 0 3863 5
512 3839 256 36 3864 13
768 3839 256 128 3865 25
1024 3839 256 570 3865 46
1280 3839 256 1052 3865 61
1536 3839 256 1347 3864 41
1792 3839 256 1639 3863 29
2048 3839 256 1927 3863 23
2303 3839 256 2207 3862 30
2559 3839 256 2489 3861 46
2815 3839 256 2771 3861 75
3071 3839 256 3035 3858 60
3327 3839 256 3296 3855 37
3583 3839 256 3563 3853 32
3839 3839 256 3815 3838 19
4095 3839 256 4057 3815 0
0 4095 256 0 4095 0
256 4095 256 0 4095 14
512 4095 256 76 4095 35
768 4095 256 264 4094 66
1024 4095 256 711 4095 123
1280 4095 256 1167 4095 163
1536 4095 256 1401 4093 109
1792 4095 256 1660 4093 77
2048 4095 256 1934 4093 61
2303 4095 256 2212 4092 80
2559 4095 256 2495 4092 123
2815 4095 256 2786 4095 201
3071 4095 256 3036 4092 159
3327 4095 256 3280 4088 98
3583 4095 256 3542 4088 87
3839 4095 256 3798 4083 51
4095 4095 256 4050 4075 0
0 0 512 36 44 546
256 0 512 288 24 550
512 0 512 545 9 550
768 0 512 810 1 542
1024 0 512 1076 0 537
1280 0 512 1341 0 533
1536 0 512 1604 0 529
1792 0 512 1864 0 525
2048 0 512 2122 0 520
2303 0 512 2376 0 515
2559 0 512 2631 0 510
2815 0 512 2884 0 506
3071 0 512 3135 0 502
3327 0 512 3386 0 497
3583 0 512 3635 0 494
3839 0 512 3870 0 490
4095 0 512 4095 0 487
0 256 512 51 313 572
256 256 512 283 282 551
512 256 512 537 263 539
768 256 512 823 261 539
1024 256 512 1092 255 534
1280 256 512 1357 247 528
1536 256 512 1617 240 523
1792 256 512 1875 231 518
2048 256 512 2132 222 513
2303 256 512 2385 212 509
2559 256 512 2638 202 505
2815 256 512 2890 190 501
3071 256 512 3140 176 497
3327 256 512 3390 161 494
3583 256 512 3638 144 491
3839 256 512 3872 86 484
4095 256 512 4095 0 476
0 512 512 45 579 581
256 512 512 270 549 547
512 512 512 525 531 529
768 512 512 823 529 532
1024 512 512 1098 521 528
1280 512 512 1364 510 523
1536 512 512 1623 498 518
1792 512 512 1880 485 513
2048 512 512 2136 473 510
2303 512 512 2388 459 506
2559 512 512 2640 444 503
2815 512 512 2892 426 498
3071 512 512 3144 404 493
3327 512 512 3394 381 489
3583 512 512 3642 357 487
3839 512 512 3874 278 479
4095 512 512 4095 162 467
0 768 512 8 844 565
256 768 512 245 831 536
512 768 512 506 820 518
768 768 512 804 809 516
1024 768 512 1086 802 517
1280 768 512 1360 795 518
1536 768 512 1620 784 514
1792 768 512 1877 775 512
2048 768 512 2132 766 510
2303 768 512 2382 758 509
2559 768 512 2635 747 505
2815 768 512 2890 731 498
3071 768 512 3144 710 490
3327 768 512 3397 689 483
3583 768 512 3645 674 481
3839 768 512 3876 630 472
4095 768 512 4095 567 459
0 1024 512 0 1101 540
256 1024 512 219 1097 515
512 1024 512 474 1091 501
768 1024 512 784 1083 503
1024 1024 512 1073 1079 505
1280 1024 512 1352 1073 506
1536 1024 512 1615 1061 504
1792 1024 512 1874 1051 502
2048 1024 512 2131 1041 501
2303 1024 512 2382 1033 501
2559 1024 512 2635 1023 498
2815 1024 512 2889 1010 494
3071 1024 512 3140 996 490
3327 1024 512 3390 982 486
3583 1024 512 3637 973 486
3839 1024 512 3870 940 473
4095 1024 512 4095 891 452
0 1280 512 0 1358 514
256 1280 512 191 1357 492
512 1280 512 435 1356 482
768 1280 512 760 1354 488
1024 1280 512 1056 1352 489
1280 1280 512 1340 1347 490
1536 1280 512 1608 1335 489
1792 1280 512 1871 1323 488
2048 1280 512 2129 1311 488
2303 1280 512 2382 1301 488
2559 1280 512 2635 1291 488
2815 1280 512 2888 1281 486
3071 1280 512 3136 1273 487
3327 1280 512 3383 1267 488
3583 1280 512 3630 1260 488
3839 1280 512 3866 1231 471
4095 1280 512 4095 1189 444
0 1536 512 0 1615 489
256 1536 512 152 1615 470
512 1536 512 381 1615 460
768 1536 512 725 1614 464
1024 1536 512 1027 1612 465
1280 1536 512 1316 1610 466
1536 1536 512 1594 1604 466
1792 1536 512 1863 1594 466
2048 1536 512 2125 1581 466
2303 1536 512 2381 1569 467
2559 1536 512 2635 1557 468
2815 1536 512 2888 1546 469
3071 1536 512 3137 1537 472
3327 1536 512 3385 1528 473
3583 1536 512 3636 1517 469
3839 1536 512 3871 1495 454
4095 1536 512 4095 1466 431
0 1792 512 0 1870 463
256 1792 512 95 1872 445
512 1792 512 303 1872 435
768 1792 512 679 1872 435
1024 1792 512 992 1871 434
1280 1792 512 1287 1869 434
1536 1792 512 1571 1867 435
1792 1792 512 1846 1860 436
2048 1792 512 2116 1850 436
2303 1792 512 2375 1836 437
2559 1792 512 2632 1823 439
2815 1792 512 2887 1811 442
3071 1792 512 3138 1800 445
3327 1792 512 3388 1790 447
3583 1792 512 3639 1777 445
3839 1792 512 3873 1759 433
4095 1792 512 4095 1738 414
0 2048 512 0 2125 436
256 2048 512 27 2127 420
512 2048 512 210 2128 408
768 2048 512 626 2128 401
1024 2048 512 953 2128 399
1280 2048 512 1254 2127 397
1536 2048 512 1541 2125 398
1792 2048 512 1824 2122 399
2048 2048 512 2104 2119 400
2303 2048 512 2367 2104 402
2559 2048 512 2627 2090 404
2815 2048 512 2885 2076 407
3071 2048 512 3138 2063 410
3327 2048 512 3390 2050 414
3583 2048 512 3640 2039 418
3839 2048 512 3873 2024 410
4095 2048 512 4095 2007 394
0 2303 512 0 2377 403
256 2303 512 10 2379 388
512 2303 512 175 2380 374
768 2303 512 572 2381 361
1024 2303 512 905 2381 357
1280 2303 512 1218 2380 355
1536 2303 512 1509 2378 356
1792 2303 512 1795 2376 357
2048 2303 512 2076 2373 358
2303 2303 512 2348 2366 359
2559 2303 512 2615 2355 362
2815 2303 512 2875 2341 365
3071 2303 512 3131 2327 368
3327 2303 512 3386 2313 372
3583 2303 512 3637 2300 376
3839 2303 512 3872 2286 371
4095 2303 512 4095 2271 361
0 2559 512 0 2629 367
256 2559 512 0 2631 353
512 2559 512 148 2632 337
768 2559 512 517 2633 319
1024 2559 512 856 2633 313
1280 2559 512 1181 2633 310
1536 2559 512 1477 2631 310
1792 2559 512 1765 2630 311
2048 2559 512 2049 2627 313
2303 2559 512 2325 2624 314
2559 2559 512 2598 2618 316
2815 2559 512 2863 2606 319
3071 2559 512 3122 2592 323
3327 2559 512 3379 2577 327
3583 2559 512 3632 2563 331
3839 2559 512 3869 2549 326
4095 2559 512 4095 2535 314
0 2815 512 0 2880 325
256 2815 512 0 2881 310
512 2815 512 131 2883 294
768 2815 512 460 2884 275
1024 2815 512 805 2884 266
1280 2815 512 1144 2884 262
1536 2815 512 1444 2883 261
1792 2815 512 1736 2881 262
2048 2815 512 2021 2879 263
2303 2815 512 2298 2877 265
2559 2815 512 2575 2874 267
2815 2815 512 2848 2869 269
3071 2815 512 3110 2856 273
3327 2815 512 3368 2842 278
3583 2815 512 3623 2827 283
3839 2815 512 3864 2812 271
4095 2815 512 4095 2797 248
0 3071 512 0 3129 272
256 3071 512 0 3131 258
512 3071 512 109 3132 242
768 3071 512 383 3133 224
1024 3071 512 739 3133 213
1280 3071 512 1102 3133 206
1536 3071 512 1408 3132 204
1792 3071 512 1704 3131 205
2048 3071 512 1992 3130 206
2303 3071 512 2271 3128 208
2559 3071 512 2549 3125 210
2815 3071 512 2824 3122 212
3071 3071 512 3091 3115 216
3327 3071 512 3356 3105 220
3583 3071 512 3612 3090 226
3839 3071 512 3857 3075 213
4095 3071 512 4095 3059 189
0 3327 512 0 3378 218
256 3327 512 0 3379 207
512 3327 512 82 3381 194
768 3327 512 287 3381 179
1024 3327 512 661 3382 167
1280 3327 512 1056 3382 158
1536 3327 512 1370 3381 156
1792 3327 512 1671 3380 156
2048 3327 512 1963 3379 157
2303 3327 512 2243 3377 158
2559 3327 512 2522 3375 160
2815 3327 512 2797 3373 162
3071 3327 512 3070 3370 165
3327 3327 512 3340 3365 168
3583 3327 512 3599 3351 173
3839 3327 512 3849 3336 162
4095 3327 512 4093 3319 140
0 3583 512 0 3626 173
256 3583 512 0 3627 169
512 3583 512 38 3627 165
768 3583 512 132 3628 160
1024 3583 512 545 3629 155
1280 3583 512 1003 3629 151
1536 3583 512 1328 3629 148
1792 3583 512 1636 3628 146
2048 3583 512 1932 3627 147
2303 3583 512 2214 3626 147
2559 3583 512 2494 3624 148
2815 3583 512 2771 3622 149
3071 3583 512 3045 3619 150
3327 3583 512 3316 3616 151
3583 3583 512 3583 3610 153
3839 3583 512 3837 3594 141
4095 3583 512 4081 3572 121
0 3839 512 0 3864 153
256 3839 512 0 3864 161
512 3839 512 57 3865 172
768 3839 512 198 3865 189
1024 3839 512 612 3865 217
1280 3839 512 1057 3866 236
1536 3839 512 1357 3865 210
1792 3839 512 1650 3865 195
2048 3839 512 1937 3864 188
2303 3839 512 2216 3864 197
2559 3839 512 2496 3863 217
2815 3839 512 2775 3861 254
3071 3839 512 3040 3860 235
3327 3839 512 3304 3858 208
3583 3839 512 3570 3855 204
3839 3839 512 3823 3843 176
4095 3839 512 4068 3824 133
0 4095 512 0 4095 150
256 4095 512 0 4095 171
512 4095 512 117 4095 203
768 4095 512 411 4095 251
1024 4095 512 801 4095 328
1280 4095 512 1183 4095 383
1536 4095 512 1434 4095 319
1792 4095 512 1697 4095 282
2048 4095 512 1968 4095 263
2303 4095 512 2239 4095 287
2559 4095 512 2516 4095 340
2815 4095 512 2798 4095 438
3071 4095 512 3050 4094 387
3327 4095 512 3298 4093 315
3583 4095 512 3558 4092 303
3839 4095 512 3809 4086 249
4095 4095 512 4053 4075 167
0 0 768 21 41 792
256 0 768 279 29 810
512 0 768 541 16 818
768 0 768 808 3 809
1024 0 768 1074 0 806
1280 0 768 1341 0 803
1536 0 768 1603 0 798
1792 0 768 1863 0 792
2048 0 768 2122 0 787
2303 0 768 2377 0 781
2559 0 768 2631 0 775
2815 0 768 2884 0 769
3071 0 768 3135 0 764
3327 0 768 3385 0 758
3583 0 768 3635 0 753
3839 0 768 3870 0 749
4095 0 768 4095 0 745
0 256 768 28 303 818
256 256 768 276 285 825
512 256 768 538 271 827
768 256 768 820 263 822
1024 256 768 1090 255 814
1280 256 768 1356 247 805
1536 256 768 1616 240 797
1792 256 768 1875 231 790
2048 256 768 2132 222 783
2303 256 768 2385 212 777
2559 256 768 2638 202 771
2815 256 768 2890 190 766
3071 256 768 3140 176 760
3327 256 768 3390 161 755
3583 256 768 3638 144 751
3839 256 768 3872 86 744
4095 256 768 4095 0 734
0 512 768 25 567 834
256 512 768 267 550 832
512 512 768 527 535 827
768 512 768 814 522 816
1024 512 768 1093 515 809
1280 512 768 1366 508 803
1536 512 768 1626 496 793
1792 512 768 1883 483 785
2048 512 768 2139 470 778
2303 512 768 2391 455 772
2559 512 768 2644 439 767
2815 512 768 2895 422 762
3071 512 768 3145 402 757
3327 512 768 3394 381 752
3583 512 768 3642 357 748
3839 512 768 3874 278 738
4095 512 768 4095 162 726
0 768 768 4 836 834
256 768 768 246 828 827
512 768 768 502 811 811
768 768 768 778 781 782
1024 768 768 1075 784 786
1280 768 768 1369 790 794
1536 768 768 1629 777 786
1792 768 768 1887 765 779
2048 768 768 2143 754 772
2303 768 768 2394 743 767
2559 768 768 2647 731 762
2815 768 768 2898 718 757
3071 768 768 3148 704 752
3327 768 768 3398 689 747
3583 768 768 3645 674 743
3839 768 768 3876 630 733
4095 768 768 4095 568 720
0 1024 768 0 1097 818
256 1024 768 222 1094 807
512 1024 768 472 1086 792
768 1024 768 764 1069 772
1024 1024 768 1064 1069 775
1280 1024 768 1358 1070 781
1536 1024 768 1623 1056 775
1792 1024 768 1883 1044 770
2048 1024 768 2139 1033 766
2303 1024 768 2392 1022 762
2559 1024 768 2646 1010 756
2815 1024 768 2901 995 748
3071 1024 768 3151 983 743
3327 1024 768 3400 970 740
3583 1024 768 3649 956 735
3839 1024 768 3879 928 726
4095 1024 768 4095 892 715
0 1280 768 0 1356 796
256 1280 768 194 1356 783
512 1280 768 436 1356 772
768 1280 768 750 1357 765
1024 1280 768 1050 1353 765
1280 1280 768 1342 1347 765
1536 1280 768 1612 1333 762
1792 1280 768 1876 1321 759
2048 1280 768 2134 1308 757
2303 1280 768 2388 1297 754
2559 1280 768 2643 1284 749
2815 1280 768 2901 1268 739
3071 1280 768 3152 1256 736
3327 1280 768 3401 1245 733
3583 1280 768 3653 1228 725
3839 1280 768 3882 1210 717
4095 1280 768 4095 1190 710
0 1536 768 0 1614 773
256 1536 768 156 1615 761
512 1536 768 383 1615 750
768 1536 768 715 1616 744
1024 1536 768 1020 1614 742
1280 1536 768 1315 1610 742
1536 1536 768 1596 1604 742
1792 1536 768 1866 1593 740
2048 1536 768 2130 1579 738
2303 1536 768 2385 1566 737
2559 1536 768 2641 1553 736
2815 1536 768 2894 1541 734
3071 1536 768 3143 1531 735
3327 1536 768 3393 1520 732
3583 1536 768 3656 1495 710
3839 1536 768 3886 1478 701
4095 1536 768 4095 1467 701
0 1792 768 0 1870 750
256 1792 768 100 1871 738
512 1792 768 306 1872 729
768 1792 768 672 1873 722
1024 1792 768 986 1872 718
1280 1792 768 1283 1871 716
1536 1792 768 1571 1867 717
1792 1792 768 1848 1860 716
2048 1792 768 2120 1849 715
2303 1792 768 2379 1835 714
2559 1792 768 2636 1822 714
2815 1792 768 2890 1809 715
3071 1792 768 3140 1799 717
3327 1792 768 3392 1787 716
3583 1792 768 3651 1765 701
3839 1792 768 3883 1750 693
4095 1792 768 4095 1739 691
0 2048 768 0 2125 726
256 2048 768 32 2127 716
512 2048 768 215 2128 707
768 2048 768 625 2129 700
1024 2048 768 949 2129 693
1280 2048 768 1249 2128 688
1536 2048 768 1539 2126 688
1792 2048 768 1825 2123 688
2048 2048 768 2106 2119 688
2303 2048 768 2370 2104 688
2559 2048 768 2631 2089 687
2815 2048 768 2889 2074 688
3071 2048 768 3142 2061 690
3327 2048 768 3394 2049 692
3583 2048 768 3642 2038 695
3839 2048 768 3874 2024 690
4095 2048 768 4095 2008 678
0 2303 768 0 2377 702
256 2303 768 12 2379 693
512 2303 768 179 2380 684
768 2303 768 579 2381 677
1024 2303 768 906 2382 667
1280 2303 768 1212 2382 659
1536 2303 768 1506 2380 659
1792 2303 768 1794 2377 659
2048 2303 768 2077 2374 660
2303 2303 768 2349 2366 660
2559 2303 768 2618 2355 660
2815 2303 768 2878 2340 660
3071 2303 768 3135 2326 661
3327 2303 768 3389 2312 662
3583 2303 768 3640 2299 664
3839 2303 768 3874 2285 663
4095 2303 768 4095 2271 660
0 2559 768 0 2629 677
256 2559 768 0 2631 668
512 2559 768 151 2632 660
768 2559 768 528 2633 653
1024 2559 768 860 2634 642
1280 2559 768 1176 2634 633
1536 2559 768 1473 2633 631
1792 2559 768 1763 2631 631
2048 2559 768 2048 2628 631
2303 2559 768 2326 2625 632
2559 2559 768 2600 2618 632
2815 2559 768 2866 2606 632
3071 2559 768 3125 2591 633
3327 2559 768 3382 2576 634
3583 2559 768 3635 2562 635
3839 2559 768 3871 2548 635
4095 2559 768 4095 2535 636
0 2815 768 0 2880 650
256 2815 768 0 2882 642
512 2815 768 135 2883 635
768 2815 768 473 2884 627
1024 2815 768 812 2884 618
1280 2815 768 1142 2885 609
1536 2815 768 1441 2884 604
1792 2815 768 1733 2883 603
2048 2815 768 2020 2881 603
2303 2815 768 2298 2878 604
2559 2815 768 2575 2874 604
2815 2815 768 2849 2869 605
3071 2815 768 3112 2856 606
3327 2815 768 3371 2841 606
3583 2815 768 3626 2826 607
3839 2815 768 3866 2812 606
4095 2815 768 4095 2798 602
0 3071 768 0 3129 620
256 3071 768 0 3131 613
512 3071 768 114 3132 606
768 3071 768 399 3133 599
1024 3071 768 749 3133 590
1280 3071 768 1103 3134 582
1536 3071 768 1405 3134 574
1792 3071 768 1700 3133 571
2048 3071 768 1990 3131 571
2303 3071 768 2270 3129 572
2559 3071 768 2549 3126 573
2815 3071 768 2824 3123 574
3071 3071 768 3093 3115 575
3327 3071 768 3358 3105 576
3583 3071 768 3615 3090 577
3839 3071 768 3859 3075 567
4095 3071 768 4095 3059 549
0 3327 768 0 3378 589
256 3327 768 0 3380 582
512 3327 768 88 3381 576
768 3327 768 306 3381 570
1024 3327 768 675 3382 563
1280 3327 768 1061 3382 554
1536 3327 768 1368 3382 543
1792 3327 768 1666 3382 539
2048 3327 768 1960 3380 540
2303 3327 768 2241 3378 540
2559 3327 768 2521 3376 541
2815 3327 768 2798 3374 542
3071 3327 768 3071 3370 543
3327 3327 768 3341 3365 545
3583 3327 768 3602 3352 546
3839 3327 768 3851 3337 525
4095 3327 768 4094 3320 489
0 3583 768 0 3626 557
256 3583 768 0 3627 552
512 3583 768 46 3628 548
768 3583 768 160 3628 544
1024 3583 768 565 3629 537
1280 3583 768 1010 3629 529
1536 3583 768 1325 3630 516
1792 3583 768 1630 3629 511
2048 3583 768 1928 3628 511
2303 3583 768 2211 3627 512
2559 3583 768 2493 3625 513
2815 3583 768 2770 3623 513
3071 3583 768 3045 3620 514
3327 3583 768 3317 3616 515
3583 3583 768 3584 3610 517
3839 3583 768 3841 3597 482
4095 3583 768 4091 3579 422
0 3839 768 0 3864 536
256 3839 768 0 3864 541
512 3839 768 64 3865 550
768 3839 768 224 3865 564
1024 3839 768 631 3865 576
1280 3839 768 1065 3866 583
1536 3839 768 1366 3866 571
1792 3839 768 1660 3866 566
2048 3839 768 1948 3865 567
2303 3839 768 2225 3864 570
2559 3839 768 2501 3863 575
2815 3839 768 2775 3862 586
3071 3839 768 3044 3860 584
3327 3839 768 3310 3858 581
3583 3839 768 3576 3856 583
3839 3839 768 3831 3846 540
4095 3839 768 4078 3830 466
0 4095 768 0 4095 524
256 4095 768 0 4095 543
512 4095 768 123 4095 572
768 4095 768 431 4095 614
1024 4095 768 813 4095 657
1280 4095 768 1188 4095 689
1536 4095 768 1462 4095 681
1792 4095 768 1734 4095 678
2048 4095 768 2003 4095 678
2303 4095 768 2268 4095 685
2559 4095 768 2534 4095 699
2815 4095 768 2801 4095 726
3071 4095 768 3059 4095 720
3327 4095 768 3316 4095 708
3583 4095 768 3575 4094 713
3839 4095 768 3821 4087 665
4095 4095 768 4058 4074 583
0 0 1024 18 32 1049
256 0 1024 277 23 1060
512 0 1024 538 14 1067
768 0 1024 803 2 1068
1024 0 1024 1071 0 1070
1280 0 1024 1340 0 1071
1536 0 1024 1602 0 1066
1792 0 1024 1862 0 1060
2048 0 1024 2121 0 1054
2303 0 1024 2376 0 1047
2559 0 1024 2631 0 1040
2815 0 1024 2884 0 1034
3071 0 1024 3135 0 1027
3327 0 1024 3386 0 1021
3583 0 1024 3635 0 1015
3839 0 1024 3870 0 1010
4095 0 1024 4095 0 1005
0 256 1024 20 292 1072
256 256 1024 270 280 1083
512 256 1024 532 269 1090
768 256 1024 811 261 1088
1024 256 1024 1084 255 1084
1280 256 1024 1353 248 1079
1536 256 1024 1615 240 1070
1792 256 1024 1873 232 1061
2048 256 1024 2131 223 1052
2303 256 1024 2384 213 1045
2559 256 1024 2638 202 1038
2815 256 1024 2890 191 1031
3071 256 1024 3140 177 1025
3327 256 1024 3390 162 1019
3583 256 1024 3639 145 1013
3839 256 1024 3872 86 1005
4095 256 1024 4095 0 994
0 512 1024 16 556 1088
256 512 1024 260 543 1097
512 512 1024 520 532 1100
768 512 1024 807 523 1093
1024 512 1024 1087 516 1089
1280 512 1024 1363 508 1082
1536 512 1024 1624 496 1070
1792 512 1024 1882 483 1060
2048 512 1024 2138 470 1050
2303 512 1024 2391 455 1042
2559 512 1024 2644 439 1035
2815 512 1024 2895 422 1028
3071 512 1024 3145 403 1022
3327 512 1024 3394 382 1016
3583 512 1024 3642 358 1010
3839 512 1024 3874 279 1000
4095 512 1024 4095 162 986
0 768 1024 3 824 1093
256 768 1024 244 818 1097
512 768 1024 501 807 1093
768 768 1024 784 789 1077
1024 768 1024 1077 788 1078
1280 768 1024 1367 788 1079
1536 768 1024 1629 776 1066
1792 768 1024 1888 764 1055
2048 768 1024 2144 752 1045
2303 768 1024 2396 740 1037
2559 768 1024 2649 728 1030
2815 768 1024 2899 716 1023
3071 768 1024 3149 703 1017
3327 768 1024 3398 689 1012
3583 768 1024 3645 674 1006
3839 768 1024 3876 631 996
4095 768 1024 4095 568 983
0 1024 1024 0 1089 1087
256 1024 1024 222 1088 1085
512 1024 1024 473 1083 1080
768 1024 1024 768 1073 1069
1024 1024 1024 1066 1071 1069
1280 1024 1024 1358 1069 1068
1536 1024 1024 1625 1054 1056
1792 1024 1024 1887 1040 1046
2048 1024 1024 2144 1028 1038
2303 1024 1024 2397 1017 1031
2559 1024 1024 2650 1005 1023
2815 1024 1024 2903 992 1015
3071 1024 1024 3153 980 1009
3327 1024 1024 3402 968 1004
3583 1024 1024 3652 952 997
3839 1024 1024 3881 925 988
4095 1024 1024 4095 892 979
0 1280 1024 0 1353 1075
256 1280 1024 195 1354 1069
512 1280 1024 437 1355 1064
768 1280 1024 749 1356 1059
1024 1280 1024 1050 1352 1056
1280 1280 1024 1343 1346 1053
1536 1280 1024 1617 1330 1043
1792 1280 1024 1883 1316 1035
2048 1280 1024 2142 1303 1028
2303 1280 1024 2396 1291 1022
2559 1280 1024 2650 1278 1015
2815 1280 1024 2906 1263 1005
3071 1280 1024 3156 1251 1000
3327 1280 1024 3406 1239 995
3583 1280 1024 3660 1219 985
3839 1280 1024 3886 1203 978
4095 1280 1024 4095 1190 974
0 1536 1024 0 1612 1054
256 1536 1024 156 1613 1047
512 1536 1024 382 1615 1040
768 1536 1024 713 1616 1034
1024 1536 1024 1017 1614 1029
1280 1536 1024 1311 1611 1025
1536 1536 1024 1597 1603 1021
1792 1536 1024 1871 1591 1016
2048 1536 1024 2135 1575 1011
2303 1536 1024 2390 1563 1009
2559 1536 1024 2647 1549 1004
2815 1536 1024 2903 1535 996
3071 1536 1024 3154 1522 992
3327 1536 1024 3406 1509 987
3583 1536 1024 3663 1487 971
3839 1536 1024 3890 1474 966
4095 1536 1024 4095 1467 968
0 1792 1024 0 1869 1032
256 1792 1024 100 1871 1024
512 1792 1024 306 1872 1017
768 1792 1024 671 1873 1011
1024 1792 1024 983 1873 1004
1280 1792 1024 1279 1872 999
1536 1792 1024 1570 1868 996
1792 1792 1024 1850 1859 993
2048 1792 1024 2124 1847 990
2303 1792 1024 2383 1833 988
2559 1792 1024 2642 1819 985
2815 1792 1024 2899 1804 981
3071 1792 1024 3150 1791 979
3327 1792 1024 3402 1778 976
3583 1792 1024 3660 1758 961
3839 1792 1024 3887 1746 957
4095 1792 1024 4095 1739 960
0 2048 1024 0 2125 1009
256 2048 1024 34 2127 1002
512 2048 1024 218 2128 995
768 2048 1024 625 2129 989
1024 2048 1024 948 2130 981
1280 2048 1024 1247 2129 973
1536 2048 1024 1537 2127 969
1792 2048 1024 1824 2123 967
2048 2048 1024 2109 2119 967
2303 2048 1024 2373 2103 964
2559 2048 1024 2636 2087 962
2815 2048 1024 2893 2072 961
3071 2048 1024 3146 2059 963
3327 2048 1024 3397 2046 963
3583 2048 1024 3651 2031 955
3839 2048 1024 3881 2019 952
4095 2048 1024 4095 2008 951
0 2303 1024 0 2377 986
256 2303 1024 13 2379 980
512 2303 1024 180 2380 974
768 2303 1024 580 2381 968
1024 2303 1024 907 2382 959
1280 2303 1024 1212 2382 950
1536 2303 1024 1504 2381 944
1792 2303 1024 1792 2378 942
2048 2303 1024 2078 2374 942
2303 2303 1024 2352 2366 940
2559 2303 1024 2621 2354 939
2815 2303 1024 2882 2339 937
3071 2303 1024 3139 2324 937
3327 2303 1024 3394 2310 936
3583 2303 1024 3648 2294 931
3839 2303 1024 3879 2282 932
4095 2303 1024 4095 2272 938
0 2559 1024 0 2629 964
256 2559 1024 0 2631 958
512 2559 1024 152 2632 952
768 2559 1024 531 2633 947
1024 2559 1024 863 2634 938
1280 2559 1024 1177 2634 928
1536 2559 1024 1471 2634 921
1792 2559 1024 1760 2632 918
2048 2559 1024 2048 2629 917
2303 2559 1024 2327 2625 917
2559 2559 1024 2602 2618 917
2815 2559 1024 2869 2605 915
3071 2559 1024 3129 2590 913
3327 2559 1024 3387 2575 912
3583 2559 1024 3641 2559 908
3839 2559 1024 3875 2546 912
4095 2559 1024 4095 2535 922
0 2815 1024 0 2880 941
256 2815 1024 0 2882 936
512 2815 1024 136 2883 931
768 2815 1024 476 2884 926
1024 2815 1024 814 2884 918
1280 2815 1024 1143 2885 910
1536 2815 1024 1439 2885 901
1792 2815 1024 1730 2884 897
2048 2815 1024 2017 2882 895
2303 2815 1024 2298 2879 895
2559 2815 1024 2576 2875 895
2815 2815 1024 2851 2869 895
3071 2815 1024 3115 2856 893
3327 2815 1024 3375 2840 892
3583 2815 1024 3630 2825 890
3839 2815 1024 3869 2811 894
4095 2815 1024 4095 2798 901
0 3071 1024 0 3129 917
256 3071 1024 0 3131 913
512 3071 1024 115 3132 908
768 3071 1024 402 3133 904
1024 3071 1024 751 3134 897
1280 3071 1024 1103 3134 889
1536 3071 1024 1404 3134 879
1792 3071 1024 1698 3134 874
2048 3071 1024 1987 3132 870
2303 3071 1024 2268 3130 871
2559 3071 1024 2548 3127 871
2815 3071 1024 2825 3123 871
3071 3071 1024 3095 3115 871
3327 3071 1024 3360 3104 870
3583 3071 1024 3618 3089 869
3839 3071 1024 3861 3074 866
4095 3071 1024 4095 3059 861
0 3327 1024 0 3378 893
256 3327 1024 0 3380 889
512 3327 1024 89 3381 885
768 3327 1024 311 3381 881
1024 3327 1024 677 3382 874
1280 3327 1024 1060 3383 866
1536 3327 1024 1368 3383 856
1792 3327 1024 1665 3383 850
2048 3327 1024 1956 3382 845
2303 3327 1024 2238 3380 846
2559 3327 1024 2520 3377 846
2815 3327 1024 2798 3374 846
3071 3327 1024 3072 3371 847
3327 3327 1024 3343 3365 847
3583 3327 1024 3604 3352 847
3839 3327 1024 3853 3337 833
4095 3327 1024 4095 3321 810
0 3583 1024 0 3626 868
256 3583 1024 0 3627 864
512 3583 1024 48 3628 860
768 3583 1024 167 3629 857
1024 3583 1024 569 3629 850
1280 3583 1024 1011 3630 842
1536 3583 1024 1327 3630 831
1792 3583 1024 1629 3630 823
2048 3583 1024 1923 3630 818
2303 3583 1024 2208 3628 818
2559 3583 1024 2491 3626 819
2815 3583 1024 2770 3623 819
3071 3583 1024 3045 3620 820
3327 3583 1024 3318 3617 821
3583 3583 1024 3586 3610 821
3839 3583 1024 3844 3598 788
4095 3583 1024 4094 3582 732
0 3839 1024 0 3864 850
256 3839 1024 0 3864 854
512 3839 1024 69 3865 861
768 3839 1024 240 3865 873
1024 3839 1024 640 3866 879
1280 3839 1024 1066 3866 882
1536 3839 1024 1370 3866 876
1792 3839 1024 1662 3866 872
2048 3839 1024 1947 3866 869
2303 3839 1024 2225 3865 871
2559 3839 1024 2501 3864 873
2815 3839 1024 2775 3862 877
3071 3839 1024 3044 3861 880
3327 3839 1024 3313 3859 882
3583 3839 1024 3579 3856 887
3839 3839 1024 3835 3846 852
4095 3839 1024 4083 3831 791
0 4095 1024 0 4095 838
256 4095 1024 0 4095 855
512 4095 1024 131 4095 880
768 4095 1024 460 4095 916
1024 4095 1024 830 4095 944
1280 4095 1024 1190 4095 965
1536 4095 1024 1468 4095 967
1792 4095 1024 1741 4095 970
2048 4095 1024 2010 4095 973
2303 4095 1024 2274 4095 977
2559 4095 1024 2538 4095 983
2815 4095 1024 2802 4095 992
3071 4095 1024 3062 4095 997
3327 4095 1024 3321 4095 1003
3583 4095 1024 3581 4095 1014
3839 4095 1024 3827 4086 990
4095 4095 1024 4064 4071 943
0 0 1280 22 23 1307
256 0 1280 278 16 1308
512 0 1280 536 9 1313
768 0 1280 797 2 1323
1024 0 1280 1067 0 1332
1280 0 1280 1337 0 1337
1536 0 1280 1600 0 1333
1792 0 1280 1861 0 1328
2048 0 1280 2120 0 1321
2303 0 1280 2375 0 1313
2559 0 1280 2630 0 1306
2815 0 1280 2882 0 1298
3071 0 1280 3134 0 1291
3327 0 1280 3386 0 1284
3583 0 1280 3635 0 1277
3839 0 1280 3870 0 1271
4095 0 1280 4095 0 1265
0 256 1280 18 283 1327
256 256 1280 265 273 1338
512 256 1280 524 265 1345
768 256 1280 800 260 1348
1024 256 1280 1076 254 1350
1280 256 1280 1349 248 1350
1536 256 1280 1612 240 1341
1792 256 1280 1872 232 1332
2048 256 1280 2129 224 1322
2303 256 1280 2383 214 1313
2559 256 1280 2637 203 1305
2815 256 1280 2889 191 1297
3071 256 1280 3140 178 1289
3327 256 1280 3390 163 1282
3583 256 1280 3639 146 1276
3839 256 1280 3872 87 1266
4095 256 1280 4095 0 1255
0 512 1280 11 545 1342
256 512 1280 253 536 1357
512 512 1280 512 529 1366
768 512 1280 799 525 1365
1024 512 1280 1081 518 1363
1280 512 1280 1357 508 1359
1536 512 1280 1621 496 1346
1792 512 1280 1880 484 1334
2048 512 1280 2137 470 1322
2303 512 1280 2390 456 1312
2559 512 1280 2643 440 1303
2815 512 1280 2894 423 1295
3071 512 1280 3144 404 1287
3327 512 1280 3394 384 1280
3583 512 1280 3642 360 1273
3839 512 1280 3874 280 1262
4095 512 1280 4095 162 1248
0 768 1280 2 812 1349
256 768 1280 240 807 1361
512 768 1280 500 803 1368
768 768 1280 793 800 1371
1024 768 1280 1079 795 1368
1280 768 1280 1360 787 1362
1536 768 1280 1625 775 1347
1792 768 1280 1885 764 1333
2048 768 1280 2143 752 1320
2303 768 1280 2395 740 1310
2559 768 1280 2648 728 1300
2815 768 1280 2899 716 1292
3071 768 1280 3148 703 1284
3327 768 1280 3397 690 1277
3583 768 1280 3645 675 1270
3839 768 1280 3876 631 1259
4095 768 1280 4095 568 1246
0 1024 1280 0 1081 1352
256 1024 1280 220 1080 1358
512 1024 1280 473 1078 1363
768 1024 1280 774 1077 1365
1024 1024 1280 1067 1073 1362
1280 1024 1280 1354 1066 1355
1536 1024 1280 1625 1051 1339
1792 1024 1280 1889 1038 1325
2048 1024 1280 2147 1026 1312
2303 1024 1280 2400 1014 1302
2559 1024 1280 2653 1003 1293
2815 1024 1280 2904 991 1285
3071 1024 1280 3153 980 1277
3327 1024 1280 3402 967 1270
3583 1024 1280 3654 950 1261
3839 1024 1280 3882 924 1252
4095 1024 1280 4095 892 1243
0 1280 1280 0 1349 1349
256 1280 1280 195 1350 1351
512 1280 1280 436 1351 1352
768 1280 1280 750 1351 1352
1024 1280 1280 1049 1349 1348
1280 1280 1280 1341 1343 1341
1536 1280 1280 1620 1327 1327
1792 1280 1280 1888 1312 1314
2048 1280 1280 2149 1298 1302
2303 1280 1280 2402 1286 1293
2559 1280 1280 2656 1273 1284
2815 1280 1280 2908 1261 1276
3071 1280 1280 3158 1250 1268
3327 1280 1280 3408 1237 1261
3583 1280 1280 3662 1216 1251
3839 1280 1280 3888 1201 1244
4095 1280 1280 4095 1189 1239
0 1536 1280 0 1609 1332
256 1536 1280 155 1611 1330
512 1536 1280 381 1613 1328
768 1536 1280 714 1614 1325
1024 1536 1280 1015 1613 1318
1280 1536 1280 1308 1611 1311
1536 1536 1280 1598 1602 1304
1792 1536 1280 1874 1589 1296
2048 1536 1280 2141 1572 1287
2303 1536 1280 2396 1559 1282
2559 1536 1280 2652 1545 1274
2815 1536 1280 2911 1529 1261
3071 1536 1280 3165 1514 1252
3327 1536 1280 3417 1499 1244
3583 1536 1280 3667 1484 1237
3839 1536 1280 3890 1474 1234
4095 1536 1280 4095 1467 1234
0 1792 1280 0 1868 1312
256 1792 1280 100 1870 1308
512 1792 1280 306 1872 1304
768 1792 1280 672 1873 1300
1024 1792 1280 981 1873 1292
1280 1792 1280 1276 1872 1283
1536 1792 1280 1569 1868 1278
1792 1792 1280 1852 1859 1272
2048 1792 1280 2128 1846 1267
2303 1792 1280 2387 1831 1263
2559 1792 1280 2647 1815 1256
2815 1792 1280 2906 1799 1247
3071 1792 1280 3161 1784 1241
3327 1792 1280 3414 1769 1234
3583 1792 1280 3666 1754 1225
3839 1792 1280 3890 1745 1224
4095 1792 1280 4095 1740 1227
0 2048 1280 0 2125 1290
256 2048 1280 34 2127 1285
512 2048 1280 218 2128 1280
768 2048 1280 625 2129 1275
1024 2048 1280 947 2130 1267
1280 2048 1280 1245 2130 1259
1536 2048 1280 1535 2128 1249
1792 2048 1280 1823 2124 1245
2048 2048 1280 2112 2119 1244
2303 2048 1280 2377 2101 1239
2559 2048 1280 2640 2085 1235
2815 2048 1280 2897 2070 1234
3071 2048 1280 3150 2057 1233
3327 2048 1280 3403 2043 1230
3583 2048 1280 3660 2025 1215
3839 2048 1280 3888 2014 1213
4095 2048 1280 4095 2008 1220
0 2303 1280 0 2377 1267
256 2303 1280 13 2378 1262
512 2303 1280 181 2380 1258
768 2303 1280 580 2381 1253
1024 2303 1280 908 2382 1246
1280 2303 1280 1213 2382 1237
1536 2303 1280 1501 2382 1226
1792 2303 1280 1790 2379 1220
2048 2303 1280 2079 2375 1219
2303 2303 1280 2354 2365 1216
2559 2303 1280 2625 2353 1214
2815 2303 1280 2887 2337 1210
3071 2303 1280 3143 2322 1208
3327 2303 1280 3399 2307 1205
3583 2303 1280 3655 2290 1194
3839 2303 1280 3884 2279 1197
4095 2303 1280 4095 2272 1210
0 2559 1280 0 2629 1245
256 2559 1280 0 2630 1240
512 2559 1280 152 2632 1236
768 2559 1280 531 2633 1231
1024 2559 1280 864 2634 1225
1280 2559 1280 1179 2634 1216
1536 2559 1280 1469 2635 1204
1792 2559 1280 1758 2633 1198
2048 2559 1280 2046 2630 1195
2303 2559 1280 2328 2626 1194
2559 2559 1280 2605 2618 1193
2815 2559 1280 2872 2604 1189
3071 2559 1280 3133 2588 1186
3327 2559 1280 3391 2572 1183
3583 2559 1280 3647 2556 1176
3839 2559 1280 3879 2545 1182
4095 2559 1280 4095 2536 1198
0 2815 1280 0 2880 1222
256 2815 1280 0 2881 1219
512 2815 1280 136 2883 1215
768 2815 1280 476 2884 1211
1024 2815 1280 815 2885 1204
1280 2815 1280 1143 2885 1196
1536 2815 1280 1437 2886 1186
1792 2815 1280 1727 2885 1178
2048 2815 1280 2015 2883 1173
2303 2815 1280 2297 2880 1173
2559 2815 1280 2577 2875 1172
2815 2815 1280 2854 2869 1171
3071 2815 1280 3118 2855 1169
3327 2815 1280 3379 2839 1165
3583 2815 1280 3635 2823 1161
3839 2815 1280 3872 2810 1169
4095 2815 1280 4095 2798 1183
0 3071 1280 0 3130 1201
256 3071 1280 0 3131 1198
512 3071 1280 115 3132 1194
768 3071 1280 403 3133 1190
1024 3071 1280 751 3134 1184
1280 3071 1280 1102 3135 1176
1536 3071 1280 1403 3135 1167
1792 3071 1280 1696 3134 1159
2048 3071 1280 1983 3134 1152
2303 3071 1280 2266 3131 1151
2559 3071 1280 2548 3127 1151
2815 3071 1280 2826 3124 1151
3071 3071 1280 3097 3115 1149
3327 3071 1280 3363 3104 1148
3583 3071 1280 3622 3088 1145
3839 3071 1280 3864 3073 1149
4095 3071 1280 4095 3060 1158
0 3327 1280 0 3379 1179
256 3327 1280 0 3380 1176
512 3327 1280 89 3381 1173
768 3327 1280 312 3382 1169
1024 3327 1280 677 3382 1163
1280 3327 1280 1059 3383 1156
1536 3327 1280 1368 3383 1149
1792 3327 1280 1664 3383 1140
2048 3327 1280 1952 3383 1131
2303 3327 1280 2236 3381 1130
2559 3327 1280 2518 3378 1129
2815 3327 1280 2797 3375 1129
3071 3327 1280 3073 3371 1129
3327 3327 1280 3345 3365 1129
3583 3327 1280 3607 3351 1127
3839 3327 1280 3855 3336 1124
4095 3327 1280 4095 3321 1120
0 3583 1280 0 3626 1158
256 3583 1280 0 3627 1155
512 3583 1280 48 3628 1152
768 3583 1280 168 3629 1149
1024 3583 1280 570 3629 1143
1280 3583 1280 1010 3630 1136
1536 3583 1280 1329 3630 1129
1792 3583 1280 1630 3631 1119
2048 3583 1280 1919 3631 1108
2303 3583 1280 2204 3629 1107
2559 3583 1280 2488 3627 1107
2815 3583 1280 2768 3624 1107
3071 3583 1280 3045 3621 1107
3327 3583 1280 3319 3617 1107
3583 3583 1280 3588 3610 1107
3839 3583 1280 3845 3598 1080
4095 3583 1280 4095 3584 1037
0 3839 1280 0 3864 1143
256 3839 1280 0 3864 1147
512 3839 1280 73 3865 1154
768 3839 1280 255 3865 1163
1024 3839 1280 648 3866 1166
1280 3839 1280 1066 3866 1167
1536 3839 1280 1371 3866 1163
1792 3839 1280 1662 3867 1157
2048 3839 1280 1945 3867 1151
2303 3839 1280 2223 3866 1152
2559 3839 1280 2500 3865 1153
2815 3839 1280 2774 3863 1156
3071 3839 1280 3044 3861 1159
3327 3839 1280 3314 3859 1163
3583 3839 1280 3581 3856 1168
3839 3839 1280 3837 3846 1146
4095 3839 1280 4085 3831 1105
0 4095 1280 0 4094 1134
256 4095 1280 0 4095 1149
512 4095 1280 142 4095 1170
768 4095 1280 495 4095 1201
1024 4095 1280 851 4095 1219
1280 4095 1280 1191 4095 1232
1536 4095 1280 1468 4095 1233
1792 4095 1280 1740 4095 1235
2048 4095 1280 2010 4095 1237
2303 4095 1280 2274 4095 1241
2559 4095 1280 2539 4095 1246
2815 4095 1280 2801 4095 1252
3071 4095 1280 3063 4095 1260
3327 4095 1280 3324 4095 1270
3583 4095 1280 3583 4094 1285
3839 4095 1280 3830 4085 1285
4095 4095 1280 4069 4069 1275
0 0 1536 44 18 1559
256 0 1536 286 13 1560
512 0 1536 534 8 1565
768 0 1536 794 2 1577
1024 0 1536 1060 1 1586
1280 0 1536 1329 0 1594
1536 0 1536 1597 0 1597
1792 0 1536 1860 0 1594
2048 0 1536 2119 0 1587
2303 0 1536 2373 0 1579
2559 0 1536 2628 0 1570
2815 0 1536 2881 0 1562
3071 0 1536 3134 0 1554
3327 0 1536 3385 0 1547
3583 0 1536 3634 0 1539
3839 0 1536 3869 0 1531
4095 0 1536 4095 0 1524
0 256 1536 24 277 1580
256 256 1536 265 269 1591
512 256 1536 519 263 1599
768 256 1536 793 260 1602
1024 256 1536 1066 255 1606
1280 256 1536 1337 249 1609
1536 256 1536 1606 241 1607
1792 256 1536 1869 233 1601
2048 256 1536 2127 225 1590
2303 256 1536 2381 215 1581
2559 256 1536 2635 204 1571
2815 256 1536 2887 193 1562
3071 256 1536 3139 179 1554
3327 256 1536 3389 165 1546
3583 256 1536 3638 148 1538
3839 256 1536 3871 88 1529
4095 256 1536 4095 0 1518
0 512 1536 9 539 1597
256 512 1536 248 531 1613
512 512 1536 505 525 1622
768 512 1536 790 523 1620
1024 512 1536 1068 516 1621
1280 512 1536 1343 508 1620
1536 512 1536 1614 497 1615
1792 512 1536 1877 485 1606
2048 512 1536 2134 472 1593
2303 512 1536 2388 457 1582
2559 512 1536 2641 442 1571
2815 512 1536 2893 425 1561
3071 512 1536 3143 406 1553
3327 512 1536 3393 386 1544
3583 512 1536 3641 362 1537
3839 512 1536 3873 281 1526
4095 512 1536 4095 162 1514
0 768 1536 1 805 1606
256 768 1536 236 800 1619
512 768 1536 493 797 1627
768 768 1536 783 794 1631
1024 768 1536 1066 789 1630
1280 768 1536 1345 783 1626
1536 768 1536 1618 774 1619
1792 768 1536 1882 764 1608
2048 768 1536 2140 753 1593
2303 768 1536 2393 741 1581
2559 768 1536 2646 729 1570
2815 768 1536 2898 717 1560
3071 768 1536 3147 704 1551
3327 768 1536 3397 691 1542
3583 768 1536 3644 676 1534
3839 768 1536 3875 631 1523
4095 768 1536 4095 566 1511
0 1024 1536 0 1072 1611
256 1024 1536 218 1070 1620
512 1024 1536 469 1068 1627
768 1024 1536 767 1067 1630
1024 1024 1536 1055 1063 1629
1280 1024 1536 1340 1058 1627
1536 1024 1536 1617 1049 1619
1792 1024 1536 1884 1038 1606
2048 1024 1536 2144 1026 1590
2303 1024 1536 2398 1014 1577
2559 1024 1536 2651 1003 1565
2815 1024 1536 2902 992 1555
3071 1024 1536 3152 980 1546
3327 1024 1536 3402 967 1537
3583 1024 1536 3655 948 1527
3839 1024 1536 3883 921 1517
4095 1024 1536 4095 891 1508
0 1280 1536 0 1339 1613
256 1280 1536 195 1340 1618
512 1280 1536 436 1340 1622
768 1280 1536 746 1340 1624
1024 1280 1536 1040 1337 1624
1280 1280 1536 1329 1332 1622
1536 1280 1536 1613 1323 1614
1792 1280 1536 1884 1311 1600
2048 1280 1536 2147 1297 1583
2303 1280 1536 2401 1285 1571
2559 1280 1536 2655 1273 1559
2815 1280 1536 2907 1261 1548
3071 1280 1536 3158 1250 1539
3327 1280 1536 3409 1235 1529
3583 1280 1536 3665 1211 1518
3839 1280 1536 3891 1197 1510
4095 1280 1536 4095 1189 1504
0 1536 1536 0 1606 1606
256 1536 1536 156 1607 1608
512 1536 1536 382 1608 1609
768 1536 1536 714 1609 1609
1024 1536 1536 1014 1608 1607
1280 1536 1536 1305 1606 1604
1536 1536 1536 1596 1600 1598
1792 1536 1536 1875 1587 1586
2048 1536 1536 2145 1569 1569
2303 1536 1536 2401 1555 1559
2559 1536 1536 2657 1542 1548
2815 1536 1536 2911 1528 1537
3071 1536 1536 3166 1513 1525
3327 1536 1536 3419 1497 1515
3583 1536 1536 3669 1482 1507
3839 1536 1536 3891 1472 1502
4095 1536 1536 4095 1467 1499
0 1792 1536 0 1867 1591
256 1792 1536 99 1869 1590
512 1792 1536 306 1870 1589
768 1792 1536 673 1871 1587
1024 1792 1536 982 1871 1583
1280 1792 1536 1276 1871 1578
1536 1792 1536 1568 1867 1571
1792 1792 1536 1852 1857 1561
2048 1792 1536 2133 1843 1549
2303 1792 1536 2393 1827 1540
2559 1792 1536 2653 1812 1532
2815 1792 1536 2908 1797 1524
3071 1792 1536 3165 1780 1513
3327 1792 1536 3421 1764 1502
3583 1792 1536 3668 1752 1496
3839 1792 1536 3890 1744 1494
4095 1792 1536 4095 1739 1494
0 2048 1536 0 2124 1570
256 2048 1536 31 2126 1567
512 2048 1536 214 2127 1564
768 2048 1536 626 2128 1561
1024 2048 1536 947 2129 1555
1280 2048 1536 1243 2129 1548
1536 2048 1536 1531 2128 1537
1792 2048 1536 1821 2124 1530
2048 2048 1536 2114 2118 1524
2303 2048 1536 2381 2100 1518
2559 2048 1536 2645 2083 1513
2815 2048 1536 2901 2068 1510
3071 2048 1536 3159 2051 1500
3327 2048 1536 3415 2035 1490
3583 2048 1536 3664 2023 1485
3839 2048 1536 3887 2014 1485
4095 2048 1536 4095 2008 1487
0 2303 1536 0 2376 1547
256 2303 1536 12 2378 1544
512 2303 1536 179 2380 1540
768 2303 1536 580 2381 1537
1024 2303 1536 907 2381 1531
1280 2303 1536 1211 2382 1523
1536 2303 1536 1499 2382 1512
1792 2303 1536 1788 2379 1504
2048 2303 1536 2078 2375 1497
2303 2303 1536 2356 2365 1493
2559 2303 1536 2629 2352 1489
2815 2303 1536 2891 2335 1484
3071 2303 1536 3150 2318 1478
3327 2303 1536 3407 2302 1472
3583 2303 1536 3658 2288 1468
3839 2303 1536 3885 2279 1471
4095 2303 1536 4095 2272 1479
0 2559 1536 0 2629 1524
256 2559 1536 0 2630 1520
512 2559 1536 152 2632 1517
768 2559 1536 531 2633 1514
1024 2559 1536 863 2634 1507
1280 2559 1536 1177 2635 1499
1536 2559 1536 1467 2635 1489
1792 2559 1536 1756 2634 1479
2048 2559 1536 2043 2631 1471
2303 2559 1536 2328 2626 1470
2559 2559 1536 2607 2617 1467
2815 2559 1536 2877 2603 1462
3071 2559 1536 3138 2587 1458
3327 2559 1536 3396 2570 1454
3583 2559 1536 3650 2555 1449
3839 2559 1536 3881 2544 1456
4095 2559 1536 4095 2536 1469
0 2815 1536 0 2880 1501
256 2815 1536 0 2881 1498
512 2815 1536 136 2882 1494
768 2815 1536 476 2884 1491
1024 2815 1536 813 2885 1485
1280 2815 1536 1141 2886 1477
1536 2815 1536 1436 2886 1468
1792 2815 1536 1725 2885 1458
2048 2815 1536 2010 2885 1447
2303 2815 1536 2295 2881 1446
2559 2815 1536 2578 2875 1445
2815 2815 1536 2856 2869 1444
3071 2815 1536 3122 2854 1440
3327 2815 1536 3383 2837 1435
3583 2815 1536 3640 2821 1429
3839 2815 1536 3875 2808 1438
4095 2815 1536 4095 2798 1457
0 3071 1536 0 3130 1479
256 3071 1536 0 3131 1476
512 3071 1536 115 3132 1473
768 3071 1536 402 3133 1470
1024 3071 1536 750 3134 1463
1280 3071 1536 1101 3135 1456
1536 3071 1536 1402 3135 1448
1792 3071 1536 1694 3135 1439
2048 3071 1536 1980 3135 1429
2303 3071 1536 2264 3132 1426
2559 3071 1536 2547 3128 1424
2815 3071 1536 2828 3124 1423
3071 3071 1536 3099 3115 1421
3327 3071 1536 3367 3103 1418
3583 3071 1536 3626 3086 1413
3839 3071 1536 3867 3072 1421
4095 3071 1536 4095 3060 1439
0 3327 1536 0 3378 1457
256 3327 1536 0 3379 1455
512 3327 1536 89 3381 1452
768 3327 1536 311 3382 1448
1024 3327 1536 676 3383 1443
1280 3327 1536 1058 3383 1436
1536 3327 1536 1367 3384 1429
1792 3327 1536 1663 3384 1420
2048 3327 1536 1951 3384 1411
2303 3327 1536 2233 3382 1405
2559 3327 1536 2516 3379 1402
2815 3327 1536 2797 3376 1401
3071 3327 1536 3074 3372 1401
3327 3327 1536 3348 3365 1400
3583 3327 1536 3610 3351 1397
3839 3327 1536 3858 3336 1399
4095 3327 1536 4095 3321 1406
0 3583 1536 0 3626 1436
256 3583 1536 0 3627 1434
512 3583 1536 48 3628 1431
768 3583 1536 169 3629 1428
1024 3583 1536 569 3630 1422
1280 3583 1536 1009 3630 1416
1536 3583 1536 1328 3631 1409
1792 3583 1536 1629 3631 1401
2048 3583 1536 1920 3631 1391
2303 3583 1536 2202 3630 1384
2559 3583 1536 2485 3628 1380
2815 3583 1536 2767 3625 1380
3071 3583 1536 3045 3622 1380
3327 3583 1536 3320 3617 1380
3583 3583 1536 3590 3610 1379
3839 3583 1536 3847 3598 1355
4095 3583 1536 4095 3583 1316
0 3839 1536 0 3862 1423
256 3839 1536 0 3864 1428
512 3839 1536 78 3865 1434
768 3839 1536 274 3865 1442
1024 3839 1536 659 3866 1442
1280 3839 1536 1065 3866 1440
1536 3839 1536 1371 3867 1437
1792 3839 1536 1663 3867 1432
2048 3839 1536 1946 3867 1427
2303 3839 1536 2222 3866 1424
2559 3839 1536 2498 3866 1422
2815 3839 1536 2772 3864 1423
3071 3839 1536 3044 3862 1426
3327 3839 1536 3315 3859 1430
3583 3839 1536 3583 3856 1434
3839 3839 1536 3838 3846 1416
4095 3839 1536 4085 3830 1383
0 4095 1536 0 4091 1417
256 4095 1536 0 4093 1432
512 4095 1536 156 4095 1453
768 4095 1536 546 4095 1480
1024 4095 1536 879 4095 1489
1280 4095 1536 1190 4095 1494
1536 4095 1536 1469 4095 1495
1792 4095 1536 1741 4095 1497
2048 4095 1536 2010 4095 1499
2303 4095 1536 2275 4095 1503
2559 4095 1536 2539 4095 1507
2815 4095 1536 2801 4095 1510
3071 4095 1536 3063 4095 1518
3327 4095 1536 3324 4095 1527
3583 4095 1536 3583 4094 1539
3839 4095 1536 3830 4084 1548
4095 4095 1536 4070 4066 1555
0 0 1792 62 18 1814
256 0 1792 295 15 1813
512 0 1792 536 11 1817
768 0 1792 792 6 1829
1024 0 1792 1055 3 1839
1280 0 1792 1321 0 1848
1536 0 1792 1589 0 1854
1792 0 1792 1854 0 1854
2048 0 1792 2117 0 1852
2303 0 1792 2372 0 1843
2559 0 1792 2627 0 1835
2815 0 1792 2880 0 1826
3071 0 1792 3133 0 1818
3327 0 1792 3384 0 1810
3583 0 1792 3633 0 1801
3839 0 1792 3869 0 1792
4095 0 1792 4095 0 1784
0 256 1792 29 275 1834
256 256 1792 265 268 1845
512 256 1792 516 263 1851
768 256 1792 788 261 1853
1024 256 1792 1058 256 1858
1280 256 1792 1327 250 1864
1536 256 1792 1597 243 1866
1792 256 1792 1862 235 1863
2048 256 1792 2125 226 1857
2303 256 1792 2379 217 1847
2559 256 1792 2634 206 1837
2815 256 1792 2886 195 1827
3071 256 1792 3138 181 1818
3327 256 1792 3388 167 1809
3583 256 1792 3637 150 1801
3839 256 1792 3871 90 1791
4095 256 1792 4095 0 1781
0 512 1792 7 535 1851
256 512 1792 244 527 1867
512 512 1792 499 522 1875
768 512 1792 783 521 1872
1024 512 1792 1058 516 1874
1280 512 1792 1330 508 1876
1536 512 1792 1603 498 1876
1792 512 1792 1869 487 1871
2048 512 1792 2131 474 1862
2303 512 1792 2386 460 1850
2559 512 1792 2640 444 1839
2815 512 1792 2891 428 1828
3071 512 1792 3142 409 1818
3327 512 1792 3392 389 1809
3583 512 1792 3640 365 1800
3839 512 1792 3873 283 1789
4095 512 1792 4095 161 1778
0 768 1792 1 799 1861
256 768 1792 233 794 1874
512 768 1792 487 791 1883
768 768 1792 774 789 1886
1024 768 1792 1054 785 1885
1280 768 1792 1331 780 1884
1536 768 1792 1606 773 1882
1792 768 1792 1873 764 1875
2048 768 1792 2136 754 1865
2303 768 1792 2390 742 1851
2559 768 1792 2644 731 1839
2815 768 1792 2896 718 1827
3071 768 1792 3146 705 1817
3327 768 1792 3395 692 1807
3583 768 1792 3643 677 1798
3839 768 1792 3875 632 1787
4095 768 1792 4095 565 1775
0 1024 1792 0 1064 1867
256 1024 1792 217 1062 1878
512 1024 1792 465 1060 1885
768 1024 1792 760 1059 1889
1024 1024 1792 1045 1055 1890
1280 1024 1792 1326 1051 1889
1536 1024 1792 1605 1045 1886
1792 1024 1792 1875 1036 1877
2048 1024 1792 2140 1026 1865
2303 1024 1792 2395 1015 1850
2559 1024 1792 2649 1004 1837
2815 1024 1792 2901 992 1825
3071 1024 1792 3151 981 1814
3327 1024 1792 3401 968 1803
3583 1024 1792 3654 949 1793
3839 1024 1792 3882 921 1782
4095 1024 1792 4095 889 1772
0 1280 1792 0 1330 1871
256 1280 1792 194 1330 1879
512 1280 1792 434 1330 1885
768 1280 1792 742 1329 1888
1024 1280 1792 1032 1326 1890
1280 1280 1792 1317 1323 1891
1536 1280 1792 1601 1317 1887
1792 1280 1792 1875 1308 1877
2048 1280 1792 2143 1297 1863
2303 1280 1792 2399 1285 1847
2559 1280 1792 2653 1273 1833
2815 1280 1792 2905 1261 1820
3071 1280 1792 3156 1250 1809
3327 1280 1792 3408 1236 1798
3583 1280 1792 3664 1211 1786
3839 1280 1792 3890 1197 1777
4095 1280 1792 4095 1188 1769
0 1536 1792 0 1598 1871
256 1536 1792 157 1599 1875
512 1536 1792 384 1599 1879
768 1536 1792 713 1600 1880
1024 1536 1792 1010 1598 1881
1280 1536 1792 1299 1596 1881
1536 1536 1792 1588 1591 1878
1792 1536 1792 1868 1581 1868
2048 1536 1792 2143 1567 1854
2303 1536 1792 2400 1553 1838
2559 1536 1792 2657 1540 1824
2815 1536 1792 2910 1528 1812
3071 1536 1792 3164 1513 1799
3327 1536 1792 3418 1497 1787
3583 1536 1792 3668 1481 1778
3839 1536 1792 3891 1472 1770
4095 1536 1792 4095 1466 1765
0 1792 1792 0 1862 1862
256 1792 1792 101 1863 1864
512 1792 1792 308 1864 1865
768 1792 1792 674 1865 1865
1024 1792 1792 982 1865 1864
1280 1792 1792 1274 1864 1862
1536 1792 1792 1563 1861 1857
1792 1792 1792 1845 1849 1845
2048 1792 1792 2123 1831 1828
2303 1792 1792 2391 1821 1820
2559 1792 1792 2655 1809 1810
2815 1792 1792 2910 1795 1800
3071 1792 1792 3167 1779 1787
3327 1792 1792 3421 1763 1775
3583 1792 1792 3668 1751 1768
3839 1792 1792 3890 1744 1763
4095 1792 1792 4095 1739 1760
0 2048 1792 0 2123 1848
256 2048 1792 31 2124 1847
512 2048 1792 215 2126 1846
768 2048 1792 627 2126 1845
1024 2048 1792 948 2127 1842
1280 2048 1792 1244 2127 1837
1536 2048 1792 1531 2126 1829
1792 2048 1792 1812 2113 1813
2048 2048 1792 2090 2092 1791
2303 2048 1792 2375 2087 1794
2559 2048 1792 2650 2079 1793
2815 2048 1792 2908 2063 1785
3071 2048 1792 3165 2047 1773
3327 2048 1792 3420 2031 1761
3583 2048 1792 3665 2021 1757
3839 2048 1792 3887 2014 1755
4095 2048 1792 4095 2008 1754
0 2303 1792 0 2376 1825
256 2303 1792 12 2377 1824
512 2303 1792 180 2379 1822
768 2303 1792 582 2379 1820
1024 2303 1792 908 2380 1816
1280 2303 1792 1211 2381 1810
1536 2303 1792 1499 2381 1802
1792 2303 1792 1784 2375 1789
2048 2303 1792 2067 2365 1774
2303 2303 1792 2354 2360 1773
2559 2303 1792 2633 2350 1769
2815 2303 1792 2897 2332 1760
3071 2303 1792 3156 2315 1752
3327 2303 1792 3412 2299 1745
3583 2303 1792 3659 2287 1742
3839 2303 1792 3885 2278 1743
4095 2303 1792 4095 2271 1746
0 2559 1792 0 2628 1802
256 2559 1792 0 2630 1800
512 2559 1792 152 2631 1798
768 2559 1792 532 2632 1795
1024 2559 1792 863 2633 1790
1280 2559 1792 1177 2634 1784
1536 2559 1792 1467 2634 1775
1792 2559 1792 1754 2633 1765
2048 2559 1792 2040 2632 1754
2303 2559 1792 2328 2626 1750
2559 2559 1792 2609 2617 1744
2815 2559 1792 2881 2601 1738
3071 2559 1792 3143 2584 1732
3327 2559 1792 3401 2568 1727
3583 2559 1792 3653 2554 1725
3839 2559 1792 3881 2543 1729
4095 2559 1792 4095 2535 1738
0 2815 1792 0 2880 1779
256 2815 1792 0 2881 1777
512 2815 1792 136 2882 1774
768 2815 1792 477 2883 1772
1024 2815 1792 813 2884 1766
1280 2815 1792 1141 2885 1760
1536 2815 1792 1435 2886 1752
1792 2815 1792 1723 2886 1741
2048 2815 1792 2008 2885 1729
2303 2815 1792 2293 2881 1724
2559 2815 1792 2578 2876 1720
2815 2815 1792 2859 2868 1718
3071 2815 1792 3126 2853 1712
3327 2815 1792 3388 2836 1706
3583 2815 1792 3644 2819 1702
3839 2815 1792 3877 2807 1711
4095 2815 1792 4095 2798 1728
0 3071 1792 0 3129 1757
256 3071 1792 0 3131 1754
512 3071 1792 115 3132 1752
768 3071 1792 403 3133 1749
1024 3071 1792 751 3134 1744
1280 3071 1792 1100 3135 1737
1536 3071 1792 1401 3135 1730
1792 3071 1792 1693 3135 1720
2048 3071 1792 1978 3135 1709
2303 3071 1792 2261 3133 1702
2559 3071 1792 2545 3129 1697
2815 3071 1792 2828 3124 1696
3071 3071 1792 3102 3114 1693
3327 3071 1792 3371 3102 1689
3583 3071 1792 3630 3085 1684
3839 3071 1792 3869 3071 1694
4095 3071 1792 4095 3059 1715
0 3327 1792 0 3378 1734
256 3327 1792 0 3379 1732
512 3327 1792 89 3381 1730
768 3327 1792 312 3382 1727
1024 3327 1792 676 3383 1722
1280 3327 1792 1058 3383 1715
1536 3327 1792 1366 3384 1709
1792 3327 1792 1662 3384 1700
2048 3327 1792 1949 3384 1691
2303 3327 1792 2230 3383 1681
2559 3327 1792 2513 3381 1674
2815 3327 1792 2796 3377 1673
3071 3327 1792 3075 3372 1673
3327 3327 1792 3350 3365 1671
3583 3327 1792 3614 3350 1666
3839 3327 1792 3860 3335 1674
4095 3327 1792 4095 3321 1690
0 3583 1792 0 3625 1712
256 3583 1792 0 3627 1711
512 3583 1792 48 3628 1708
768 3583 1792 169 3629 1706
1024 3583 1792 569 3630 1700
1280 3583 1792 1009 3631 1695
1536 3583 1792 1327 3631 1688
1792 3583 1792 1629 3631 1680
2048 3583 1792 1919 3632 1671
2303 3583 1792 2200 3631 1661
2559 3583 1792 2482 3629 1654
2815 3583 1792 2765 3626 1652
3071 3583 1792 3044 3623 1651
3327 3583 1792 3321 3618 1650
3583 3583 1792 3593 3610 1649
3839 3583 1792 3849 3597 1639
4095 3583 1792 4095 3582 1623
0 3839 1792 0 3862 1705
256 3839 1792 0 3864 1709
512 3839 1792 80 3865 1713
768 3839 1792 281 3866 1717
1024 3839 1792 662 3866 1715
1280 3839 1792 1064 3867 1712
1536 3839 1792 1370 3867 1709
1792 3839 1792 1663 3867 1705
2048 3839 1792 1945 3867 1700
2303 3839 1792 2220 3867 1694
2559 3839 1792 2496 3866 1691
2815 3839 1792 2771 3865 1690
3071 3839 1792 3043 3862 1692
3327 3839 1792 3315 3860 1695
3583 3839 1792 3584 3857 1699
3839 3839 1792 3840 3847 1693
4095 3839 1792 4089 3832 1682
0 4095 1792 0 4091 1707
256 4095 1792 0 4094 1720
512 4095 1792 161 4095 1734
768 4095 1792 564 4095 1750
1024 4095 1792 889 4095 1754
1280 4095 1792 1189 4095 1755
1536 4095 1792 1468 4095 1757
1792 4095 1792 1741 4095 1758
2048 4095 1792 2010 4095 1760
2303 4095 1792 2275 4095 1763
2559 4095 1792 2539 4095 1766
2815 4095 1792 2801 4095 1768
3071 4095 1792 3062 4095 1775
3327 4095 1792 3323 4095 1783
3583 4095 1792 3583 4095 1794
3839 4095 1792 3833 4087 1808
4095 4095 1792 4078 4073 1825
0 0 2048 78 23 2071
256 0 2048 305 20 2067
512 0 2048 541 16 2069
768 0 2048 791 12 2080
1024 0 2048 1051 5 2091
1280 0 2048 1314 0 2100
1536 0 2048 1580 0 2107
1792 0 2048 1847 0 2111
2048 0 2048 2114 0 2116
2303 0 2048 2370 0 2107
2559 0 2048 2626 0 2099
2815 0 2048 2879 0 2090
3071 0 2048 3132 0 2081
3327 0 2048 3383 0 2072
3583 0 2048 3632 0 2063
3839 0 2048 3868 0 2054
4095 0 2048 4095 0 2044
0 256 2048 33 275 2089
256 256 2048 267 268 2098
512 256 2048 515 264 2102
768 256 2048 785 264 2102
1024 256 2048 1051 258 2108
1280 256 2048 1317 251 2116
1536 256 2048 1585 244 2120
1792 256 2048 1853 237 2122
2048 256 2048 2121 228 2123
2303 256 2048 2377 218 2113
2559 256 2048 2632 208 2103
2815 256 2048 2885 197 2092
3071 256 2048 3136 184 2082
3327 256 2048 3387 169 2073
3583 256 2048 3635 153 2063
3839 256 2048 3870 91 2053
4095 256 2048 4095 0 2043
0 512 2048 5 530 2104
256 512 2048 241 523 2119
512 512 2048 495 520 2126
768 512 2048 777 521 2122
1024 512 2048 1049 516 2124
1280 512 2048 1319 509 2129
1536 512 2048 1589 499 2131
1792 512 2048 1858 488 2131
2048 512 2048 2127 476 2130
2303 512 2048 2383 462 2118
2559 512 2048 2637 447 2106
2815 512 2048 2890 431 2094
3071 512 2048 3141 412 2083
3327 512 2048 3390 392 2073
3583 512 2048 3639 369 2063
3839 512 2048 3872 285 2052
4095 512 2048 4095 161 2041
0 768 2048 1 793 2114
256 768 2048 231 789 2127
512 768 2048 482 786 2136
768 768 2048 767 784 2139
1024 768 2048 1044 781 2138
1280 768 2048 1319 778 2137
1536 768 2048 1591 770 2138
1792 768 2048 1862 763 2137
2048 768 2048 2132 755 2134
2303 768 2048 2387 743 2121
2559 768 2048 2642 732 2107
2815 768 2048 2894 720 2094
3071 768 2048 3144 707 2083
3327 768 2048 3394 694 2072
3583 768 2048 3642 679 2062
3839 768 2048 3874 632 2051
4095 768 2048 4095 563 2040
0 1024 2048 0 1056 2121
256 1024 2048 215 1055 2132
512 1024 2048 461 1053 2141
768 1024 2048 754 1051 2145
1024 1024 2048 1035 1049 2146
1280 1024 2048 1313 1045 2146
1536 1024 2048 1589 1039 2145
1792 1024 2048 1863 1033 2142
2048 1024 2048 2136 1027 2138
2303 1024 2048 2391 1015 2122
2559 1024 2048 2646 1004 2108
2815 1024 2048 2898 993 2094
3071 1024 2048 3149 982 2082
3327 1024 2048 3399 969 2070
3583 1024 2048 3651 952 2059
3839 1024 2048 3881 923 2048
4095 1024 2048 4095 887 2037
0 1280 2048 0 1320 2127
256 1280 2048 194 1320 2137
512 1280 2048 432 1320 2143
768 1280 2048 737 1319 2146
1024 1280 2048 1024 1317 2150
1280 1280 2048 1305 1313 2153
1536 1280 2048 1585 1308 2151
1792 1280 2048 1862 1303 2146
2048 1280 2048 2138 1297 2140
2303 1280 2048 2395 1285 2123
2559 1280 2048 2651 1273 2107
2815 1280 2048 2903 1262 2092
3071 1280 2048 3154 1251 2079
3327 1280 2048 3405 1237 2067
3583 1280 2048 3661 1215 2055
3839 1280 2048 3887 1199 2044
4095 1280 2048 4095 1187 2034
0 1536 2048 0 1587 2130
256 1536 2048 159 1588 2137
512 1536 2048 385 1588 2141
768 1536 2048 711 1587 2143
1024 1536 2048 1006 1586 2146
1280 1536 2048 1291 1583 2148
1536 1536 2048 1574 1579 2149
1792 1536 2048 1856 1573 2145
2048 1536 2048 2137 1567 2139
2303 1536 2048 2396 1553 2120
2559 1536 2048 2654 1540 2102
2815 1536 2048 2907 1528 2087
3071 1536 2048 3161 1514 2073
3327 1536 2048 3414 1499 2061
3583 1536 2048 3666 1482 2049
3839 1536 2048 3890 1472 2039
4095 1536 2048 4095 1465 2031
0 1792 2048 0 1854 2129
256 1792 2048 103 1855 2132
512 1792 2048 311 1855 2135
768 1792 2048 674 1856 2137
1024 1792 2048 981 1855 2138
1280 1792 2048 1271 1854 2139
1536 1792 2048 1556 1851 2140
1792 1792 2048 1832 1836 2126
2048 1792 2048 2104 1815 2104
2303 1792 2048 2384 1813 2100
2559 1792 2048 2656 1807 2091
2815 1792 2048 2912 1793 2076
3071 1792 2048 3166 1778 2063
3327 1792 2048 3418 1764 2051
3583 1792 2048 3667 1751 2040
3839 1792 2048 3890 1743 2032
4095 1792 2048 4095 1738 2026
0 2048 2048 0 2121 2124
256 2048 2048 33 2122 2125
512 2048 2048 218 2123 2126
768 2048 2048 630 2124 2127
1024 2048 2048 952 2124 2127
1280 2048 2048 1248 2124 2126
1536 2048 2048 1533 2123 2125
1792 2048 2048 1797 2095 2095
2048 2048 2048 2048 2048 2048
2303 2048 2048 2363 2068 2069
2559 2048 2048 2656 2074 2076
2815 2048 2048 2917 2057 2061
3071 2048 2048 3170 2043 2049
3327 2048 2048 3420 2030 2039
3583 2048 2048 3665 2021 2031
3839 2048 2048 3887 2013 2025
4095 2048 2048 4095 2007 2020
0 2303 2048 0 2374 2103
256 2303 2048 13 2376 2103
512 2303 2048 181 2377 2103
768 2303 2048 584 2378 2102
1024 2303 2048 910 2378 2100
1280 2303 2048 1214 2379 2098
1536 2303 2048 1500 2379 2093
1792 2303 2048 1777 2368 2076
2048 2303 2048 2049 2349 2051
2303 2303 2048 2349 2352 2053
2559 2303 2048 2637 2347 2050
2815 2303 2048 2903 2328 2038
3071 2303 2048 3161 2312 2028
3327 2303 2048 3414 2297 2021
3583 2303 2048 3660 2286 2018
3839 2303 2048 3884 2278 2015
4095 2303 2048 4095 2271 2014
0 2559 2048 0 2627 2080
256 2559 2048 0 2629 2079
512 2559 2048 153 2630 2078
768 2559 2048 534 2631 2077
1024 2559 2048 865 2632 2074
1280 2559 2048 1179 2633 2070
1536 2559 2048 1467 2633 2063
1792 2559 2048 1753 2633 2053
2048 2559 2048 2038 2632 2042
2303 2559 2048 2327 2626 2033
2559 2559 2048 2611 2616 2024
2815 2559 2048 2885 2599 2015
3071 2559 2048 3148 2581 2007
3327 2559 2048 3406 2565 2001
3583 2559 2048 3654 2553 2001
3839 2559 2048 3881 2543 2003
4095 2559 2048 4095 2535 2006
0 2815 2048 0 2878 2056
256 2815 2048 0 2880 2055
512 2815 2048 137 2882 2054
768 2815 2048 479 2883 2052
1024 2815 2048 815 2884 2048
1280 2815 2048 1142 2884 2043
1536 2815 2048 1435 2885 2036
1792 2815 2048 1722 2885 2026
2048 2815 2048 2007 2885 2016
2303 2815 2048 2292 2881 2005
2559 2815 2048 2577 2876 1997
2815 2815 2048 2861 2868 1993
3071 2815 2048 3130 2851 1986
3327 2815 2048 3393 2833 1979
3583 2815 2048 3647 2818 1979
3839 2815 2048 3878 2806 1986
4095 2815 2048 4095 2798 1997
0 3071 2048 0 3128 2034
256 3071 2048 0 3130 2032
512 3071 2048 116 3132 2030
768 3071 2048 405 3133 2028
1024 3071 2048 752 3133 2024
1280 3071 2048 1101 3134 2019
1536 3071 2048 1401 3135 2012
1792 3071 2048 1692 3135 2003
2048 3071 2048 1977 3135 1992
2303 3071 2048 2259 3133 1979
2559 3071 2048 2543 3130 1971
2815 3071 2048 2829 3125 1969
3071 3071 2048 3104 3114 1965
3327 3071 2048 3375 3101 1960
3583 3071 2048 3634 3084 1957
3839 3071 2048 3871 3070 1967
4095 3071 2048 4095 3059 1987
0 3327 2048 0 3378 2011
256 3327 2048 0 3379 2009
512 3327 2048 90 3381 2007
768 3327 2048 313 3382 2005
1024 3327 2048 678 3382 2000
1280 3327 2048 1058 3383 1995
1536 3327 2048 1366 3384 1988
1792 3327 2048 1661 3384 1980
2048 3327 2048 1948 3384 1970
2303 3327 2048 2227 3384 1956
2559 3327 2048 2509 3382 1947
2815 3327 2048 2795 3378 1945
3071 3327 2048 3076 3372 1944
3327 3327 2048 3353 3365 1942
3583 3327 2048 3617 3349 1935
3839 3327 2048 3863 3334 1948
4095 3327 2048 4095 3320 1973
0 3583 2048 0 3625 1988
256 3583 2048 0 3626 1986
512 3583 2048 48 3628 1985
768 3583 2048 169 3629 1982
1024 3583 2048 570 3630 1978
1280 3583 2048 1009 3631 1973
1536 3583 2048 1327 3631 1967
1792 3583 2048 1628 3631 1959
2048 3583 2048 1917 3632 1949
2303 3583 2048 2198 3631 1938
2559 3583 2048 2480 3630 1929
2815 3583 2048 2763 3627 1923
3071 3583 2048 3044 3623 1921
3327 3583 2048 3322 3618 1920
3583 3583 2048 3595 3610 1918
3839 3583 2048 3851 3597 1928
4095 3583 2048 4095 3581 1948
0 3839 2048 0 3863 1987
256 3839 2048 0 3864 1989
512 3839 2048 80 3865 1990
768 3839 2048 280 3866 1989
1024 3839 2048 662 3866 1986
1280 3839 2048 1064 3867 1983
1536 3839 2048 1370 3867 1980
1792 3839 2048 1662 3867 1976
2048 3839 2048 1944 3867 1970
2303 3839 2048 2219 3867 1965
2559 3839 2048 2494 3867 1960
2815 3839 2048 2769 3865 1956
3071 3839 2048 3042 3863 1956
3327 3839 2048 3315 3860 1958
3583 3839 2048 3585 3857 1962
3839 3839 2048 3843 3848 1975
4095 3839 2048 4094 3836 1995
0 4095 2048 0 4095 2002
256 4095 2048 0 4095 2009
512 4095 2048 161 4095 2014
768 4095 2048 562 4095 2015
1024 4095 2048 887 4095 2015
1280 4095 2048 1188 4095 2016
1536 4095 2048 1467 4095 2017
1792 4095 2048 1740 4095 2018
2048 4095 2048 2010 4095 2020
2303 4095 2048 2274 4095 2021
2559 4095 2048 2537 4095 2023
2815 4095 2048 2800 4095 2026
3071 4095 2048 3062 4095 2031
3327 4095 2048 3323 4095 2037
3583 4095 2048 3582 4095 2048
3839 4095 2048 3838 4092 2066
4095 4095 2048 4092 4087 2090
0 0 2303 101 30 2322
256 0 2303 319 27 2316
512 0 2303 548 23 2317
768 0 2303 793 18 2328
1024 0 2303 1049 11 2338
1280 0 2303 1309 5 2348
1536 0 2303 1572 1 2356
1792 0 2303 1837 0 2361
2048 0 2303 2102 0 2365
2303 0 2303 2364 0 2364
2559 0 2303 2623 0 2360
2815 0 2303 2877 0 2351
3071 0 2303 3129 0 2342
3327 0 2303 3381 0 2333
3583 0 2303 3631 0 2323
3839 0 2303 3867 0 2313
4095 0 2303 4095 0 2303
0 256 2303 42 275 2340
256 256 2303 272 270 2347
512 256 2303 517 266 2351
768 256 2303 784 266 2349
1024 256 2303 1047 261 2355
1280 256 2303 1310 254 2363
1536 256 2303 1576 247 2368
1792 256 2303 1842 239 2372
2048 256 2303 2108 231 2374
2303 256 2303 2370 221 2371
2559 256 2303 2629 211 2365
2815 256 2303 2882 200 2354
3071 256 2303 3134 187 2344
3327 256 2303 3385 173 2334
3583 256 2303 3634 156 2324
3839 256 2303 3869 94 2314
4095 256 2303 4095 0 2304
0 512 2303 5 527 2354
256 512 2303 240 521 2368
512 512 2303 493 518 2375
768 512 2303 774 520 2369
1024 512 2303 1044 516 2372
1280 512 2303 1311 510 2376
1536 512 2303 1578 502 2379
1792 512 2303 1846 491 2381
2048 512 2303 2113 480 2381
2303 512 2303 2375 466 2376
2559 512 2303 2634 451 2369
2815 512 2303 2887 434 2357
3071 512 2303 3138 416 2346
3327 512 2303 3388 396 2335
3583 512 2303 3637 373 2324
3839 512 2303 3871 288 2314
4095 512 2303 4095 160 2305
0 768 2303 1 789 2364
256 768 2303 230 785 2376
512 768 2303 480 782 2385
768 768 2303 762 781 2388
1024 768 2303 1037 778 2387
1280 768 2303 1309 775 2386
1536 768 2303 1579 769 2388
1792 768 2303 1848 762 2388
2048 768 2303 2117 754 2387
2303 768 2303 2379 744 2381
2559 768 2303 2638 734 2372
2815 768 2303 2891 722 2359
3071 768 2303 3142 709 2347
3327 768 2303 3392 696 2335
3583 768 2303 3640 682 2324
3839 768 2303 3873 632 2314
4095 768 2303 4095 559 2304
0 1024 2303 0 1051 2372
256 1024 2303 214 1049 2382
512 1024 2303 459 1047 2390
768 1024 2303 749 1046 2394
1024 1024 2303 1028 1043 2396
1280 1024 2303 1304 1040 2397
1536 1024 2303 1577 1034 2400
1792 1024 2303 1849 1029 2398
2048 1024 2303 2120 1023 2393
2303 1024 2303 2382 1015 2385
2559 1024 2303 2642 1005 2374
2815 1024 2303 2895 995 2360
3071 1024 2303 3146 983 2347
3327 1024 2303 3397 971 2334
3583 1024 2303 3648 955 2323
3839 1024 2303 3878 924 2312
4095 1024 2303 4095 884 2302
0 1280 2303 0 1313 2379
256 1280 2303 194 1313 2388
512 1280 2303 431 1312 2394
768 1280 2303 733 1311 2398
1024 1280 2303 1017 1309 2402
1280 1280 2303 1296 1306 2406
1536 1280 2303 1573 1300 2410
1792 1280 2303 1848 1295 2406
2048 1280 2303 2121 1291 2397
2303 1280 2303 2385 1283 2388
2559 1280 2303 2646 1274 2376
2815 1280 2303 2900 1263 2360
3071 1280 2303 3151 1252 2346
3327 1280 2303 3403 1239 2333
3583 1280 2303 3656 1219 2321
3839 1280 2303 3884 1202 2310
4095 1280 2303 4095 1185 2299
0 1536 2303 0 1578 2384
256 1536 2303 161 1578 2390
512 1536 2303 387 1578 2395
768 1536 2303 709 1578 2398
1024 1536 2303 1000 1576 2401
1280 1536 2303 1283 1574 2404
1536 1536 2303 1562 1569 2407
1792 1536 2303 1841 1564 2405
2048 1536 2303 2120 1559 2400
2303 1536 2303 2386 1550 2389
2559 1536 2303 2649 1540 2375
2815 1536 2303 2904 1528 2358
3071 1536 2303 3157 1515 2344
3327 1536 2303 3410 1501 2330
3583 1536 2303 3664 1483 2317
3839 1536 2303 3889 1471 2306
4095 1536 2303 4095 1464 2295
0 1792 2303 0 1843 2384
256 1792 2303 109 1844 2388
512 1792 2303 318 1844 2392
768 1792 2303 674 1844 2394
1024 1792 2303 977 1843 2396
1280 1792 2303 1266 1842 2398
1536 1792 2303 1547 1839 2400
1792 1792 2303 1826 1831 2395
2048 1792 2303 2102 1819 2386
2303 1792 2303 2380 1815 2380
2559 1792 2303 2650 1807 2370
2815 1792 2303 2909 1792 2353
3071 1792 2303 3163 1778 2337
3327 1792 2303 3415 1765 2323
3583 1792 2303 3666 1750 2311
3839 1792 2303 3890 1742 2300
4095 1792 2303 4095 1737 2290
0 2048 2303 0 2109 2382
256 2048 2303 45 2109 2384
512 2048 2303 232 2110 2386
768 2048 2303 633 2111 2388
1024 2048 2303 950 2111 2389
1280 2048 2303 1244 2110 2390
1536 2048 2303 1528 2109 2391
1792 2048 2303 1804 2096 2379
2048 2048 2303 2074 2076 2360
2303 2048 2303 2368 2079 2366
2559 2048 2303 2651 2073 2362
2815 2048 2303 2916 2055 2345
3071 2048 2303 3169 2041 2329
3327 2048 2303 3419 2029 2314
3583 2048 2303 3664 2019 2303
3839 2048 2303 3887 2012 2294
4095 2048 2303 4095 2006 2285
0 2303 2303 0 2369 2370
256 2303 2303 17 2370 2372
512 2303 2303 187 2371 2373
768 2303 2303 586 2372 2373
1024 2303 2303 912 2372 2373
1280 2303 2303 1215 2372 2372
1536 2303 2303 1500 2371 2371
1792 2303 2303 1781 2366 2363
2048 2303 2303 2060 2357 2353
2303 2303 2303 2337 2340 2336
2559 2303 2303 2617 2328 2325
2815 2303 2303 2901 2322 2322
3071 2303 2303 3161 2310 2311
3327 2303 2303 3413 2296 2300
3583 2303 2303 3659 2285 2291
3839 2303 2303 3884 2277 2285
4095 2303 2303 4095 2270 2279
0 2559 2303 0 2626 2354
256 2559 2303 0 2628 2355
512 2559 2303 153 2629 2355
768 2559 2303 535 2629 2354
1024 2559 2303 868 2630 2353
1280 2559 2303 1182 2630 2351
1536 2559 2303 1470 2631 2347
1792 2559 2303 1755 2630 2342
2048 2559 2303 2038 2629 2336
2303 2559 2303 2309 2606 2310
2559 2559 2303 2590 2593 2296
2815 2559 2303 2883 2593 2299
3071 2559 2303 3149 2579 2291
3327 2559 2303 3406 2564 2281
3583 2559 2303 3654 2552 2277
3839 2559 2303 3881 2542 2274
4095 2559 2303 4095 2534 2272
0 2815 2303 0 2878 2331
256 2815 2303 0 2879 2331
512 2815 2303 137 2881 2330
768 2815 2303 479 2881 2329
1024 2815 2303 817 2882 2327
1280 2815 2303 1144 2883 2324
1536 2815 2303 1437 2883 2319
1792 2815 2303 1723 2883 2312
2048 2815 2303 2005 2883 2304
2303 2815 2303 2286 2878 2290
2559 2815 2303 2571 2872 2280
2815 2815 2303 2862 2866 2275
3071 2815 2303 3133 2849 2265
3327 2815 2303 3397 2831 2256
3583 2815 2303 3647 2817 2257
3839 2815 2303 3878 2806 2260
4095 2815 2303 4095 2797 2265
0 3071 2303 0 3127 2308
256 3071 2303 0 3129 2307
512 3071 2303 116 3131 2306
768 3071 2303 405 3132 2305
1024 3071 2303 753 3132 2302
1280 3071 2303 1103 3133 2298
1536 3071 2303 1402 3134 2293
1792 3071 2303 1691 3134 2286
2048 3071 2303 1976 3134 2277
2303 3071 2303 2256 3133 2265
2559 3071 2303 2541 3130 2255
2815 3071 2303 2828 3124 2248
3071 3071 2303 3106 3113 2241
3327 3071 2303 3379 3099 2234
3583 3071 2303 3637 3082 2229
3839 3071 2303 3873 3069 2237
4095 3071 2303 4095 3059 2255
0 3327 2303 0 3376 2285
256 3327 2303 0 3378 2284
512 3327 2303 90 3380 2283
768 3327 2303 314 3381 2281
1024 3327 2303 679 3382 2278
1280 3327 2303 1060 3382 2273
1536 3327 2303 1365 3383 2267
1792 3327 2303 1660 3384 2260
2048 3327 2303 1946 3384 2251
2303 3327 2303 2225 3384 2239
2559 3327 2303 2507 3382 2228
2815 3327 2303 2792 3378 2220
3071 3327 2303 3075 3373 2217
3327 3327 2303 3356 3364 2213
3583 3327 2303 3623 3347 2201
3839 3327 2303 3867 3332 2214
4095 3327 2303 4095 3320 2244
0 3583 2303 0 3624 2262
256 3583 2303 0 3626 2261
512 3583 2303 50 3627 2260
768 3583 2303 173 3628 2258
1024 3583 2303 573 3629 2254
1280 3583 2303 1010 3630 2250
1536 3583 2303 1325 3631 2244
1792 3583 2303 1625 3631 2236
2048 3583 2303 1915 3632 2228
2303 3583 2303 2196 3632 2217
2559 3583 2303 2477 3631 2206
2815 3583 2303 2758 3629 2195
3071 3583 2303 3041 3624 2192
3327 3583 2303 3323 3618 2190
3583 3583 2303 3598 3609 2186
3839 3583 2303 3853 3596 2200
4095 3583 2303 4095 3580 2228
0 3839 2303 0 3863 2247
256 3839 2303 0 3864 2249
512 3839 2303 72 3865 2251
768 3839 2303 253 3865 2253
1024 3839 2303 645 3866 2254
1280 3839 2303 1063 3866 2253
1536 3839 2303 1367 3867 2250
1792 3839 2303 1659 3867 2245
2048 3839 2303 1942 3867 2241
2303 3839 2303 2217 3867 2235
2559 3839 2303 2492 3867 2229
2815 3839 2303 2765 3866 2222
3071 3839 2303 3040 3864 2221
3327 3839 2303 3314 3860 2222
3583 3839 2303 3586 3857 2225
3839 3839 2303 3843 3848 2240
4095 3839 2303 4092 3835 2263
0 4095 2303 0 4095 2238
256 4095 2303 0 4095 2245
512 4095 2303 137 4095 2252
768 4095 2303 478 4095 2262
1024 4095 2303 837 4095 2269
1280 4095 2303 1184 4095 2275
1536 4095 2303 1463 4095 2276
1792 4095 2303 1737 4095 2277
2048 4095 2303 2007 4095 2278
2303 4095 2303 2271 4095 2279
2559 4095 2303 2536 4095 2281
2815 4095 2303 2800 4095 2283
3071 4095 2303 3061 4095 2287
3327 4095 2303 3322 4095 2292
3583 4095 2303 3582 4095 2301
3839 4095 2303 3836 4091 2315
4095 4095 2303 4088 4084 2334
0 0 2559 126 37 2573
256 0 2559 334 35 2567
512 0 2559 555 31 2566
768 0 2559 795 26 2576
1024 0 2559 1047 18 2586
1280 0 2559 1304 11 2596
1536 0 2559 1565 3 2604
1792 0 2559 1828 0 2611
2048 0 2559 2092 0 2616
2303 0 2559 2356 0 2619
2559 0 2559 2618 0 2618
2815 0 2559 2874 0 2612
3071 0 2559 3127 0 2603
3327 0 2559 3379 0 2594
3583 0 2559 3629 0 2584
3839 0 2559 3866 0 2574
4095 0 2559 4095 0 2563
0 256 2559 51 277 2590
256 256 2559 278 272 2596
512 256 2559 519 269 2599
768 256 2559 783 269 2597
1024 256 2559 1044 265 2603
1280 256 2559 1304 259 2610
1536 256 2559 1567 250 2616
1792 256 2559 1831 242 2621
2048 256 2559 2096 235 2625
2303 256 2559 2360 225 2626
2559 256 2559 2622 214 2624
2815 256 2559 2879 203 2616
3071 256 2559 3131 190 2606
3327 256 2559 3382 176 2596
3583 256 2559 3632 160 2585
3839 256 2559 3868 96 2576
4095 256 2559 4095 0 2567
0 512 2559 5 524 2604
256 512 2559 240 519 2617
512 512 2559 492 516 2623
768 512 2559 771 519 2618
1024 512 2559 1039 516 2620
1280 512 2559 1303 512 2624
1536 512 2559 1568 504 2628
1792 512 2559 1834 495 2630
2048 512 2559 2100 484 2632
2303 512 2559 2365 470 2632
2559 512 2559 2627 455 2629
2815 512 2559 2883 439 2620
3071 512 2559 3135 420 2609
3327 512 2559 3386 401 2597
3583 512 2559 3635 378 2586
3839 512 2559 3870 290 2577
4095 512 2559 4095 159 2569
0 768 2559 1 785 2614
256 768 2559 230 781 2625
512 768 2559 479 778 2633
768 768 2559 758 777 2636
1024 768 2559 1030 775 2637
1280 768 2559 1300 772 2637
1536 768 2559 1568 768 2637
1792 768 2559 1836 762 2638
2048 768 2559 2103 754 2639
2303 768 2559 2368 745 2637
2559 768 2559 2631 736 2633
2815 768 2559 2887 724 2623
3071 768 2559 3139 712 2611
3327 768 2559 3390 699 2598
3583 768 2559 3638 684 2587
3839 768 2559 3872 632 2577
4095 768 2559 4095 555 2569
0 1024 2559 0 1045 2622
256 1024 2559 214 1043 2632
512 1024 2559 458 1042 2639
768 1024 2559 745 1040 2644
1024 1024 2559 1021 1038 2647
1280 1024 2559 1294 1035 2649
1536 1024 2559 1565 1030 2652
1792 1024 2559 1835 1025 2651
2048 1024 2559 2105 1020 2647
2303 1024 2559 2371 1014 2643
2559 1024 2559 2634 1006 2637
2815 1024 2559 2891 996 2625
3071 1024 2559 3143 985 2612
3327 1024 2559 3394 973 2599
3583 1024 2559 3645 958 2587
3839 1024 2559 3876 925 2577
4095 1024 2559 4095 880 2567
0 1280 2559 0 1307 2630
256 1280 2559 195 1306 2638
512 1280 2559 431 1305 2644
768 1280 2559 730 1304 2648
1024 1280 2559 1011 1302 2653
1280 1280 2559 1287 1299 2658
1536 1280 2559 1561 1293 2665
1792 1280 2559 1834 1289 2663
2048 1280 2559 2106 1285 2654
2303 1280 2559 2374 1280 2649
2559 1280 2559 2638 1273 2641
2815 1280 2559 2895 1263 2628
3071 1280 2559 3148 1253 2614
3327 1280 2559 3399 1240 2600
3583 1280 2559 3653 1223 2588
3839 1280 2559 3882 1203 2576
4095 1280 2559 4095 1183 2564
0 1536 2559 0 1570 2637
256 1536 2559 163 1569 2642
512 1536 2559 389 1569 2647
768 1536 2559 706 1569 2651
1024 1536 2559 995 1567 2654
1280 1536 2559 1276 1565 2658
1536 1536 2559 1552 1561 2662
1792 1536 2559 1828 1556 2662
2048 1536 2559 2103 1551 2658
2303 1536 2559 2374 1546 2653
2559 1536 2559 2641 1538 2643
2815 1536 2559 2899 1528 2629
3071 1536 2559 3153 1517 2613
3327 1536 2559 3406 1503 2599
3583 1536 2559 3662 1483 2586
3839 1536 2559 3888 1470 2573
4095 1536 2559 4095 1462 2560
0 1792 2559 0 1833 2639
256 1792 2559 114 1833 2643
512 1792 2559 323 1833 2647
768 1792 2559 674 1833 2650
1024 1792 2559 974 1833 2653
1280 1792 2559 1260 1831 2655
1536 1792 2559 1539 1828 2658
1792 1792 2559 1817 1824 2658
2048 1792 2559 2096 1819 2656
2303 1792 2559 2371 1813 2651
2559 1792 2559 2641 1804 2642
2815 1792 2559 2904 1792 2627
3071 1792 2559 3159 1779 2611
3327 1792 2559 3412 1765 2596
3583 1792 2559 3665 1749 2582
3839 1792 2559 3890 1740 2569
4095 1792 2559 4095 1735 2556
0 2048 2559 0 2097 2639
256 2048 2559 54 2098 2642
512 2048 2559 243 2098 2645
768 2048 2559 635 2098 2647
1024 2048 2559 949 2098 2649
1280 2048 2559 1241 2097 2651
1536 2048 2559 1522 2095 2653
1792 2048 2559 1804 2092 2653
2048 2048 2559 2086 2088 2650
2303 2048 2559 2365 2081 2647
2559 2048 2559 2640 2071 2639
2815 2048 2559 2909 2054 2625
3071 2048 2559 3166 2040 2608
3327 2048 2559 3419 2027 2591
3583 2048 2559 3664 2018 2576
3839 2048 2559 3887 2011 2563
4095 2048 2559 4095 2005 2551
0 2303 2559 0 2361 2634
256 2303 2559 20 2362 2636
512 2303 2559 191 2362 2638
768 2303 2559 589 2363 2639
1024 2303 2559 913 2363 2640
1280 2303 2559 1214 2362 2641
1536 2303 2559 1499 2362 2642
1792 2303 2559 1782 2360 2641
2048 2303 2559 2063 2357 2639
2303 2303 2559 2330 2334 2617
2559 2303 2559 2607 2320 2604
2815 2303 2559 2896 2320 2606
3071 2303 2559 3159 2308 2594
3327 2303 2559 3412 2294 2579
3583 2303 2559 3659 2284 2566
3839 2303 2559 3884 2276 2555
4095 2303 2559 4095 2269 2546
0 2559 2559 0 2621 2624
256 2559 2559 0 2623 2625
512 2559 2559 154 2624 2626
768 2559 2559 538 2624 2627
1024 2559 2559 871 2624 2626
1280 2559 2559 1184 2625 2626
1536 2559 2559 1472 2624 2625
1792 2559 2559 1756 2624 2624
2048 2559 2559 2037 2622 2621
2303 2559 2559 2302 2597 2593
2559 2559 2559 2581 2583 2578
2815 2559 2559 2878 2587 2583
3071 2559 2559 3147 2576 2574
3327 2559 2559 3406 2562 2562
3583 2559 2559 3653 2551 2553
3839 2559 2559 3881 2541 2546
4095 2559 2559 4095 2534 2539
0 2815 2559 0 2876 2605
256 2815 2559 0 2877 2606
512 2815 2559 138 2879 2606
768 2815 2559 481 2879 2606
1024 2815 2559 819 2880 2605
1280 2815 2559 1147 2880 2603
1536 2815 2559 1439 2881 2601
1792 2815 2559 1725 2881 2597
2048 2815 2559 2006 2881 2592
2303 2815 2559 2284 2875 2579
2559 2815 2559 2566 2866 2567
2815 2815 2559 2852 2855 2554
3071 2815 2559 3129 2842 2545
3327 2815 2559 3399 2829 2538
3583 2815 2559 3647 2816 2537
3839 2815 2559 3877 2805 2535
4095 2815 2559 4095 2797 2532
0 3071 2559 0 3126 2583
256 3071 2559 0 3128 2583
512 3071 2559 116 3129 2583
768 3071 2559 407 3130 2582
1024 3071 2559 756 3131 2580
1280 3071 2559 1106 3132 2578
1536 3071 2559 1403 3132 2574
1792 3071 2559 1692 3133 2569
2048 3071 2559 1976 3133 2563
2303 3071 2559 2255 3132 2553
2559 3071 2559 2538 3127 2541
2815 3071 2559 2821 3118 2527
3071 3071 2559 3104 3108 2520
3327 3071 2559 3381 3097 2514
3583 3071 2559 3638 3081 2507
3839 3071 2559 3874 3068 2512
4095 3071 2559 4095 3058 2524
0 3327 2559 0 3375 2559
256 3327 2559 0 3377 2559
512 3327 2559 90 3379 2559
768 3327 2559 316 3380 2558
1024 3327 2559 681 3381 2555
1280 3327 2559 1062 3381 2552
1536 3327 2559 1366 3382 2547
1792 3327 2559 1659 3383 2541
2048 3327 2559 1945 3383 2534
2303 3327 2559 2224 3383 2524
2559 3327 2559 2505 3381 2513
2815 3327 2559 2789 3378 2501
3071 3327 2559 3075 3372 2495
3327 3327 2559 3358 3363 2490
3583 3327 2559 3626 3345 2477
3839 3327 2559 3869 3331 2488
4095 3327 2559 4095 3319 2515
0 3583 2559 0 3624 2536
256 3583 2559 0 3626 2536
512 3583 2559 51 3627 2535
768 3583 2559 177 3628 2534
1024 3583 2559 576 3628 2531
1280 3583 2559 1012 3629 2527
1536 3583 2559 1325 3630 2522
1792 3583 2559 1625 3631 2516
2048 3583 2559 1914 3631 2509
2303 3583 2559 2194 3631 2498
2559 3583 2559 2475 3631 2487
2815 3583 2559 2755 3629 2474
3071 3583 2559 3040 3624 2469
3327 3583 2559 3324 3618 2466
3583 3583 2559 3600 3608 2460
3839 3583 2559 3855 3595 2475
4095 3583 2559 4095 3580 2504
0 3839 2559 0 3862 2513
256 3839 2559 0 3863 2516
512 3839 2559 70 3864 2519
768 3839 2559 246 3865 2522
1024 3839 2559 641 3865 2524
1280 3839 2559 1062 3866 2524
1536 3839 2559 1365 3866 2521
1792 3839 2559 1657 3867 2517
2048 3839 2559 1940 3867 2513
2303 3839 2559 2215 3867 2507
2559 3839 2559 2489 3867 2500
2815 3839 2559 2763 3866 2493
3071 3839 2559 3039 3864 2491
3327 3839 2559 3314 3860 2491
3583 3839 2559 3587 3857 2491
3839 3839 2559 3844 3847 2506
4095 3839 2559 4091 3834 2530
0 4095 2559 0 4093 2489
256 4095 2559 0 4094 2497
512 4095 2559 130 4095 2506
768 4095 2559 454 4095 2520
1024 4095 2559 821 4095 2529
1280 4095 2559 1179 4095 2536
1536 4095 2559 1460 4095 2536
1792 4095 2559 1734 4095 2536
2048 4095 2559 2005 4095 2537
2303 4095 2559 2270 4095 2538
2559 4095 2559 2535 4095 2539
2815 4095 2559 2799 4095 2542
3071 4095 2559 3060 4095 2544
3327 4095 2559 3321 4095 2548
3583 4095 2559 3581 4095 2555
3839 4095 2559 3835 4090 2566
4095 4095 2559 4085 4083 2580
0 0 2815 154 46 2823
256 0 2815 352 43 2816
512 0 2815 564 39 2815
768 0 2815 799 34 2823
1024 0 2815 1047 27 2833
1280 0 2815 1301 18 2843
1536 0 2815 1559 6 2851
1792 0 2815 1820 1 2858
2048 0 2815 2083 0 2865
2303 0 2815 2344 0 2868
2559 0 2815 2607 0 2870
2815 0 2815 2870 0 2872
3071 0 2815 3125 0 2864
3327 0 2815 3376 0 2854
3583 0 2815 3627 0 2844
3839 0 2815 3865 0 2834
4095 0 2815 4095 0 2823
0 256 2815 62 279 2840
256 256 2815 285 274 2845
512 256 2815 523 271 2847
768 256 2815 784 272 2846
1024 256 2815 1042 269 2849
1280 256 2815 1300 264 2855
1536 256 2815 1560 254 2862
1792 256 2815 1822 246 2868
2048 256 2815 2086 238 2873
2303 256 2815 2348 229 2875
2559 256 2815 2611 218 2876
2815 256 2815 2874 206 2876
3071 256 2815 3128 194 2867
3327 256 2815 3380 180 2856
3583 256 2815 3630 164 2846
3839 256 2815 3867 99 2837
4095 256 2815 4095 0 2829
0 512 2815 6 522 2854
256 512 2815 241 517 2865
512 512 2815 493 515 2870
768 512 2815 769 517 2866
1024 512 2815 1034 516 2867
1280 512 2815 1297 514 2870
1536 512 2815 1560 507 2873
1792 512 2815 1824 498 2877
2048 512 2815 2088 488 2881
2303 512 2815 2351 475 2882
2559 512 2815 2615 460 2882
2815 512 2815 2878 443 2880
3071 512 2815 3132 425 2870
3327 512 2815 3383 406 2859
3583 512 2815 3633 384 2848
3839 512 2815 3868 293 2839
4095 512 2815 4095 157 2833
0 768 2815 1 781 2863
256 768 2815 231 778 2872
512 768 2815 479 775 2880
768 768 2815 755 774 2884
1024 768 2815 1024 772 2887
1280 768 2815 1292 769 2888
1536 768 2815 1559 767 2885
1792 768 2815 1825 762 2885
2048 768 2815 2090 755 2887
2303 768 2815 2354 746 2888
2559 768 2815 2618 737 2887
2815 768 2815 2882 727 2884
3071 768 2815 3136 714 2873
3327 768 2815 3387 701 2861
3583 768 2815 3636 687 2849
3839 768 2815 3870 632 2840
4095 768 2815 4095 549 2834
0 1024 2815 0 1041 2872
256 1024 2815 215 1039 2880
512 1024 2815 458 1037 2887
768 1024 2815 742 1036 2891
1024 1024 2815 1015 1033 2896
1280 1024 2815 1286 1030 2900
1536 1024 2815 1555 1027 2900
1792 1024 2815 1824 1023 2900
2048 1024 2815 2092 1018 2898
2303 1024 2815 2357 1012 2895
2559 1024 2815 2622 1005 2892
2815 1024 2815 2886 997 2888
3071 1024 2815 3140 986 2877
3327 1024 2815 3391 975 2863
3583 1024 2815 3642 961 2851
3839 1024 2815 3874 925 2841
4095 1024 2815 4095 875 2832
0 1280 2815 0 1301 2881
256 1280 2815 196 1300 2887
512 1280 2815 432 1299 2892
768 1280 2815 728 1298 2896
1024 1280 2815 1006 1296 2901
1280 1280 2815 1279 1293 2907
1536 1280 2815 1550 1288 2914
1792 1280 2815 1821 1284 2913
2048 1280 2815 2092 1280 2908
2303 1280 2815 2358 1275 2903
2559 1280 2815 2625 1270 2898
2815 1280 2815 2889 1263 2892
3071 1280 2815 3144 1253 2879
3327 1280 2815 3396 1242 2865
3583 1280 2815 3649 1225 2853
3839 1280 2815 3879 1204 2841
4095 1280 2815 4095 1179 2829
0 1536 2815 0 1563 2888
256 1536 2815 165 1562 2893
512 1536 2815 390 1562 2898
768 1536 2815 705 1561 2901
1024 1536 2815 991 1560 2904
1280 1536 2815 1269 1558 2908
1536 1536 2815 1543 1554 2912
1792 1536 2815 1816 1550 2912
2048 1536 2815 2088 1546 2910
2303 1536 2815 2358 1540 2907
2559 1536 2815 2627 1534 2903
2815 1536 2815 2893 1528 2895
3071 1536 2815 3148 1518 2881
3327 1536 2815 3402 1504 2866
3583 1536 2815 3660 1483 2855
3839 1536 2815 3888 1469 2841
4095 1536 2815 4095 1459 2826
0 1792 2815 0 1824 2891
256 1792 2815 118 1825 2896
512 1792 2815 327 1824 2900
768 1792 2815 673 1824 2902
1024 1792 2815 971 1823 2905
1280 1792 2815 1254 1822 2908
1536 1792 2815 1531 1819 2911
1792 1792 2815 1807 1816 2911
2048 1792 2815 2082 1812 2909
2303 1792 2815 2354 1806 2907
2559 1792 2815 2626 1799 2903
2815 1792 2815 2895 1792 2897
3071 1792 2815 3154 1780 2883
3327 1792 2815 3410 1765 2867
3583 1792 2815 3664 1747 2853
3839 1792 2815 3890 1737 2838
4095 1792 2815 4095 1733 2822
0 2048 2815 0 2086 2893
256 2048 2815 60 2087 2897
512 2048 2815 250 2088 2900
768 2048 2815 636 2087 2902
1024 2048 2815 947 2087 2905
1280 2048 2815 1237 2086 2907
1536 2048 2815 1516 2084 2910
1792 2048 2815 1795 2081 2908
2048 2048 2815 2074 2078 2904
2303 2048 2815 2348 2073 2903
2559 2048 2815 2622 2066 2901
2815 2048 2815 2896 2056 2897
3071 2048 2815 3160 2040 2884
3327 2048 2815 3419 2024 2868
3583 2048 2815 3664 2015 2848
3839 2048 2815 3887 2009 2832
4095 2048 2815 4095 2004 2817
0 2303 2815 0 2349 2891
256 2303 2815 22 2349 2893
512 2303 2815 195 2350 2896
768 2303 2815 591 2350 2897
1024 2303 2815 913 2350 2899
1280 2303 2815 1212 2349 2901
1536 2303 2815 1495 2348 2902
1792 2303 2815 1776 2346 2903
2048 2303 2815 2055 2344 2902
2303 2303 2815 2331 2336 2894
2559 2303 2815 2609 2329 2890
2815 2303 2815 2889 2323 2888
3071 2303 2815 3154 2308 2874
3327 2303 2815 3412 2292 2857
3583 2303 2815 3659 2282 2839
3839 2303 2815 3884 2274 2825
4095 2303 2815 4095 2268 2812
0 2559 2815 0 2611 2886
256 2559 2815 0 2612 2887
512 2559 2815 155 2613 2889
768 2559 2815 541 2613 2890
1024 2559 2815 872 2614 2891
1280 2559 2815 1184 2613 2892
1536 2559 2815 1471 2613 2892
1792 2559 2815 1754 2612 2893
2048 2559 2815 2034 2610 2893
2303 2559 2815 2311 2603 2884
2559 2559 2815 2590 2594 2875
2815 2559 2815 2868 2582 2867
3071 2559 2815 3139 2571 2856
3327 2559 2815 3405 2560 2844
3583 2559 2815 3653 2549 2829
3839 2559 2815 3880 2540 2816
4095 2559 2815 4095 2533 2806
0 2815 2815 0 2873 2876
256 2815 2815 0 2874 2878
512 2815 2815 139 2875 2879
768 2815 2815 486 2876 2879
1024 2815 2815 824 2876 2879
1280 2815 2815 1151 2876 2879
1536 2815 2815 1443 2876 2878
1792 2815 2815 1728 2876 2877
2048 2815 2815 2009 2876 2876
2303 2815 2815 2288 2873 2871
2559 2815 2815 2562 2859 2857
2815 2815 2815 2828 2830 2827
3071 2815 2815 3113 2827 2825
3327 2815 2815 3396 2827 2827
3583 2815 2815 3646 2815 2816
3839 2815 2815 3877 2804 2807
4095 2815 2815 4095 2796 2799
0 3071 2815 0 3125 2856
256 3071 2815 0 3127 2857
512 3071 2815 118 3128 2858
768 3071 2815 411 3129 2858
1024 3071 2815 760 3129 2857
1280 3071 2815 1109 3130 2856
1536 3071 2815 1407 3130 2854
1792 3071 2815 1696 3130 2852
2048 3071 2815 1978 3130 2848
2303 3071 2815 2257 3129 2842
2559 3071 2815 2533 3121 2830
2815 3071 2815 2806 3104 2807
3071 3071 2815 3094 3100 2802
3327 3071 2815 3379 3096 2801
3583 3071 2815 3636 3080 2794
3839 3071 2815 3872 3067 2792
4095 3071 2815 4095 3057 2791
0 3327 2815 0 3375 2833
256 3327 2815 0 3376 2834
512 3327 2815 91 3378 2834
768 3327 2815 320 3379 2834
1024 3327 2815 684 3379 2832
1280 3327 2815 1064 3380 2830
1536 3327 2815 1369 3380 2827
1792 3327 2815 1662 3381 2823
2048 3327 2815 1946 3381 2818
2303 3327 2815 2224 3381 2810
2559 3327 2815 2504 3380 2801
2815 3327 2815 2785 3378 2788
3071 3327 2815 3073 3371 2780
3327 3327 2815 3358 3362 2773
3583 3327 2815 3623 3345 2769
3839 3327 2815 3866 3331 2774
4095 3327 2815 4095 3319 2784
0 3583 2815 0 3623 2811
256 3583 2815 0 3625 2811
512 3583 2815 51 3626 2810
768 3583 2815 179 3627 2809
1024 3583 2815 578 3627 2807
1280 3583 2815 1014 3628 2805
1536 3583 2815 1328 3629 2801
1792 3583 2815 1626 3629 2796
2048 3583 2815 1914 3630 2790
2303 3583 2815 2193 3630 2782
2559 3583 2815 2473 3630 2772
2815 3583 2815 2753 3628 2760
3071 3583 2815 3039 3623 2754
3327 3583 2815 3325 3617 2749
3583 3583 2815 3601 3608 2741
3839 3583 2815 3855 3595 2752
4095 3583 2815 4095 3579 2775
0 3839 2815 0 3860 2786
256 3839 2815 0 3862 2791
512 3839 2815 78 3864 2794
768 3839 2815 272 3864 2797
1024 3839 2815 656 3865 2797
1280 3839 2815 1062 3865 2795
1536 3839 2815 1366 3866 2793
1792 3839 2815 1657 3866 2790
2048 3839 2815 1939 3867 2786
2303 3839 2815 2213 3867 2781
2559 3839 2815 2488 3867 2775
2815 3839 2815 2761 3866 2767
3071 3839 2815 3038 3863 2765
3327 3839 2815 3315 3860 2764
3583 3839 2815 3588 3856 2759
3839 3839 2815 3845 3847 2771
4095 3839 2815 4091 3833 2794
0 4095 2815 0 4087 2761
256 4095 2815 0 4092 2772
512 4095 2815 149 4095 2783
768 4095 2815 520 4095 2792
1024 4095 2815 856 4095 2795
1280 4095 2815 1174 4095 2797
1536 4095 2815 1456 4095 2797
1792 4095 2815 1732 4095 2797
2048 4095 2815 2003 4095 2797
2303 4095 2815 2268 4095 2798
2559 4095 2815 2533 4095 2798
2815 4095 2815 2797 4095 2799
3071 4095 2815 3059 4095 2802
3327 4095 2815 3321 4095 2805
3583 4095 2815 3581 4095 2810
3839 4095 2815 3835 4091 2818
4095 4095 2815 4085 4083 2829
0 0 3071 184 55 3070
256 0 3071 371 52 3064
512 0 3071 575 49 3063
768 0 3071 804 44 3069
1024 0 3071 1049 37 3078
1280 0 3071 1299 28 3088
1536 0 3071 1555 15 3097
1792 0 3071 1814 6 3105
2048 0 3071 2074 0 3111
2303 0 3071 2335 0 3115
2559 0 3071 2597 0 3119
2815 0 3071 2860 0 3122
3071 0 3071 3118 0 3119
3327 0 3071 3374 0 3114
3583 0 3071 3625 0 3104
3839 0 3071 3864 0 3094
4095 0 3071 4095 0 3082
0 256 3071 75 281 3089
256 256 3071 294 277 3093
512 256 3071 528 275 3094
768 256 3071 786 276 3092
1024 256 3071 1041 274 3094
1280 256 3071 1297 271 3098
1536 256 3071 1555 261 3106
1792 256 3071 1815 251 3113
2048 256 3071 2076 242 3119
2303 256 3071 2337 233 3122
2559 256 3071 2600 223 3124
2815 256 3071 2863 212 3126
3071 256 3071 3121 199 3122
3327 256 3071 3377 185 3116
3583 256 3071 3627 169 3106
3839 256 3071 3865 102 3098
4095 256 3071 4095 0 3091
0 512 3071 7 520 3103
256 512 3071 243 515 3113
512 512 3071 495 514 3117
768 512 3071 768 517 3113
1024 512 3071 1032 517 3113
1280 512 3071 1293 516 3115
1536 512 3071 1554 509 3120
1792 512 3071 1816 502 3123
2048 512 3071 2078 493 3126
2303 512 3071 2340 480 3128
2559 512 3071 2603 466 3130
2815 512 3071 2866 450 3130
3071 512 3071 3124 432 3126
3327 512 3071 3380 412 3119
3583 512 3071 3630 391 3108
3839 512 3071 3867 297 3101
4095 512 3071 4095 155 3097
0 768 3071 1 778 3111
256 768 3071 232 775 3120
512 768 3071 480 773 3126
768 768 3071 753 772 3129
1024 768 3071 1018 768 3138
1280 768 3071 1282 764 3144
1536 768 3071 1550 763 3138
1792 768 3071 1815 760 3135
2048 768 3071 2079 757 3133
2303 768 3071 2342 748 3134
2559 768 3071 2606 739 3135
2815 768 3071 2869 729 3135
3071 768 3071 3128 717 3130
3327 768 3071 3383 705 3122
3583 768 3071 3633 691 3110
3839 768 3071 3869 631 3103
4095 768 3071 4095 541 3099
0 1024 3071 0 1037 3120
256 1024 3071 217 1035 3127
512 1024 3071 459 1033 3133
768 1024 3071 740 1032 3137
1024 1024 3071 1010 1028 3145
1280 1024 3071 1277 1024 3152
1536 1024 3071 1546 1022 3150
1792 1024 3071 1813 1019 3148
2048 1024 3071 2080 1016 3146
2303 1024 3071 2344 1010 3145
2559 1024 3071 2609 1003 3143
2815 1024 3071 2873 997 3140
3071 1024 3071 3131 988 3134
3327 1024 3071 3387 977 3125
3583 1024 3071 3638 965 3112
3839 1024 3071 3872 925 3104
4095 1024 3071 4095 868 3098
0 1280 3071 0 1296 3128
256 1280 3071 197 1295 3134
512 1280 3071 433 1294 3139
768 1280 3071 726 1293 3143
1024 1280 3071 1001 1291 3148
1280 1280 3071 1272 1288 3154
1536 1280 3071 1541 1284 3159
1792 1280 3071 1811 1280 3159
2048 1280 3071 2080 1276 3157
2303 1280 3071 2345 1271 3154
2559 1280 3071 2611 1266 3150
2815 1280 3071 2876 1261 3146
3071 1280 3071 3135 1253 3138
3327 1280 3071 3392 1243 3128
3583 1280 3071 3645 1229 3116
3839 1280 3071 3877 1205 3105
4095 1280 3071 4095 1175 3095
0 1536 3071 0 1556 3136
256 1536 3071 168 1555 3141
512 1536 3071 393 1555 3145
768 1536 3071 704 1554 3148
1024 1536 3071 987 1553 3152
1280 1536 3071 1263 1551 3156
1536 1536 3071 1535 1548 3158
1792 1536 3071 1806 1545 3158
2048 1536 3071 2076 1541 3157
2303 1536 3071 2344 1536 3156
2559 1536 3071 2611 1530 3154
2815 1536 3071 2878 1525 3150
3071 1536 3071 3138 1517 3141
3327 1536 3071 3398 1505 3131
3583 1536 3071 3658 1482 3122
3839 1536 3071 3887 1466 3109
4095 1536 3071 4095 1456 3092
0 1792 3071 0 1817 3141
256 1792 3071 122 1816 3145
512 1792 3071 332 1816 3148
768 1792 3071 673 1816 3151
1024 1792 3071 968 1815 3154
1280 1792 3071 1250 1814 3157
1536 1792 3071 1526 1812 3157
1792 1792 3071 1799 1809 3156
2048 1792 3071 2071 1806 3155
2303 1792 3071 2340 1801 3155
2559 1792 3071 2609 1795 3153
2815 1792 3071 2878 1789 3151
3071 1792 3071 3141 1780 3143
3327 1792 3071 3403 1767 3133
3583 1792 3071 3662 1745 3123
3839 1792 3071 3890 1734 3107
4095 1792 3071 4095 1731 3088
0 2048 3071 0 2077 3144
256 2048 3071 66 2078 3147
512 2048 3071 258 2078 3150
768 2048 3071 638 2078 3153
1024 2048 3071 946 2077 3155
1280 2048 3071 1234 2076 3157
1536 2048 3071 1514 2075 3156
1792 2048 3071 1790 2072 3155
2048 2048 3071 2064 2070 3152
2303 2048 3071 2334 2066 3152
2559 2048 3071 2605 2061 3151
2815 2048 3071 2877 2054 3150
3071 2048 3071 3144 2042 3143
3327 2048 3071 3408 2029 3134
3583 2048 3071 3661 2014 3119
3839 2048 3071 3887 2006 3102
4095 2048 3071 4095 2001 3084
0 2303 3071 0 2338 3144
256 2303 3071 25 2339 3146
512 2303 3071 198 2339 3148
768 2303 3071 593 2339 3150
1024 2303 3071 912 2339 3153
1280 2303 3071 1210 2338 3154
1536 2303 3071 1492 2337 3155
1792 2303 3071 1772 2335 3154
2048 2303 3071 2051 2333 3150
2303 2303 3071 2324 2329 3148
2559 2303 3071 2598 2325 3146
2815 2303 3071 2871 2319 3145
3071 2303 3071 3139 2308 3137
3327 2303 3071 3403 2295 3127
3583 2303 3071 3656 2281 3111
3839 2303 3071 3884 2272 3095
4095 2303 3071 4095 2266 3078
0 2559 3071 0 2600 3141
256 2559 3071 0 2601 3143
512 2559 3071 156 2601 3145
768 2559 3071 544 2602 3146
1024 2559 3071 874 2602 3148
1280 2559 3071 1183 2601 3149
1536 2559 3071 1468 2601 3151
1792 2559 3071 1751 2599 3150
2048 2559 3071 2033 2597 3147
2303 2559 3071 2310 2594 3143
2559 2559 3071 2585 2589 3138
2815 2559 3071 2857 2579 3132
3071 2559 3071 3129 2571 3126
3327 2559 3071 3397 2562 3118
3583 2559 3071 3650 2548 3102
3839 2559 3071 3880 2538 3087
4095 2559 3071 4095 2531 3072
0 2815 3071 0 2862 3135
256 2815 3071 0 2863 3137
512 2815 3071 140 2864 3138
768 2815 3071 490 2865 3140
1024 2815 3071 827 2865 3140
1280 2815 3071 1151 2865 3141
1536 2815 3071 1442 2865 3142
1792 2815 3071 1726 2864 3142
2048 2815 3071 2007 2863 3141
2303 2815 3071 2288 2860 3136
2559 2815 3071 2565 2851 3126
2815 2815 3071 2831 2833 3109
3071 2815 3071 3112 2830 3108
3327 2815 3071 3390 2827 3107
3583 2815 3071 3644 2813 3092
3839 2815 3071 3876 2803 3078
4095 2815 3071 4095 2794 3066
0 3071 3071 0 3119 3122
256 3071 3071 0 3120 3124
512 3071 3071 119 3121 3125
768 3071 3071 416 3122 3125
1024 3071 3071 764 3122 3125
1280 3071 3071 1112 3123 3125
1536 3071 3071 1409 3123 3125
1792 3071 3071 1697 3123 3124
2048 3071 3071 1979 3122 3123
2303 3071 3071 2259 3121 3118
2559 3071 3071 2536 3115 3109
2815 3071 3071 2809 3104 3096
3071 3071 3071 3094 3100 3092
3327 3071 3071 3376 3095 3088
3583 3071 3071 3634 3078 3076
3839 3071 3071 3872 3066 3066
4095 3071 3071 4095 3056 3058
0 3327 3071 0 3373 3105
256 3327 3071 0 3375 3107
512 3327 3071 93 3376 3107
768 3327 3071 325 3377 3107
1024 3327 3071 689 3377 3107
1280 3327 3071 1068 3378 3106
1536 3327 3071 1373 3378 3104
1792 3327 3071 1665 3378 3102
2048 3327 3071 1950 3379 3099
2303 3327 3071 2227 3378 3095
2559 3327 3071 2506 3377 3089
2815 3327 3071 2786 3375 3081
3071 3327 3071 3073 3369 3073
3327 3327 3071 3358 3360 3065
3583 3327 3071 3622 3343 3055
3839 3327 3071 3866 3329 3051
4095 3327 3071 4095 3318 3051
0 3583 3071 0 3622 3083
256 3583 3071 0 3624 3083
512 3583 3071 53 3625 3084
768 3583 3071 185 3625 3083
1024 3583 3071 583 3626 3082
1280 3583 3071 1017 3626 3081
1536 3583 3071 1331 3627 3078
1792 3583 3071 1629 3628 3075
2048 3583 3071 1917 3628 3071
2303 3583 3071 2195 3628 3065
2559 3583 3071 2474 3628 3058
2815 3583 3071 2752 3627 3049
3071 3583 3071 3040 3621 3044
3327 3583 3071 3326 3614 3038
3583 3583 3071 3602 3606 3024
3839 3583 3071 3856 3594 3027
4095 3583 3071 4095 3578 3043
0 3839 3071 0 3860 3058
256 3839 3071 0 3862 3061
512 3839 3071 71 3863 3063
768 3839 3071 247 3864 3066
1024 3839 3071 640 3864 3066
1280 3839 3071 1060 3864 3066
1536 3839 3071 1365 3865 3064
1792 3839 3071 1656 3865 3062
2048 3839 3071 1939 3866 3059
2303 3839 3071 2213 3866 3055
2559 3839 3071 2487 3866 3050
2815 3839 3071 2760 3865 3044
3071 3839 3071 3038 3862 3042
3327 3839 3071 3316 3858 3040
3583 3839 3071 3588 3855 3031
3839 3839 3071 3846 3847 3039
4095 3839 3071 4093 3834 3057
0 4095 3071 0 4090 3031
256 4095 3071 0 4093 3038
512 4095 3071 127 4095 3045
768 4095 3071 443 4095 3052
1024 4095 3071 807 4095 3056
1280 4095 3071 1164 4095 3058
1536 4095 3071 1449 4095 3058
1792 4095 3071 1726 4095 3058
2048 4095 3071 1998 4095 3058
2303 4095 3071 2264 4095 3058
2559 4095 3071 2530 4095 3058
2815 4095 3071 2795 4095 3058
3071 4095 3071 3057 4095 3059
3327 4095 3071 3319 4095 3061
3583 4095 3071 3580 4095 3065
3839 4095 3071 3836 4092 3073
4095 4095 3071 4089 4087 3085
0 0 3327 215 66 3316
256 0 3327 391 63 3312
512 0 3327 586 59 3311
768 0 3327 810 54 3314
1024 0 3327 1051 47 3322
1280 0 3327 1298 39 3332
1536 0 3327 1552 26 3341
1792 0 3327 1808 13 3350
2048 0 3327 2066 1 3357
2303 0 3327 2326 0 3362
2559 0 3327 2586 0 3366
2815 0 3327 2848 0 3369
3071 0 3327 3110 0 3371
3327 0 3327 3370 0 3372
3583 0 3327 3623 0 3363
3839 0 3327 3863 0 3352
4095 0 3327 4095 0 3339
0 256 3327 87 284 3337
256 256 3327 303 281 3340
512 256 3327 535 279 3341
768 256 3327 788 280 3338
1024 256 3327 1042 280 3338
1280 256 3327 1296 278 3340
1536 256 3327 1551 268 3350
1792 256 3327 1808 258 3357
2048 256 3327 2067 247 3364
2303 256 3327 2327 238 3368
2559 256 3327 2589 229 3371
2815 256 3327 2850 218 3374
3071 256 3327 3112 204 3375
3327 256 3327 3372 190 3374
3583 256 3327 3625 174 3365
3839 256 3327 3864 105 3358
4095 256 3327 4095 0 3353
0 512 3327 8 518 3352
256 512 3327 246 514 3360
512 512 3327 498 514 3363
768 512 3327 769 517 3358
1024 512 3327 1030 518 3358
1280 512 3327 1289 518 3360
1536 512 3327 1548 512 3365
1792 512 3327 1808 505 3368
2048 512 3327 2069 498 3371
2303 512 3327 2329 486 3374
2559 512 3327 2591 473 3377
2815 512 3327 2853 458 3378
3071 512 3327 3115 439 3378
3327 512 3327 3375 419 3377
3583 512 3327 3627 397 3367
3839 512 3327 3866 300 3363
4095 512 3327 4095 152 3362
0 768 3327 1 775 3359
256 768 3327 234 772 3367
512 768 3327 482 771 3372
768 768 3327 752 770 3375
1024 768 3327 1013 764 3387
1280 768 3327 1274 759 3397
1536 768 3327 1542 758 3391
1792 768 3327 1806 757 3385
2048 768 3327 2069 756 3380
2303 768 3327 2331 749 3382
2559 768 3327 2593 741 3383
2815 768 3327 2855 732 3383
3071 768 3327 3118 721 3382
3327 768 3327 3378 708 3380
3583 768 3327 3630 695 3370
3839 768 3327 3867 630 3365
4095 768 3327 4095 531 3365
0 1024 3327 0 1032 3367
256 1024 3327 219 1031 3373
512 1024 3327 461 1029 3379
768 1024 3327 739 1028 3383
1024 1024 3327 1005 1024 3393
1280 1024 3327 1269 1019 3402
1536 1024 3327 1538 1017 3399
1792 1024 3327 1804 1016 3396
2048 1024 3327 2069 1014 3392
2303 1024 3327 2332 1008 3393
2559 1024 3327 2596 1002 3392
2815 1024 3327 2858 996 3389
3071 1024 3327 3121 988 3387
3327 1024 3327 3381 979 3384
3583 1024 3327 3633 968 3373
3839 1024 3327 3869 925 3367
4095 1024 3327 4095 860 3364
0 1280 3327 0 1290 3375
256 1280 3327 200 1290 3380
512 1280 3327 436 1289 3385
768 1280 3327 725 1288 3388
1024 1280 3327 997 1286 3394
1280 1280 3327 1265 1283 3400
1536 1280 3327 1534 1280 3402
1792 1280 3327 1801 1277 3403
2048 1280 3327 2068 1273 3403
2303 1280 3327 2333 1267 3403
2559 1280 3327 2598 1262 3400
2815 1280 3327 2861 1259 3395
3071 1280 3327 3124 1253 3392
3327 1280 3327 3385 1245 3388
3583 1280 3327 3639 1232 3377
3839 1280 3327 3874 1206 3368
4095 1280 3327 4095 1170 3361
0 1536 3327 0 1550 3383
256 1536 3327 172 1549 3387
512 1536 3327 397 1549 3391
768 1536 3327 704 1548 3394
1024 1536 3327 984 1547 3398
1280 1536 3327 1258 1545 3401
1536 1536 3327 1529 1543 3402
1792 1536 3327 1798 1540 3402
2048 1536 3327 2065 1537 3401
2303 1536 3327 2330 1532 3401
2559 1536 3327 2596 1528 3400
2815 1536 3327 2862 1522 3399
3071 1536 3327 3126 1516 3396
3327 1536 3327 3390 1506 3393
3583 1536 3327 3653 1483 3386
3839 1536 3327 3884 1466 3374
4095 1536 3327 4095 1452 3358
0 1792 3327 0 1809 3389
256 1792 3327 128 1809 3392
512 1792 3327 338 1809 3396
768 1792 3327 674 1808 3398
1024 1792 3327 967 1807 3401
1280 1792 3327 1247 1806 3402
1536 1792 3327 1522 1805 3401
1792 1792 3327 1793 1803 3400
2048 1792 3327 2061 1800 3400
2303 1792 3327 2327 1796 3399
2559 1792 3327 2593 1792 3399
2815 1792 3327 2860 1786 3399
3071 1792 3327 3126 1780 3397
3327 1792 3327 3392 1770 3394
3583 1792 3327 3657 1746 3388
3839 1792 3327 3887 1733 3374
4095 1792 3327 4095 1728 3354
0 2048 3327 0 2069 3394
256 2048 3327 74 2069 3396
512 2048 3327 267 2069 3399
768 2048 3327 639 2069 3402
1024 2048 3327 946 2068 3403
1280 2048 3327 1234 2067 3404
1536 2048 3327 1513 2066 3400
1792 2048 3327 1787 2064 3398
2048 2048 3327 2056 2062 3397
2303 2048 3327 2322 2059 3397
2559 2048 3327 2590 2056 3397
2815 2048 3327 2857 2051 3396
3071 2048 3327 3125 2044 3396
3327 2048 3327 3392 2035 3394
3583 2048 3327 3654 2016 3384
3839 2048 3327 3885 2005 3369
4095 2048 3327 4095 1999 3350
0 2303 3327 0 2328 3395
256 2303 3327 28 2328 3397
512 2303 3327 202 2328 3399
768 2303 3327 594 2329 3402
1024 2303 3327 913 2329 3404
1280 2303 3327 1209 2328 3405
1536 2303 3327 1491 2327 3404
1792 2303 3327 1771 2325 3400
2048 2303 3327 2048 2323 3395
2303 2303 3327 2316 2320 3394
2559 2303 3327 2584 2317 3394
2815 2303 3327 2852 2313 3393
3071 2303 3327 3121 2307 3393
3327 2303 3327 3389 2299 3390
3583 2303 3327 3650 2282 3379
3839 2303 3327 3882 2271 3363
4095 2303 3327 4095 2264 3345
0 2559 3327 0 2589 3394
256 2559 3327 0 2589 3396
512 2559 3327 156 2590 3398
768 2559 3327 547 2590 3400
1024 2559 3327 875 2590 3402
1280 2559 3327 1182 2590 3404
1536 2559 3327 1468 2589 3404
1792 2559 3327 1752 2587 3400
2048 2559 3327 2033 2585 3394
2303 2559 3327 2305 2583 3392
2559 2559 3327 2577 2580 3390
2815 2559 3327 2846 2576 3390
3071 2559 3327 3117 2571 3389
3327 2559 3327 3385 2563 3385
3583 2559 3327 3645 2548 3372
3839 2559 3327 3879 2537 3356
4095 2559 3327 4095 2530 3339
0 2815 3327 0 2850 3391
256 2815 3327 0 2850 3392
512 2815 3327 142 2851 3394
768 2815 3327 495 2852 3396
1024 2815 3327 829 2852 3397
1280 2815 3327 1152 2851 3398
1536 2815 3327 1444 2851 3397
1792 2815 3327 1729 2850 3397
2048 2815 3327 2008 2849 3397
2303 2815 3327 2289 2846 3390
2559 2815 3327 2567 2842 3386
2815 2815 3327 2838 2839 3385
3071 2815 3327 3110 2834 3384
3327 2815 3327 3380 2827 3380
3583 2815 3327 3639 2813 3364
3839 2815 3327 3875 2802 3349
4095 2815 3327 4095 2793 3332
0 3071 3327 0 3111 3384
256 3071 3327 0 3112 3386
512 3071 3327 121 3113 3387
768 3071 3327 422 3113 3388
1024 3071 3327 769 3114 3389
1280 3071 3327 1114 3114 3389
1536 3071 3327 1412 3113 3389
1792 3071 3327 1701 3113 3389
2048 3071 3327 1985 3112 3388
2303 3071 3327 2264 3110 3384
2559 3071 3327 2542 3108 3380
2815 3071 3327 2816 3105 3378
3071 3071 3327 3094 3100 3375
3327 3071 3327 3370 3092 3369
3583 3071 3327 3631 3077 3353
3839 3071 3327 3870 3065 3339
4095 3071 3327 4095 3055 3325
0 3327 3327 0 3370 3374
256 3327 3327 0 3371 3376
512 3327 3327 95 3372 3377
768 3327 3327 332 3373 3377
1024 3327 3327 695 3373 3377
1280 3327 3327 1072 3373 3377
1536 3327 3327 1376 3374 3377
1792 3327 3327 1671 3374 3376
2048 3327 3327 1959 3373 3374
2303 3327 3327 2235 3373 3372
2559 3327 3327 2512 3371 3370
2815 3327 3327 2789 3369 3366
3071 3327 3327 3073 3364 3361
3327 3327 3327 3355 3356 3353
3583 3327 3327 3620 3341 3337
3839 3327 3327 3864 3328 3326
4095 3327 3327 4095 3317 3318
0 3583 3327 0 3620 3354
256 3583 3327 0 3621 3355
512 3583 3327 55 3622 3355
768 3583 3327 193 3623 3355
1024 3583 3327 589 3624 3355
1280 3583 3327 1020 3624 3354
1536 3583 3327 1334 3625 3353
1792 3583 3327 1633 3625 3351
2048 3583 3327 1922 3625 3349
2303 3583 3327 2199 3625 3346
2559 3583 3327 2477 3624 3341
2815 3583 3327 2753 3623 3335
3071 3583 3327 3040 3618 3331
3327 3583 3327 3327 3611 3325
3583 3583 3327 3601 3603 3306
3839 3583 3327 3854 3591 3303
4095 3583 3327 4095 3578 3310
0 3839 3327 0 3861 3328
256 3839 3327 0 3861 3330
512 3839 3327 64 3862 3332
768 3839 3327 223 3863 3333
1024 3839 3327 626 3863 3335
1280 3839 3327 1057 3863 3335
1536 3839 3327 1363 3864 3334
1792 3839 3327 1656 3864 3333
2048 3839 3327 1939 3864 3331
2303 3839 3327 2213 3864 3329
2559 3839 3327 2487 3864 3325
2815 3839 3327 2759 3864 3321
3071 3839 3327 3038 3860 3319
3327 3839 3327 3316 3857 3315
3583 3839 3327 3587 3853 3304
3839 3839 3327 3845 3846 3307
4095 3839 3327 4094 3836 3320
0 4095 3327 0 4095 3300
256 4095 3327 0 4095 3303
512 4095 3327 104 4095 3307
768 4095 3327 365 4095 3311
1024 4095 3327 757 4095 3316
1280 4095 3327 1153 4095 3319
1536 4095 3327 1440 4095 3319
1792 4095 3327 1719 4095 3318
2048 4095 3327 1993 4095 3318
2303 4095 3327 2260 4095 3318
2559 4095 3327 2527 4095 3318
2815 4095 3327 2792 4095 3318
3071 4095 3327 3055 4095 3318
3327 4095 3327 3317 4095 3318
3583 4095 3327 3578 4095 3321
3839 4095 3327 3836 4094 3329
4095 4095 3327 4093 4092 3341
0 0 3583 245 77 3560
256 0 3583 411 74 3557
512 0 3583 598 70 3556
768 0 3583 816 65 3558
1024 0 3583 1054 59 3566
1280 0 3583 1298 51 3575
1536 0 3583 1549 37 3584
1792 0 3583 1803 22 3593
2048 0 3583 2059 7 3600
2303 0 3583 2318 2 3606
2559 0 3583 2577 0 3612
2815 0 3583 2837 0 3615
3071 0 3583 3098 0 3618
3327 0 3583 3358 0 3620
3583 0 3583 3617 0 3618
3839 0 3583 3861 0 3610
4095 0 3583 4095 0 3597
0 256 3583 101 288 3583
256 256 3583 316 285 3585
512 256 3583 544 284 3585
768 256 3583 792 285 3581
1024 256 3583 1044 287 3580
1280 256 3583 1296 286 3581
1536 256 3583 1548 277 3591
1792 256 3583 1803 266 3599
2048 256 3583 2060 254 3606
2303 256 3583 2319 244 3612
2559 256 3583 2579 234 3616
2815 256 3583 2839 224 3619
3071 256 3583 3100 211 3621
3327 256 3583 3360 197 3622
3583 256 3583 3619 180 3620
3839 256 3583 3862 109 3618
4095 256 3583 4095 0 3616
0 512 3583 11 517 3600
256 512 3583 253 514 3605
512 512 3583 504 514 3606
768 512 3583 770 517 3603
1024 512 3583 1030 521 3600
1280 512 3583 1288 522 3600
1536 512 3583 1544 516 3606
1792 512 3583 1802 509 3612
2048 512 3583 2061 501 3617
2303 512 3583 2320 491 3620
2559 512 3583 2580 479 3622
2815 512 3583 2841 466 3624
3071 512 3583 3102 448 3625
3327 512 3583 3362 429 3625
3583 512 3583 3621 406 3622
3839 512 3583 3863 304 3624
4095 512 3583 4095 148 3629
0 768 3583 2 772 3606
256 768 3583 238 770 3611
512 768 3583 486 769 3616
768 768 3583 750 767 3621
1024 768 3583 1010 764 3629
1280 768 3583 1271 759 3637
1536 768 3583 1535 757 3636
1792 768 3583 1799 753 3635
2048 768 3583 2061 749 3634
2303 768 3583 2322 744 3633
2559 768 3583 2583 739 3631
2815 768 3583 2843 734 3629
3071 768 3583 3104 724 3629
3327 768 3583 3365 713 3628
3583 768 3583 3623 699 3625
3839 768 3583 3865 628 3627
4095 768 3583 4095 519 3632
0 1024 3583 0 1029 3613
256 1024 3583 223 1027 3618
512 1024 3583 466 1026 3623
768 1024 3583 738 1025 3628
1024 1024 3583 1002 1021 3636
1280 1024 3583 1265 1017 3643
1536 1024 3583 1532 1015 3642
1792 1024 3583 1797 1012 3641
2048 1024 3583 2060 1009 3640
2303 1024 3583 2322 1005 3639
2559 1024 3583 2584 1001 3638
2815 1024 3583 2845 997 3635
3071 1024 3583 3107 989 3635
3327 1024 3583 3368 980 3633
3583 1024 3583 3627 970 3629
3839 1024 3583 3867 922 3629
4095 1024 3583 4095 850 3630
0 1280 3583 0 1286 3620
256 1280 3583 205 1285 3625
512 1280 3583 442 1285 3629
768 1280 3583 725 1284 3632
1024 1280 3583 996 1282 3637
1280 1280 3583 1262 1280 3642
1536 1280 3583 1529 1278 3642
1792 1280 3583 1794 1275 3643
2048 1280 3583 2059 1272 3643
2303 1280 3583 2321 1268 3642
2559 1280 3583 2584 1263 3642
2815 1280 3583 2847 1258 3640
3071 1280 3583 3109 1251 3639
3327 1280 3583 3371 1244 3638
3583 1280 3583 3631 1235 3633
3839 1280 3583 3870 1206 3630
4095 1280 3583 4095 1163 3628
0 1536 3583 0 1544 3628
256 1536 3583 177 1543 3632
512 1536 3583 404 1543 3635
768 1536 3583 705 1543 3638
1024 1536 3583 984 1541 3640
1280 1536 3583 1258 1540 3641
1536 1536 3583 1525 1539 3641
1792 1536 3583 1792 1537 3641
2048 1536 3583 2056 1534 3641
2303 1536 3583 2319 1531 3641
2559 1536 3583 2583 1527 3641
2815 1536 3583 2846 1522 3640
3071 1536 3583 3109 1516 3640
3327 1536 3583 3372 1509 3639
3583 1536 3583 3635 1497 3636
3839 1536 3583 3873 1475 3632
4095 1536 3583 4095 1447 3625
0 1792 3583 0 1802 3635
256 1792 3583 134 1802 3638
512 1792 3583 346 1802 3641
768 1792 3583 676 1802 3643
1024 1792 3583 969 1801 3643
1280 1792 3583 1251 1800 3641
1536 1792 3583 1521 1799 3640
1792 1792 3583 1788 1797 3640
2048 1792 3583 2053 1795 3640
2303 1792 3583 2316 1793 3640
2559 1792 3583 2580 1789 3640
2815 1792 3583 2844 1785 3640
3071 1792 3583 3108 1780 3639
3327 1792 3583 3372 1773 3638
3583 1792 3583 3636 1761 3636
3839 1792 3583 3874 1744 3630
4095 1792 3583 4095 1724 3621
0 2048 3583 0 2061 3640
256 2048 3583 81 2061 3643
512 2048 3583 276 2061 3646
768 2048 3583 642 2061 3648
1024 2048 3583 952 2061 3645
1280 2048 3583 1242 2060 3641
1536 2048 3583 1515 2059 3639
1792 2048 3583 1783 2058 3638
2048 2048 3583 2050 2056 3638
2303 2048 3583 2313 2054 3638
2559 2048 3583 2577 2051 3638
2815 2048 3583 2842 2048 3638
3071 2048 3583 3106 2043 3638
3327 2048 3583 3371 2037 3637
3583 2048 3583 3634 2027 3634
3839 2048 3583 3873 2013 3627
4095 2048 3583 4095 1996 3617
0 2303 3583 0 2320 3643
256 2303 3583 30 2320 3645
512 2303 3583 206 2320 3647
768 2303 3583 597 2320 3650
1024 2303 3583 915 2319 3650
1280 2303 3583 1212 2319 3649
1536 2303 3583 1499 2318 3641
1792 2303 3583 1775 2316 3638
2048 2303 3583 2044 2315 3636
2303 2303 3583 2308 2313 3636
2559 2303 3583 2573 2311 3636
2815 2303 3583 2838 2308 3636
3071 2303 3583 3103 2304 3635
3327 2303 3583 3368 2298 3635
3583 2303 3583 3632 2289 3632
3839 2303 3583 3872 2277 3624
4095 2303 3583 4095 2262 3612
0 2559 3583 0 2579 3644
256 2559 3583 0 2579 3646
512 2559 3583 157 2580 3648
768 2559 3583 550 2580 3650
1024 2559 3583 876 2580 3652
1280 2559 3583 1183 2579 3652
1536 2559 3583 1483 2578 3642
1792 2559 3583 1765 2576 3636
2048 2559 3583 2036 2575 3634
2303 2559 3583 2302 2573 3634
2559 2559 3583 2568 2571 3633
2815 2559 3583 2833 2569 3633
3071 2559 3583 3099 2565 3633
3327 2559 3583 3365 2560 3632
3583 2559 3583 3629 2552 3628
3839 2559 3583 3870 2541 3619
4095 2559 3583 4095 2527 3606
0 2815 3583 0 2839 3643
256 2815 3583 0 2839 3644
512 2815 3583 143 2840 3646
768 2815 3583 500 2840 3648
1024 2815 3583 832 2840 3649
1280 2815 3583 1155 2840 3649
1536 2815 3583 1465 2838 3639
1792 2815 3583 1752 2836 3634
2048 2815 3583 2024 2835 3633
2303 2815 3583 2293 2834 3631
2559 2815 3583 2562 2832 3630
2815 2815 3583 2828 2830 3630
3071 2815 3583 3095 2826 3629
3327 2815 3583 3361 2822 3628
3583 2815 3583 3625 2815 3624
3839 2815 3583 3867 2804 3613
4095 2815 3583 4095 2791 3599
0 3071 3583 0 3099 3638
256 3071 3583 0 3100 3640
512 3071 3583 123 3100 3641
768 3071 3583 430 3101 3642
1024 3071 3583 773 3101 3643
1280 3071 3583 1116 3101 3643
1536 3071 3583 1423 3100 3639
1792 3071 3583 1719 3098 3634
2048 3071 3583 2009 3096 3629
2303 3071 3583 2279 3095 3628
2559 3071 3583 2549 3093 3626
2815 3071 3583 2816 3091 3626
3071 3071 3583 3085 3088 3624
3327 3071 3583 3354 3084 3622
3583 3071 3583 3620 3076 3618
3839 3071 3583 3865 3066 3607
4095 3071 3583 4095 3054 3592
0 3327 3583 0 3359 3632
256 3327 3583 0 3360 3633
512 3327 3583 98 3361 3634
768 3327 3583 343 3361 3635
1024 3327 3583 703 3361 3635
1280 3327 3583 1074 3361 3636
1536 3327 3583 1377 3361 3637
1792 3327 3583 1681 3360 3632
2048 3327 3583 1986 3357 3624
2303 3327 3583 2257 3356 3623
2559 3327 3583 2529 3355 3622
2815 3327 3583 2798 3354 3620
3071 3327 3583 3071 3350 3618
3327 3327 3583 3344 3346 3615
3583 3327 3583 3612 3337 3609
3839 3327 3583 3860 3327 3598
4095 3327 3583 4095 3316 3585
0 3583 3583 0 3616 3620
256 3583 3583 0 3617 3621
512 3583 3583 59 3618 3622
768 3583 3583 207 3618 3622
1024 3583 3583 600 3619 3622
1280 3583 3583 1025 3619 3623
1536 3583 3583 1338 3619 3622
1792 3583 3583 1640 3619 3621
2048 3583 3583 1933 3618 3618
2303 3583 3583 2209 3618 3616
2559 3583 3583 2485 3617 3614
2815 3583 3583 2759 3616 3611
3071 3583 3583 3042 3612 3607
3327 3583 3583 3323 3606 3601
3583 3583 3583 3591 3594 3587
3839 3583 3583 3847 3584 3580
4095 3583 3583 4095 3576 3577
0 3839 3583 0 3860 3599
256 3839 3583 0 3860 3601
512 3839 3583 73 3861 3603
768 3839 3583 257 3861 3603
1024 3839 3583 644 3862 3604
1280 3839 3583 1055 3862 3604
1536 3839 3583 1363 3862 3603
1792 3839 3583 1656 3862 3603
2048 3839 3583 1940 3862 3602
2303 3839 3583 2214 3862 3601
2559 3839 3583 2488 3862 3599
2815 3839 3583 2760 3862 3597
3071 3839 3583 3038 3859 3593
3327 3839 3583 3315 3854 3589
3583 3839 3583 3581 3846 3578
3839 3839 3583 3840 3840 3576
4095 3839 3583 4094 3835 3580
0 4095 3583 0 4095 3571
256 4095 3583 0 4095 3576
512 4095 3583 123 4095 3579
768 4095 3583 431 4095 3580
1024 4095 3583 786 4095 3581
1280 4095 3583 1138 4095 3582
1536 4095 3583 1429 4095 3581
1792 4095 3583 1711 4095 3581
2048 4095 3583 1987 4095 3580
2303 4095 3583 2255 4095 3579
2559 4095 3583 2522 4095 3579
2815 4095 3583 2788 4095 3578
3071 4095 3583 3052 4095 3578
3327 4095 3583 3315 4095 3577
3583 4095 3583 3577 4095 3578
3839 4095 3583 3836 4094 3583
4095 4095 3583 4093 4093 3591
0 0 3839 286 95 3803
256 0 3839 443 95 3801
512 0 3839 621 90 3802
768 0 3839 827 80 3806
1024 0 3839 1062 78 3811
1280 0 3839 1304 76 3816
1536 0 3839 1550 60 3826
1792 0 3839 1802 48 3834
2048 0 3839 2056 38 3840
2303 0 3839 2311 32 3845
2559 0 3839 2568 21 3850
2815 0 3839 2827 4 3856
3071 0 3839 3084 4 3857
3327 0 3839 3343 7 3858
3583 0 3839 3601 2 3859
3839 0 3839 3851 0 3855
4095 0 3839 4094 0 3847
0 256 3839 142 298 3828
256 256 3839 330 292 3830
512 256 3839 542 287 3831
768 256 3839 788 285 3830
1024 256 3839 1039 287 3829
1280 256 3839 1292 287 3829
1536 256 3839 1544 278 3836
1792 256 3839 1798 269 3842
2048 256 3839 2054 261 3847
2303 256 3839 2311 252 3851
2559 256 3839 2570 240 3855
2815 256 3839 2829 225 3859
3071 256 3839 3088 216 3860
3327 256 3839 3347 206 3861
3583 256 3839 3606 189 3861
3839 256 3839 3854 129 3862
4095 256 3839 4094 40 3861
0 512 3839 56 521 3844
256 512 3839 260 513 3849
512 512 3839 490 508 3850
768 512 3839 758 510 3848
1024 512 3839 1020 512 3846
1280 512 3839 1280 512 3846
1536 512 3839 1537 508 3850
1792 512 3839 1795 502 3854
2048 512 3839 2054 495 3857
2303 512 3839 2312 487 3859
2559 512 3839 2571 477 3861
2815 512 3839 2831 466 3862
3071 512 3839 3090 453 3863
3327 512 3839 3350 438 3863
3583 512 3839 3610 417 3863
3839 512 3839 3857 333 3866
4095 512 3839 4095 207 3871
0 768 3839 59 775 3846
256 768 3839 254 769 3852
512 768 3839 477 765 3857
768 768 3839 744 764 3860
1024 768 3839 1007 761 3865
1280 768 3839 1268 759 3869
1536 768 3839 1531 756 3869
1792 768 3839 1793 752 3870
2048 768 3839 2054 748 3870
2303 768 3839 2313 744 3869
2559 768 3839 2573 740 3867
2815 768 3839 2832 736 3865
3071 768 3839 3092 728 3865
3327 768 3839 3352 718 3865
3583 768 3839 3612 706 3865
3839 768 3839 3858 649 3868
4095 768 3839 4095 563 3872
0 1024 3839 45 1029 3852
256 1024 3839 240 1025 3857
512 1024 3839 466 1023 3861
768 1024 3839 737 1021 3864
1024 1024 3839 1001 1019 3869
1280 1024 3839 1265 1017 3873
1536 1024 3839 1528 1015 3873
1792 1024 3839 1791 1012 3873
2048 1024 3839 2053 1009 3873
2303 1024 3839 2312 1006 3872
2559 1024 3839 2573 1003 3870
2815 1024 3839 2833 999 3869
3071 1024 3839 3093 992 3869
3327 1024 3839 3354 985 3869
3583 1024 3839 3614 976 3868
3839 1024 3839 3859 939 3869
4095 1024 3839 4095 882 3871
0 1280 3839 27 1284 3858
256 1280 3839 223 1282 3862
512 1280 3839 451 1281 3865
768 1280 3839 729 1280 3867
1024 1280 3839 997 1279 3870
1280 1280 3839 1262 1277 3872
1536 1280 3839 1527 1276 3872
1792 1280 3839 1789 1274 3872
2048 1280 3839 2051 1272 3872
2303 1280 3839 2311 1269 3872
2559 1280 3839 2572 1265 3872
2815 1280 3839 2833 1261 3872
3071 1280 3839 3094 1255 3872
3327 1280 3839 3355 1249 3872
3583 1280 3839 3616 1242 3870
3839 1280 3839 3860 1219 3870
4095 1280 3839 4095 1185 3870
0 1536 3839 8 1540 3864
256 1536 3839 194 1539 3867
512 1536 3839 422 1538 3869
768 1536 3839 714 1538 3871
1024 1536 3839 990 1537 3871
1280 1536 3839 1259 1536 3871
1536 1536 3839 1524 1535 3871
1792 1536 3839 1787 1534 3871
2048 1536 3839 2049 1532 3871
2303 1536 3839 2310 1530 3871
2559 1536 3839 2571 1527 3871
2815 1536 3839 2832 1523 3871
3071 1536 3839 3093 1519 3871
3327 1536 3839 3354 1513 3871
3583 1536 3839 3616 1507 3871
3839 1536 3839 3861 1490 3870
4095 1536 3839 4095 1465 3868
0 1792 3839 0 1797 3869
256 1792 3839 162 1796 3871
512 1792 3839 384 1796 3872
768 1792 3839 695 1796 3874
1024 1792 3839 980 1796 3873
1280 1792 3839 1256 1795 3871
1536 1792 3839 1521 1794 3871
1792 1792 3839 1785 1793 3871
2048 1792 3839 2047 1792 3871
2303 1792 3839 2308 1790 3871
2559 1792 3839 2569 1787 3871
2815 1792 3839 2830 1785 3871
3071 1792 3839 3092 1781 3871
3327 1792 3839 3353 1776 3871
3583 1792 3839 3615 1771 3871
3839 1792 3839 3861 1757 3869
4095 1792 3839 4095 1737 3866
0 2048 3839 0 2054 3872
256 2048 3839 128 2054 3874
512 2048 3839 338 2054 3876
768 2048 3839 673 2054 3877
1024 2048 3839 969 2054 3874
1280 2048 3839 1251 2053 3870
1536 2048 3839 1518 2053 3870
1792 2048 3839 1782 2052 3870
2048 2048 3839 2045 2051 3870
2303 2048 3839 2306 2049 3870
2559 2048 3839 2567 2047 3870
2815 2048 3839 2828 2045 3870
3071 2048 3839 3090 2042 3870
3327 2048 3839 3352 2038 3870
3583 2048 3839 3614 2033 3870
3839 2048 3839 3860 2021 3867
4095 2048 3839 4095 2005 3863
0 2303 3839 0 2310 3875
256 2303 3839 92 2311 3876
512 2303 3839 289 2311 3877
768 2303 3839 643 2311 3879
1024 2303 3839 944 2311 3878
1280 2303 3839 1230 2311 3877
1536 2303 3839 1509 2310 3871
1792 2303 3839 1778 2309 3869
2048 2303 3839 2042 2308 3869
2303 2303 3839 2302 2307 3868
2559 2303 3839 2564 2305 3868
2815 2303 3839 2826 2303 3868
3071 2303 3839 3088 2301 3868
3327 2303 3839 3350 2297 3868
3583 2303 3839 3613 2293 3869
3839 2303 3839 3859 2282 3865
4095 2303 3839 4095 2266 3860
0 2559 3839 0 2568 3876
256 2559 3839 70 2569 3877
512 2559 3839 255 2570 3878
768 2559 3839 613 2570 3879
1024 2559 3839 918 2570 3881
1280 2559 3839 1210 2569 3880
1536 2559 3839 1499 2568 3871
1792 2559 3839 1773 2567 3867
2048 2559 3839 2038 2566 3867
2303 2559 3839 2299 2565 3867
2559 2559 3839 2561 2564 3867
2815 2559 3839 2823 2562 3867
3071 2559 3839 3085 2560 3867
3327 2559 3839 3347 2557 3867
3583 2559 3839 3611 2553 3867
3839 2559 3839 3858 2543 3863
4095 2559 3839 4095 2530 3856
0 2815 3839 0 2826 3875
256 2815 3839 70 2827 3876
512 2815 3839 245 2828 3877
768 2815 3839 580 2828 3878
1024 2815 3839 890 2828 3880
1280 2815 3839 1192 2828 3879
1536 2815 3839 1489 2826 3870
1792 2815 3839 1767 2825 3866
2048 2815 3839 2033 2825 3866
2303 2815 3839 2295 2824 3866
2559 2815 3839 2557 2823 3866
2815 2815 3839 2819 2821 3865
3071 2815 3839 3082 2819 3865
3327 2815 3839 3344 2817 3865
3583 2815 3839 3608 2813 3865
3839 2815 3839 3856 2805 3860
4095 2815 3839 4095 2795 3852
0 3071 3839 0 3084 3873
256 3071 3839 69 3086 3874
512 3071 3839 233 3087 3875
768 3071 3839 537 3087 3876
1024 3071 3839 854 3087 3876
1280 3071 3839 1168 3087 3876
1536 3071 3839 1460 3086 3872
1792 3071 3839 1745 3085 3868
2048 3071 3839 2025 3083 3864
2303 3071 3839 2288 3082 3864
2559 3071 3839 2552 3081 3864
2815 3071 3839 2814 3080 3863
3071 3071 3839 3077 3078 3863
3327 3071 3839 3340 3076 3863
3583 3071 3839 3605 3073 3863
3839 3071 3839 3855 3066 3857
4095 3071 3839 4095 3055 3848
0 3327 3839 0 3343 3870
256 3327 3839 63 3345 3871
512 3327 3839 210 3346 3872
768 3327 3839 482 3346 3872
1024 3327 3839 810 3346 3872
1280 3327 3839 1141 3346 3873
1536 3327 3839 1428 3346 3874
1792 3327 3839 1719 3344 3870
2048 3327 3839 2011 3342 3863
2303 3327 3839 2276 3342 3863
2559 3327 3839 2541 3341 3862
2815 3327 3839 2805 3340 3862
3071 3327 3839 3070 3338 3861
3327 3327 3839 3335 3336 3860
3583 3327 3839 3599 3332 3859
3839 3327 3839 3851 3324 3852
4095 3327 3839 4095 3315 3843
0 3583 3839 0 3600 3865
256 3583 3839 31 3602 3866
512 3583 3839 148 3603 3866
768 3583 3839 393 3604 3866
1024 3583 3839 748 3605 3867
1280 3583 3839 1112 3605 3867
1536 3583 3839 1406 3605 3867
1792 3583 3839 1692 3605 3866
2048 3583 3839 1974 3604 3864
2303 3583 3839 2243 3604 3863
2559 3583 3839 2511 3603 3863
2815 3583 3839 2779 3602 3862
3071 3583 3839 3051 3600 3859
3327 3583 3839 3323 3596 3855
3583 3583 3839 3586 3587 3848
3839 3583 3839 3842 3581 3842
4095 3583 3839 4095 3576 3838
0 3839 3839 0 3848 3851
256 3839 3839 12 3850 3853
512 3839 3839 131 3851 3854
768 3839 3839 411 3852 3855
1024 3839 3839 768 3853 3855
1280 3839 3839 1127 3853 3855
1536 3839 3839 1420 3853 3855
1792 3839 3839 1701 3853 3855
2048 3839 3839 1974 3853 3854
2303 3839 3839 2243 3853 3854
2559 3839 3839 2511 3853 3853
2815 3839 3839 2778 3853 3852
3071 3839 3839 3049 3851 3850
3327 3839 3839 3318 3848 3847
3583 3839 3839 3579 3841 3840
3839 3839 3839 3838 3838 3838
4095 3839 3839 4095 3835 3838
0 4095 3839 0 4089 3831
256 4095 3839 0 4090 3835
512 4095 3839 143 4092 3838
768 4095 3839 501 4093 3839
1024 4095 3839 843 4094 3839
1280 4095 3839 1171 4094 3839
1536 4095 3839 1460 4094 3839
1792 4095 3839 1734 4094 3839
2048 4095 3839 1999 4095 3838
2303 4095 3839 2264 4094 3838
2559 4095 3839 2530 4094 3837
2815 4095 3839 2795 4095 3837
3071 4095 3839 3056 4095 3836
3327 4095 3839 3317 4095 3836
3583 4095 3839 3577 4095 3836
3839 4095 3839 3836 4095 3838
4095 4095 3839 4094 4094 3842
0 0 4095 334 117 4045
256 0 4095 483 121 4044
512 0 4095 649 116 4047
768 0 4095 841 96 4058
1024 0 4095 1073 103 4057
1280 0 4095 1314 111 4057
1536 0 4095 1555 90 4067
1792 0 4095 1802 84 4073
2048 0 4095 2054 88 4077
2303 0 4095 2305 80 4079
2559 0 4095 2559 57 4084
2815 0 4095 2816 10 4093
3071 0 4095 3070 10 4092
3327 0 4095 3324 18 4090
3583 0 4095 3580 5 4091
3839 0 4095 3835 0 4092
4095 0 4095 4091 0 4092
0 256 4095 201 311 4072
256 256 4095 347 299 4074
512 256 4095 532 289 4077
768 256 4095 777 281 4081
1024 256 4095 1030 282 4081
1280 256 4095 1285 284 4081
1536 256 4095 1538 274 4085
1792 256 4095 1793 269 4087
2048 256 4095 2050 267 4088
2303 256 4095 2305 261 4089
2559 256 4095 2562 247 4091
2815 256 4095 2820 222 4094
3071 256 4095 3076 219 4094
3327 256 4095 3332 217 4093
3583 256 4095 3589 199 4094
3839 256 4095 3843 159 4094
4095 256 4095 4094 106 4094
0 512 4095 130 529 4087
256 512 4095 268 510 4092
512 512 4095 462 498 4095
768 512 4095 738 497 4095
1024 512 4095 1004 495 4095
1280 512 4095 1268 493 4095
1536 512 4095 1528 490 4095
1792 512 4095 1788 487 4095
2048 512 4095 2047 482 4095
2303 512 4095 2304 477 4095
2559 512 4095 2563 470 4095
2815 512 4095 2822 461 4095
3071 512 4095 3079 455 4095
3327 512 4095 3337 447 4095
3583 512 4095 3596 429 4095
3839 512 4095 3848 378 4095
4095 512 4095 4095 306 4095
0 768 4095 153 781 4083
256 768 4095 276 768 4090
512 768 4095 461 760 4095
768 768 4095 737 759 4095
1024 768 4095 1003 758 4095
1280 768 4095 1267 757 4095
1536 768 4095 1527 755 4095
1792 768 4095 1787 753 4095
2048 768 4095 2046 750 4095
2303 768 4095 2304 747 4095
2559 768 4095 2563 742 4095
2815 768 4095 2821 737 4095
3071 768 4095 3080 731 4095
3327 768 4095 3338 724 4095
3583 768 4095 3597 714 4095
3839 768 4095 3848 686 4095
4095 768 4095 4095 645 4095
0 1024 4095 120 1032 4086
256 1024 4095 266 1024 4092
512 1024 4095 463 1019 4095
768 1024 4095 736 1018 4095
1024 1024 4095 1002 1018 4095
1280 1024 4095 1266 1017 4095
1536 1024 4095 1527 1015 4095
1792 1024 4095 1786 1014 4095
2048 1024 4095 2046 1012 4095
2303 1024 4095 2303 1009 4095
2559 1024 4095 2562 1007 4095
2815 1024 4095 2821 1003 4095
3071 1024 4095 3079 998 4095
3327 1024 4095 3338 993 4095
3583 1024 4095 3597 986 4095
3839 1024 4095 3848 968 4095
4095 1024 4095 4095 943 4095
0 1280 4095 73 1284 4091
256 1280 4095 249 1280 4093
512 1280 4095 463 1278 4095
768 1280 4095 734 1277 4095
1024 1280 4095 1000 1276 4095
1280 1280 4095 1264 1275 4095
1536 1280 4095 1525 1274 4095
1792 1280 4095 1785 1273 4095
2048 1280 4095 2045 1272 4095
2303 1280 4095 2303 1270 4095
2559 1280 4095 2561 1268 4095
2815 1280 4095 2820 1265 4095
3071 1280 4095 3079 1262 4095
3327 1280 4095 3337 1258 4095
3583 1280 4095 3596 1253 4095
3839 1280 4095 3848 1242 4095
4095 1280 4095 4095 1227 4095
0 1536 4095 21 1537 4094
256 1536 4095 219 1536 4095
512 1536 4095 450 1534 4095
768 1536 4095 730 1534 4095
1024 1536 4095 998 1533 4095
1280 1536 4095 1263 1533 4095
1536 1536 4095 1524 1532 4095
1792 1536 4095 1784 1531 4095
2048 1536 4095 2044 1530 4095
2303 1536 4095 2302 1529 4095
2559 1536 4095 2560 1527 4095
2815 1536 4095 2819 1525 4095
3071 1536 4095 3078 1522 4095
3327 1536 4095 3336 1519 4095
3583 1536 4095 3595 1515 4095
3839 1536 4095 3847 1508 4095
4095 1536 4095 4095 1498 4095
0 1792 4095 0 1792 4095
256 1792 4095 204 1791 4095
512 1792 4095 441 1791 4095
768 1792 4095 726 1791 4095
1024 1792 4095 996 1791 4095
1280 1792 4095 1261 1790 4095
1536 1792 4095 1523 1790 4095
1792 1792 4095 1783 1789 4095
2048 1792 4095 2043 1788 4095
2303 1792 4095 2301 1787 4095
2559 1792 4095 2559 1786 4095
2815 1792 4095 2818 1784 4095
3071 1792 4095 3077 1782 4095
3327 1792 4095 3335 1779 4095
3583 1792 4095 3594 1776 4095
3839 1792 4095 3847 1770 4095
4095 1792 4095 4095 1762 4095
0 2048 4095 0 2047 4095
256 2048 4095 201 2047 4095
512 2048 4095 436 2048 4095
768 2048 4095 723 2048 4095
1024 2048 4095 993 2048 4095
1280 2048 4095 1259 2047 4095
1536 2048 4095 1521 2047 4095
1792 2048 4095 1781 2046 4095
2048 2048 4095 2041 2046 4095
2303 2048 4095 2299 2045 4095
2559 2048 4095 2558 2044 4095
2815 2048 4095 2817 2042 4095
3071 2048 4095 3075 2041 4095
3327 2048 4095 3334 2039 4095
3583 2048 4095 3593 2036 4095
3839 2048 4095 3846 2030 4095
4095 2048 4095 4095 2021 4095
0 2303 4095 0 2300 4095
256 2303 4095 193 2302 4095
512 2303 4095 425 2303 4095
768 2303 4095 718 2303 4095
1024 2303 4095 991 2303 4095
1280 2303 4095 1257 2303 4095
1536 2303 4095 1519 2303 4095
1792 2303 4095 1780 2302 4095
2048 2303 4095 2040 2302 4095
2303 2303 4095 2298 2301 4095
2559 2303 4095 2557 2300 4095
2815 2303 4095 2815 2299 4095
3071 2303 4095 3074 2298 4095
3327 2303 4095 3333 2296 4095
3583 2303 4095 3592 2294 4095
3839 2303 4095 3845 2287 4095
4095 2303 4095 4095 2276 4095
0 2559 4095 0 2555 4095
256 2559 4095 187 2558 4095
512 2559 4095 418 2560 4095
768 2559 4095 714 2560 4095
1024 2559 4095 988 2560 4095
1280 2559 4095 1255 2560 4095
1536 2559 4095 1517 2559 4095
1792 2559 4095 1778 2559 4095
2048 2559 4095 2038 2559 4095
2303 2559 4095 2296 2558 4095
2559 2559 4095 2555 2557 4095
2815 2559 4095 2814 2556 4095
3071 2559 4095 3073 2555 4095
3327 2559 4095 3331 2554 4095
3583 2559 4095 3590 2552 4095
3839 2559 4095 3844 2546 4095
4095 2559 4095 4095 2536 4095
0 2815 4095 0 2810 4095
256 2815 4095 186 2814 4095
512 2815 4095 416 2816 4095
768 2815 4095 712 2816 4095
1024 2815 4095 986 2816 4095
1280 2815 4095 1253 2816 4095
1536 2815 4095 1515 2816 4095
1792 2815 4095 1776 2816 4095
2048 2815 4095 2037 2815 4095
2303 2815 4095 2295 2815 4095
2559 2815 4095 2554 2814 4095
2815 2815 4095 2812 2814 4095
3071 2815 4095 3071 2813 4095
3327 2815 4095 3330 2812 4095
3583 2815 4095 3589 2810 4095
3839 2815 4095 3843 2806 4095
4095 2815 4095 4095 2802 4095
0 3071 4095 0 3068 4095
256 3071 4095 185 3071 4095
512 3071 4095 415 3073 4095
768 3071 4095 710 3073 4095
1024 3071 4095 984 3073 4095
1280 3071 4095 1252 3072 4095
1536 3071 4095 1514 3072 4095
1792 3071 4095 1775 3072 4095
2048 3071 4095 2035 3072 4095
2303 3071 4095 2293 3072 4095
2559 3071 4095 2552 3071 4095
2815 3071 4095 2811 3071 4095
3071 3071 4095 3069 3070 4095
3327 3071 4095 3328 3069 4095
3583 3071 4095 3587 3068 4095
3839 3071 4095 3842 3064 4095
4095 3071 4095 4095 3059 4095
0 3327 4095 0 3325 4095
256 3327 4095 168 3327 4095
512 3327 4095 394 3328 4095
768 3327 4095 707 3329 4095
1024 3327 4095 984 3329 4095
1280 3327 4095 1252 3329 4095
1536 3327 4095 1514 3329 4095
1792 3327 4095 1775 3328 4095
2048 3327 4095 2034 3328 4095
2303 3327 4095 2292 3328 4095
2559 3327 4095 2551 3328 4095
2815 3327 4095 2809 3327 4095
3071 3327 4095 3067 3327 4095
3327 3327 4095 3326 3326 4095
3583 3327 4095 3585 3325 4095
3839 3327 4095 3841 3321 4095
4095 3327 4095 4095 3315 4095
0 3583 4095 0 3578 4095
256 3583 4095 83 3580 4095
512 3583 4095 294 3583 4095
768 3583 4095 693 3584 4095
1024 3583 4095 988 3585 4095
1280 3583 4095 1255 3585 4095
1536 3583 4095 1516 3585 4095
1792 3583 4095 1776 3584 4095
2048 3583 4095 2035 3584 4095
2303 3583 4095 2292 3584 4095
2559 3583 4095 2550 3584 4095
2815 3583 4095 2808 3584 4095
3071 3583 4095 3066 3584 4095
3327 3583 4095 3324 3583 4095
3583 3583 4095 3582 3582 4095
3839 3583 4095 3839 3580 4095
4095 3583 4095 4095 3576 4095
0 3839 4095 0 3829 4091
256 3839 4095 31 3832 4091
512 3839 4095 220 3835 4093
768 3839 4095 645 3838 4094
1024 3839 4095 962 3839 4094
1280 3839 4095 1248 3839 4094
1536 3839 4095 1517 3839 4094
1792 3839 4095 1777 3839 4095
2048 3839 4095 2031 3840 4095
2303 3839 4095 2289 3839 4095
2559 3839 4095 2548 3839 4095
2815 3839 4095 2809 3839 4095
3071 3839 4095 3066 3839 4095
3327 3839 4095 3323 3839 4095
3583 3839 4095 3581 3839 4095
3839 3839 4095 3838 3838 4095
4095 3839 4095 4095 3836 4095
0 4095 4095 0 4079 4083
256 4095 4095 0 4082 4085
512 4095 4095 164 4086 4088
768 4095 4095 573 4091 4093
1024 4095 4095 917 4092 4093
1280 4095 4095 1236 4093 4093
1536 4095 4095 1518 4093 4093
1792 4095 4095 1778 4093 4094
2048 4095 4095 2024 4094 4095
2303 4095 4095 2284 4094 4094
2559 4095 4095 2545 4094 4094
2815 4095 4095 2810 4094 4095
3071 4095 4095 3066 4094 4094
3327 4095 4095 3321 4094 4094
3583 4095 4095 3580 4095 4095
3839 4095 4095 3838 4095 4095
4095 4095 4095 4095 4095 4095
