0	0	0	0	0	0
256	0	0	240	0	0
512	0	0	494	93	0
768	0	0	740	128	0
1024	0	0	987	175	0
1280	0	0	1233	226	93
1536	0	0	1479	266	93
1792	0	0	1726	310	128
2048	0	0	1974	356	128
2303	0	0	2219	403	154
2559	0	0	2465	445	175
2815	0	0	2712	494	194
3071	0	0	2959	537	211
3327	0	0	3205	582	226
3583	0	0	3452	627	240
3839	0	0	3699	669	254
4095	0	0	3945	715	266
0	256	0	0	254	0
256	256	0	254	254	0
512	256	0	494	266	0
768	256	0	740	278	0
1024	256	0	987	300	93
1280	256	0	1235	329	93
1536	256	0	1481	356	93
1792	256	0	1727	388	128
2048	256	0	1974	425	128
2303	256	0	2219	464	154
2559	256	0	2466	499	175
2815	256	0	2713	543	194
3071	256	0	2959	582	211
3327	256	0	3206	623	226
3583	256	0	3452	665	240
3839	256	0	3699	704	254
4095	256	0	3946	747	278
0	512	0	128	505	93
256	512	0	278	505	93
512	512	0	505	511	93
768	512	0	747	516	93
1024	512	0	992	527	93
1280	512	0	1237	543	93
1536	512	0	1484	558	128
1792	512	0	1730	577	128
2048	512	0	1976	601	154
2303	512	0	2221	627	175
2559	512	0	2468	652	175
2815	512	0	2714	684	194
3071	512	0	2961	715	211
3327	512	0	3207	747	226
3583	512	0	3454	781	240
3839	512	0	3700	817	266
4095	512	0	3947	851	278
0	768	0	211	758	128
256	768	0	310	758	128
512	768	0	522	761	128
768	768	0	758	764	128
1024	768	0	1000	771	128
1280	768	0	1244	781	128
1536	768	0	1489	791	154
1792	768	0	1734	807	154
2048	768	0	1979	820	175
2303	768	0	2224	838	175
2559	768	0	2470	859	194
2815	768	0	2716	880	211
3071	768	0	2963	903	226
3327	768	0	3209	927	240
3583	768	0	3455	954	254
3839	768	0	3702	982	278
4095	768	0	3948	1009	289
0	1024	0	266	1012	154
256	1024	0	356	1012	154
512	1024	0	548	1014	154
768	1024	0	775	1017	154
1024	1024	0	1012	1021	154
1280	1024	0	1254	1029	175
1536	1024	0	1496	1036	175
1792	1024	0	1740	1045	194
2048	1024	0	1984	1057	194
2303	1024	0	2229	1071	211
2559	1024	0	2475	1084	226
2815	1024	0	2720	1100	226
3071	1024	0	2966	1119	240
3327	1024	0	3212	1138	254
3583	1024	0	3458	1157	278
3839	1024	0	3704	1180	289
4095	1024	0	3951	1204	300
0	1280	0	339	1263	194
256	1280	0	403	1265	194
512	1280	0	582	1265	194
768	1280	0	798	1269	194
1024	1280	0	1029	1273	194
1280	1280	0	1265	1276	211
1536	1280	0	1505	1284	211
1792	1280	0	1749	1291	211
2048	1280	0	1992	1300	226
2303	1280	0	2235	1309	240
2559	1280	0	2480	1321	240
2815	1280	0	2725	1334	254
3071	1280	0	2970	1347	266
3327	1280	0	3216	1363	278
3583	1280	0	3462	1380	289
3839	1280	0	3708	1398	310
4095	1280	0	3953	1416	320
0	1536	0	403	1517	226
256	1536	0	464	1517	226
512	1536	0	618	1517	226
768	1536	0	823	1520	226
1024	1536	0	1047	1523	240
1280	1536	0	1282	1526	240
1536	1536	0	1519	1532	240
1792	1536	0	1759	1538	254
2048	1536	0	2001	1545	254
2303	1536	0	2243	1553	266
2559	1536	0	2487	1563	278
2815	1536	0	2731	1573	289
3071	1536	0	2976	1584	300
3327	1536	0	3221	1597	310
3583	1536	0	3466	1611	320
3839	1536	0	3712	1626	329
4095	1536	0	3958	1643	339
0	1792	0	476	1769	266
256	1792	0	522	1770	266
512	1792	0	665	1770	266
768	1792	0	856	1773	266
1024	1792	0	1071	1775	266
1280	1792	0	1300	1778	278
1536	1792	0	1534	1783	278
1792	1792	0	1771	1787	289
2048	1792	0	2011	1794	289
2303	1792	0	2252	1800	300
2559	1792	0	2495	1808	310
2815	1792	0	2739	1817	320
3071	1792	0	2983	1826	320
3327	1792	0	3227	1837	339
3583	1792	0	3472	1849	347
3839	1792	0	3717	1862	356
4095	1792	0	3962	1876	365
0	2048	0	543	2022	300
256	2048	0	582	2022	300
512	2048	0	711	2023	300
768	2048	0	891	2024	310
1024	2048	0	1100	2026	310
1280	2048	0	1321	2029	310
1536	2048	0	1551	2033	320
1792	2048	0	1786	2037	320
2048	2048	0	2025	2042	329
2303	2048	0	2264	2048	329
2559	2048	0	2505	2056	339
2815	2048	0	2748	2063	347
3071	2048	0	2991	2071	356
3327	2048	0	3234	2080	365
3583	2048	0	3479	2091	373
3839	2048	0	3724	2102	381
4095	2048	0	3968	2113	396
0	2303	0	610	2274	339
256	2303	0	644	2274	339
512	2303	0	761	2275	339
768	2303	0	930	2276	347
1024	2303	0	1130	2278	347
1280	2303	0	1346	2280	347
1536	2303	0	1572	2284	347
1792	2303	0	1803	2287	356
2048	2303	0	2040	2292	365
2303	2303	0	2277	2296	365
2559	2303	0	2517	2303	373
2815	2303	0	2758	2309	381
3071	2303	0	3000	2316	388
3327	2303	0	3243	2324	396
3583	2303	0	3487	2333	403
3839	2303	0	3731	2343	411
4095	2303	0	3975	2354	425
0	2559	0	677	2527	381
256	2559	0	711	2527	381
512	2559	0	814	2528	381
768	2559	0	972	2529	381
1024	2559	0	1163	2530	381
1280	2559	0	1373	2532	388
1536	2559	0	1594	2535	388
1792	2559	0	1824	2538	388
2048	2559	0	2057	2542	396
2303	2559	0	2292	2546	403
2559	2559	0	2530	2552	403
2815	2559	0	2769	2558	411
3071	2559	0	3011	2564	418
3327	2559	0	3252	2571	425
3583	2559	0	3496	2579	438
3839	2559	0	3739	2588	445
4095	2559	0	3982	2597	451
0	2815	0	744	2780	418
256	2815	0	775	2780	418
512	2815	0	868	2780	418
768	2815	0	1017	2781	418
1024	2815	0	1200	2782	418
1280	2815	0	1405	2785	425
1536	2815	0	1621	2787	425
1792	2815	0	1845	2790	432
2048	2815	0	2075	2793	432
2303	2815	0	2308	2798	438
2559	2815	0	2545	2802	445
2815	2815	0	2783	2808	445
3071	2815	0	3023	2813	451
3327	2815	0	3264	2820	458
3583	2815	0	3505	2827	470
3839	2815	0	3748	2834	476
4095	2815	0	3991	2842	482
0	3071	0	814	3032	458
256	3071	0	838	3033	458
512	3071	0	927	3033	458
768	3071	0	1066	3034	458
1024	3071	0	1241	3035	458
1280	3071	0	1437	3037	458
1536	3071	0	1648	3039	464
1792	3071	0	1869	3042	464
2048	3071	0	2096	3045	470
2303	3071	0	2326	3048	470
2559	3071	0	2561	3053	476
2815	3071	0	2798	3057	482
3071	3071	0	3036	3062	488
3327	3071	0	3276	3068	494
3583	3071	0	3516	3075	499
3839	3071	0	3758	3082	511
4095	3071	0	4001	3089	516
0	3327	0	880	3285	494
256	3327	0	905	3285	494
512	3327	0	985	3286	494
768	3327	0	1115	3286	494
1024	3327	0	1282	3288	494
1280	3327	0	1472	3289	499
1536	3327	0	1678	3291	499
1792	3327	0	1895	3294	499
2048	3327	0	2119	3296	505
2303	3327	0	2347	3300	511
2559	3327	0	2578	3304	511
2815	3327	0	2813	3308	516
3071	3327	0	3051	3313	522
3327	3327	0	3289	3318	527
3583	3327	0	3529	3323	537
3839	3327	0	3770	3330	543
4095	3327	0	4011	3337	548
0	3583	0	949	3538	532
256	3583	0	969	3538	532
512	3583	0	1045	3538	532
768	3583	0	1168	3539	532
1024	3583	0	1327	3540	532
1280	3583	0	1510	3541	532
1536	3583	0	1710	3544	537
1792	3583	0	1923	3546	537
2048	3583	0	2143	3548	543
2303	3583	0	2368	3551	548
2559	3583	0	2598	3555	548
2815	3583	0	2831	3559	553
3071	3583	0	3066	3563	558
3327	3583	0	3304	3568	563
3583	3583	0	3542	3573	568
3839	3583	0	3782	3579	577
4095	3583	0	4022	3585	582
0	3839	0	1017	3791	568
256	3839	0	1036	3791	568
512	3839	0	1106	3791	568
768	3839	0	1221	3792	568
1024	3839	0	1371	3793	572
1280	3839	0	1550	3794	572
1536	3839	0	1745	3796	572
1792	3839	0	1953	3798	577
2048	3839	0	2169	3800	577
2303	3839	0	2391	3803	582
2559	3839	0	2619	3806	587
2815	3839	0	2850	3810	591
3071	3839	0	3084	3814	596
3327	3839	0	3319	3818	601
3583	3839	0	3557	3823	605
3839	3839	0	3795	3829	610
4095	3839	0	4035	3834	618
0	4095	0	1084	4043	605
256	4095	0	1102	4044	605
512	4095	0	1168	4044	605
768	4095	0	1276	4045	610
1024	4095	0	1421	4046	610
1280	4095	0	1592	4046	610
1536	4095	0	1781	4048	610
1792	4095	0	1984	4050	614
2048	4095	0	2197	4052	618
2303	4095	0	2416	4055	618
2559	4095	0	2642	4058	623
2815	4095	0	2870	4061	627
3071	4095	0	3102	4065	631
3327	4095	0	3336	4069	636
3583	4095	0	3572	4074	640
3839	4095	0	3809	4079	644
4095	4095	0	4048	4084	652
0	0	256	0	0	254
256	0	256	254	0	254
512	0	256	494	93	254
768	0	256	740	128	254
1024	0	256	987	175	266
1280	0	256	1233	226	266
1536	0	256	1481	266	266
1792	0	256	1727	310	278
2048	0	256	1974	356	278
2303	0	256	2219	403	289
2559	0	256	2465	445	300
2815	0	256	2713	494	310
3071	0	256	2959	537	320
3327	0	256	3206	582	329
3583	0	256	3452	627	339
3839	0	256	3699	673	347
4095	0	256	3946	715	356
0	256	256	93	254	254
256	256	256	254	254	254
512	256	256	499	266	254
768	256	256	744	278	254
1024	256	256	990	300	266
1280	256	256	1235	329	266
1536	256	256	1481	356	266
1792	256	256	1727	388	278
2048	256	256	1974	425	278
2303	256	256	2219	464	289
2559	256	256	2466	499	300
2815	256	256	2713	543	310
3071	256	256	2959	582	320
3327	256	256	3206	623	329
3583	256	256	3452	665	339
3839	256	256	3699	704	347
4095	256	256	3946	747	365
0	512	256	128	505	266
256	512	256	278	505	266
512	512	256	505	511	266
768	512	256	747	516	266
1024	512	256	992	527	266
1280	512	256	1239	543	266
1536	512	256	1484	558	278
1792	512	256	1730	577	278
2048	512	256	1976	601	289
2303	512	256	2221	627	300
2559	512	256	2468	652	300
2815	512	256	2714	684	310
3071	512	256	2961	715	320
3327	512	256	3207	747	329
3583	512	256	3454	781	339
3839	512	256	3700	817	356
4095	512	256	3947	851	365
0	768	256	211	758	278
256	768	256	310	758	278
512	768	256	527	761	278
768	768	256	761	764	278
1024	768	256	1002	771	278
1280	768	256	1244	781	278
1536	768	256	1489	791	289
1792	768	256	1734	807	289
2048	768	256	1979	820	300
2303	768	256	2224	838	310
2559	768	256	2470	859	310
2815	768	256	2716	880	320
3071	768	256	2963	903	329
3327	768	256	3209	927	339
3583	768	256	3455	954	347
3839	768	256	3702	982	365
4095	768	256	3948	1009	373
0	1024	256	278	1012	289
256	1024	256	356	1012	289
512	1024	256	553	1014	289
768	1024	256	778	1017	289
1024	1024	256	1012	1021	289
1280	1024	256	1254	1029	300
1536	1024	256	1496	1036	300
1792	1024	256	1740	1045	310
2048	1024	256	1984	1057	310
2303	1024	256	2229	1071	320
2559	1024	256	2475	1084	329
2815	1024	256	2720	1100	329
3071	1024	256	2966	1119	339
3327	1024	256	3212	1138	356
3583	1024	256	3458	1157	365
3839	1024	256	3704	1180	373
4095	1024	256	3951	1204	381
0	1280	256	339	1263	310
256	1280	256	411	1265	310
512	1280	256	582	1265	310
768	1280	256	798	1269	310
1024	1280	256	1029	1273	310
1280	1280	256	1265	1276	320
1536	1280	256	1507	1284	320
1792	1280	256	1749	1291	320
2048	1280	256	1992	1300	329
2303	1280	256	2235	1309	339
2559	1280	256	2480	1321	339
2815	1280	256	2725	1334	347
3071	1280	256	2971	1347	356
3327	1280	256	3216	1363	365
3583	1280	256	3462	1380	381
3839	1280	256	3708	1398	388
4095	1280	256	3954	1418	396
0	1536	256	411	1517	329
256	1536	256	464	1517	329
512	1536	256	623	1517	329
768	1536	256	826	1520	329
1024	1536	256	1047	1523	339
1280	1536	256	1282	1526	339
1536	1536	256	1519	1532	339
1792	1536	256	1759	1538	347
2048	1536	256	2001	1545	347
2303	1536	256	2243	1553	356
2559	1536	256	2487	1563	365
2815	1536	256	2731	1573	373
3071	1536	256	2976	1584	381
3327	1536	256	3221	1597	388
3583	1536	256	3466	1611	396
3839	1536	256	3712	1626	403
4095	1536	256	3958	1643	418
0	1792	256	476	1770	356
256	1792	256	522	1770	356
512	1792	256	665	1770	356
768	1792	256	856	1773	356
1024	1792	256	1073	1775	356
1280	1792	256	1300	1778	365
1536	1792	256	1534	1783	365
1792	1792	256	1771	1787	373
2048	1792	256	2012	1794	373
2303	1792	256	2253	1800	381
2559	1792	256	2495	1808	388
2815	1792	256	2739	1817	396
3071	1792	256	2983	1826	396
3327	1792	256	3227	1837	411
3583	1792	256	3472	1849	418
3839	1792	256	3717	1862	425
4095	1792	256	3962	1876	432
0	2048	256	543	2022	381
256	2048	256	587	2022	381
512	2048	256	711	2023	381
768	2048	256	891	2024	388
1024	2048	256	1100	2026	388
1280	2048	256	1321	2029	388
1536	2048	256	1551	2033	396
1792	2048	256	1787	2038	396
2048	2048	256	2025	2042	403
2303	2048	256	2264	2048	403
2559	2048	256	2505	2056	411
2815	2048	256	2748	2063	418
3071	2048	256	2991	2071	425
3327	2048	256	3234	2080	432
3583	2048	256	3479	2091	438
3839	2048	256	3724	2102	445
4095	2048	256	3968	2113	458
0	2303	256	610	2274	411
256	2303	256	648	2274	411
512	2303	256	761	2275	411
768	2303	256	930	2276	418
1024	2303	256	1130	2278	418
1280	2303	256	1346	2281	418
1536	2303	256	1573	2284	425
1792	2303	256	1805	2287	425
2048	2303	256	2040	2292	432
2303	2303	256	2277	2297	432
2559	2303	256	2517	2303	438
2815	2303	256	2758	2309	445
3071	2303	256	3001	2316	451
3327	2303	256	3243	2324	458
3583	2303	256	3487	2333	464
3839	2303	256	3731	2343	470
4095	2303	256	3975	2354	482
0	2559	256	677	2527	445
256	2559	256	711	2527	445
512	2559	256	814	2528	445
768	2559	256	972	2529	445
1024	2559	256	1163	2530	445
1280	2559	256	1375	2532	451
1536	2559	256	1596	2535	451
1792	2559	256	1824	2538	451
2048	2559	256	2057	2542	458
2303	2559	256	2292	2547	464
2559	2559	256	2530	2552	470
2815	2559	256	2770	2558	470
3071	2559	256	3011	2564	476
3327	2559	256	3253	2571	482
3583	2559	256	3496	2579	494
3839	2559	256	3739	2588	499
4095	2559	256	3983	2597	505
0	2815	256	747	2780	476
256	2815	256	775	2780	476
512	2815	256	868	2780	476
768	2815	256	1019	2781	476
1024	2815	256	1200	2782	476
1280	2815	256	1405	2785	482
1536	2815	256	1621	2787	482
1792	2815	256	1845	2790	488
2048	2815	256	2075	2793	488
2303	2815	256	2308	2798	494
2559	2815	256	2545	2802	499
2815	2815	256	2783	2808	499
3071	2815	256	3023	2813	505
3327	2815	256	3264	2820	511
3583	2815	256	3505	2827	522
3839	2815	256	3748	2835	527
4095	2815	256	3991	2842	532
0	3071	256	814	3033	511
256	3071	256	838	3033	511
512	3071	256	927	3033	511
768	3071	256	1066	3034	511
1024	3071	256	1241	3035	511
1280	3071	256	1437	3037	511
1536	3071	256	1648	3039	516
1792	3071	256	1869	3042	516
2048	3071	256	2097	3045	522
2303	3071	256	2327	3048	522
2559	3071	256	2561	3053	527
2815	3071	256	2798	3057	532
3071	3071	256	3036	3062	537
3327	3071	256	3276	3068	543
3583	3071	256	3516	3075	548
3839	3071	256	3759	3082	558
4095	3071	256	4001	3089	563
0	3327	256	880	3285	543
256	3327	256	905	3285	543
512	3327	256	985	3286	543
768	3327	256	1115	3286	543
1024	3327	256	1282	3288	543
1280	3327	256	1473	3289	548
1536	3327	256	1679	3291	548
1792	3327	256	1895	3294	553
2048	3327	256	2119	3296	553
2303	3327	256	2347	3300	558
2559	3327	256	2579	3304	563
2815	3327	256	2814	3308	563
3071	3327	256	3051	3313	568
3327	3327	256	3289	3318	572
3583	3327	256	3529	3324	582
3839	3327	256	3770	3330	587
4095	3327	256	4011	3337	591
0	3583	256	949	3538	577
256	3583	256	972	3538	577
512	3583	256	1045	3538	577
768	3583	256	1168	3539	577
1024	3583	256	1327	3540	577
1280	3583	256	1510	3541	582
1536	3583	256	1710	3544	582
1792	3583	256	1924	3546	582
2048	3583	256	2144	3548	587
2303	3583	256	2369	3551	591
2559	3583	256	2598	3555	591
2815	3583	256	2831	3559	596
3071	3583	256	3066	3563	601
3327	3583	256	3304	3568	605
3583	3583	256	3543	3573	610
3839	3583	256	3782	3579	618
4095	3583	256	4022	3585	623
0	3839	256	1017	3791	610
256	3839	256	1036	3791	610
512	3839	256	1106	3791	610
768	3839	256	1221	3792	610
1024	3839	256	1373	3793	614
1280	3839	256	1550	3794	614
1536	3839	256	1745	3796	614
1792	3839	256	1953	3798	618
2048	3839	256	2170	3800	618
2303	3839	256	2392	3803	623
2559	3839	256	2619	3806	627
2815	3839	256	2850	3810	631
3071	3839	256	3084	3814	636
3327	3839	256	3319	3818	640
3583	3839	256	3557	3823	644
3839	3839	256	3796	3829	648
4095	3839	256	4035	3834	657
0	4095	256	1084	4043	644
256	4095	256	1102	4044	644
512	4095	256	1168	4044	644
768	4095	256	1276	4045	648
1024	4095	256	1421	4046	648
1280	4095	256	1592	4046	648
1536	4095	256	1781	4048	648
1792	4095	256	1984	4050	652
2048	4095	256	2198	4052	657
2303	4095	256	2417	4055	657
2559	4095	256	2642	4058	661
2815	4095	256	2870	4061	665
3071	4095	256	3102	4065	669
3327	4095	256	3336	4069	673
3583	4095	256	3573	4074	677
3839	4095	256	3810	4079	681
4095	4095	256	4048	4084	688
0	0	512	93	0	505
256	0	512	266	0	511
512	0	512	499	93	511
768	0	512	744	128	511
1024	0	512	990	175	511
1280	0	512	1235	226	511
1536	0	512	1481	266	516
1792	0	512	1729	320	516
2048	0	512	1975	356	522
2303	0	512	2220	403	522
2559	0	512	2466	451	527
2815	0	512	2713	494	532
3071	0	512	2959	537	537
3327	0	512	3206	582	543
3583	0	512	3453	627	548
3839	0	512	3700	673	558
4095	0	512	3946	715	563
0	256	512	128	254	511
256	256	512	266	254	511
512	256	512	499	266	511
768	256	512	747	278	511
1024	256	512	990	300	511
1280	256	512	1237	329	511
1536	256	512	1482	356	516
1792	256	512	1729	388	516
2048	256	512	1975	425	522
2303	256	512	2220	464	527
2559	256	512	2467	505	527
2815	256	512	2713	543	532
3071	256	512	2960	582	537
3327	256	512	3207	623	543
3583	256	512	3453	665	548
3839	256	512	3700	707	558
4095	256	512	3946	747	563
0	512	512	154	505	511
256	512	512	289	511	511
512	512	512	511	511	511
768	512	512	751	522	511
1024	512	512	995	532	516
1280	512	512	1239	543	516
1536	512	512	1486	563	516
1792	512	512	1731	582	522
2048	512	512	1977	605	522
2303	512	512	2222	627	527
2559	512	512	2469	657	532
2815	512	512	2715	684	537
3071	512	512	2961	715	543
3327	512	512	3208	747	548
3583	512	512	3454	781	553
3839	512	512	3701	817	558
4095	512	512	3947	851	568
0	768	512	226	758	516
256	768	512	320	761	516
512	768	512	532	761	516
768	768	512	764	768	516
1024	768	512	1002	775	522
1280	768	512	1246	781	522
1536	768	512	1490	794	522
1792	768	512	1735	807	527
2048	768	512	1980	823	527
2303	768	512	2225	838	532
2559	768	512	2471	859	537
2815	768	512	2717	880	543
3071	768	512	2963	903	548
3327	768	512	3210	927	553
3583	768	512	3456	954	558
3839	768	512	3702	982	563
4095	768	512	3949	1012	568
0	1024	512	278	1012	522
256	1024	512	365	1012	522
512	1024	512	553	1014	527
768	1024	512	778	1017	527
1024	1024	512	1014	1021	527
1280	1024	512	1256	1029	527
1536	1024	512	1498	1036	532
1792	1024	512	1741	1045	532
2048	1024	512	1986	1057	537
2303	1024	512	2230	1071	537
2559	1024	512	2475	1084	543
2815	1024	512	2721	1102	548
3071	1024	512	2967	1119	553
3327	1024	512	3213	1138	558
3583	1024	512	3459	1159	563
3839	1024	512	3705	1180	568
4095	1024	512	3951	1204	577
0	1280	512	347	1265	532
256	1280	512	418	1265	532
512	1280	512	587	1267	532
768	1280	512	801	1269	537
1024	1280	512	1031	1273	537
1280	1280	512	1267	1276	537
1536	1280	512	1507	1284	537
1792	1280	512	1750	1291	543
2048	1280	512	1993	1300	548
2303	1280	512	2236	1309	548
2559	1280	512	2480	1321	553
2815	1280	512	2725	1334	558
3071	1280	512	2971	1347	563
3327	1280	512	3216	1363	568
3583	1280	512	3462	1380	572
3839	1280	512	3708	1398	577
4095	1280	512	3954	1418	587
0	1536	512	411	1517	548
256	1536	512	470	1517	548
512	1536	512	623	1519	548
768	1536	512	826	1520	548
1024	1536	512	1050	1523	548
1280	1536	512	1284	1528	548
1536	1536	512	1520	1532	553
1792	1536	512	1760	1538	553
2048	1536	512	2002	1545	558
2303	1536	512	2244	1554	563
2559	1536	512	2488	1563	563
2815	1536	512	2732	1573	568
3071	1536	512	2977	1586	572
3327	1536	512	3222	1599	577
3583	1536	512	3467	1611	582
3839	1536	512	3712	1626	591
4095	1536	512	3958	1643	596
0	1792	512	482	1770	558
256	1792	512	527	1770	558
512	1792	512	669	1771	563
768	1792	512	859	1773	563
1024	1792	512	1075	1775	563
1280	1792	512	1302	1779	563
1536	1792	512	1535	1783	568
1792	1792	512	1773	1787	568
2048	1792	512	2012	1794	572
2303	1792	512	2253	1801	572
2559	1792	512	2496	1808	577
2815	1792	512	2739	1817	582
3071	1792	512	2983	1826	587
3327	1792	512	3228	1838	591
3583	1792	512	3472	1849	596
3839	1792	512	3717	1862	601
4095	1792	512	3963	1876	610
0	2048	512	548	2022	577
256	2048	512	587	2023	577
512	2048	512	715	2023	577
768	2048	512	894	2025	577
1024	2048	512	1102	2027	577
1280	2048	512	1323	2029	582
1536	2048	512	1553	2034	582
1792	2048	512	1787	2038	587
2048	2048	512	2026	2043	587
2303	2048	512	2265	2048	591
2559	2048	512	2506	2056	596
2815	2048	512	2748	2063	596
3071	2048	512	2991	2071	601
3327	2048	512	3235	2080	605
3583	2048	512	3479	2091	614
3839	2048	512	3724	2102	618
4095	2048	512	3969	2114	623
0	2303	512	614	2274	596
256	2303	512	648	2274	596
512	2303	512	764	2275	596
768	2303	512	933	2276	596
1024	2303	512	1132	2278	596
1280	2303	512	1347	2281	601
1536	2303	512	1573	2284	601
1792	2303	512	1805	2287	601
2048	2303	512	2041	2292	605
2303	2303	512	2278	2297	610
2559	2303	512	2517	2303	610
2815	2303	512	2758	2310	614
3071	2303	512	3001	2317	618
3327	2303	512	3243	2325	623
3583	2303	512	3487	2334	631
3839	2303	512	3731	2343	636
4095	2303	512	3975	2354	640
0	2559	512	681	2527	614
256	2559	512	715	2527	614
512	2559	512	817	2528	614
768	2559	512	974	2529	618
1024	2559	512	1165	2530	618
1280	2559	512	1375	2533	618
1536	2559	512	1597	2535	618
1792	2559	512	1825	2538	623
2048	2559	512	2058	2542	627
2303	2559	512	2293	2547	627
2559	2559	512	2530	2552	631
2815	2559	512	2770	2558	636
3071	2559	512	3012	2565	640
3327	2559	512	3254	2572	644
3583	2559	512	3496	2580	648
3839	2559	512	3739	2588	652
4095	2559	512	3983	2597	661
0	2815	512	747	2780	636
256	2815	512	778	2780	636
512	2815	512	871	2780	636
768	2815	512	1019	2781	640
1024	2815	512	1202	2782	640
1280	2815	512	1406	2785	640
1536	2815	512	1622	2787	644
1792	2815	512	1846	2790	644
2048	2815	512	2076	2793	648
2303	2815	512	2309	2798	648
2559	2815	512	2546	2803	652
2815	2815	512	2784	2808	657
3071	2815	512	3024	2813	661
3327	2815	512	3264	2820	665
3583	2815	512	3506	2827	669
3839	2815	512	3748	2835	673
4095	2815	512	3992	2842	681
0	3071	512	817	3033	661
256	3071	512	841	3033	661
512	3071	512	930	3033	661
768	3071	512	1068	3034	661
1024	3071	512	1243	3035	665
1280	3071	512	1439	3037	665
1536	3071	512	1650	3039	665
1792	3071	512	1870	3042	669
2048	3071	512	2097	3045	669
2303	3071	512	2327	3049	673
2559	3071	512	2562	3053	677
2815	3071	512	2798	3057	681
3071	3071	512	3037	3063	684
3327	3071	512	3276	3069	688
3583	3071	512	3517	3075	692
3839	3071	512	3759	3082	696
4095	3071	512	4001	3089	700
0	3327	512	883	3285	684
256	3327	512	908	3285	684
512	3327	512	987	3286	684
768	3327	512	1117	3286	688
1024	3327	512	1284	3288	688
1280	3327	512	1473	3289	688
1536	3327	512	1680	3291	688
1792	3327	512	1897	3294	692
2048	3327	512	2120	3296	696
2303	3327	512	2347	3300	696
2559	3327	512	2579	3304	700
2815	3327	512	2815	3308	704
3071	3327	512	3052	3313	707
3327	3327	512	3290	3318	711
3583	3327	512	3529	3324	715
3839	3327	512	3770	3330	718
4095	3327	512	4011	3337	726
0	3583	512	951	3538	711
256	3583	512	972	3538	711
512	3583	512	1047	3539	711
768	3583	512	1170	3539	711
1024	3583	512	1328	3540	715
1280	3583	512	1511	3542	715
1536	3583	512	1712	3544	715
1792	3583	512	1924	3546	718
2048	3583	512	2145	3548	718
2303	3583	512	2370	3552	722
2559	3583	512	2599	3555	726
2815	3583	512	2832	3559	729
3071	3583	512	3067	3564	733
3327	3583	512	3304	3568	737
3583	3583	512	3543	3573	740
3839	3583	512	3783	3579	744
4095	3583	512	4023	3585	751
0	3839	512	1019	3791	740
256	3839	512	1038	3791	740
512	3839	512	1108	3791	740
768	3839	512	1223	3792	740
1024	3839	512	1375	3793	740
1280	3839	512	1551	3794	740
1536	3839	512	1746	3796	744
1792	3839	512	1954	3798	744
2048	3839	512	2170	3801	747
2303	3839	512	2392	3803	751
2559	3839	512	2620	3806	751
2815	3839	512	2851	3810	754
3071	3839	512	3084	3814	758
3327	3839	512	3320	3818	761
3583	3839	512	3557	3823	764
3839	3839	512	3796	3829	771
4095	3839	512	4035	3835	775
0	4095	512	1086	4044	768
256	4095	512	1104	4044	768
512	4095	512	1170	4044	768
768	4095	512	1278	4045	768
1024	4095	512	1423	4046	768
1280	4095	512	1593	4047	771
1536	4095	512	1783	4048	771
1792	4095	512	1986	4050	771
2048	4095	512	2198	4052	775
2303	4095	512	2417	4055	778
2559	4095	512	2642	4058	778
2815	4095	512	2871	4061	781
3071	4095	512	3103	4065	785
3327	4095	512	3337	4069	788
3583	4095	512	3573	4074	794
3839	4095	512	3810	4079	798
4095	4095	512	4049	4084	801
0	0	768	154	93	761
256	0	768	278	93	761
512	0	768	505	128	761
768	0	768	751	154	764
1024	0	768	992	194	764
1280	0	768	1239	226	764
1536	0	768	1484	278	764
1792	0	768	1730	320	768
2048	0	768	1976	365	771
2303	0	768	2221	403	771
2559	0	768	2468	451	775
2815	0	768	2714	494	778
3071	0	768	2961	537	781
3327	0	768	3207	582	785
3583	0	768	3454	627	788
3839	0	768	3700	673	791
4095	0	768	3947	718	798
0	256	768	154	266	761
256	256	768	289	266	761
512	256	768	511	266	764
768	256	768	751	289	764
1024	256	768	995	310	764
1280	256	768	1239	329	764
1536	256	768	1484	365	768
1792	256	768	1731	396	768
2048	256	768	1977	432	771
2303	256	768	2222	464	771
2559	256	768	2468	505	775
2815	256	768	2714	543	778
3071	256	768	2961	582	781
3327	256	768	3207	623	785
3583	256	768	3454	665	788
3839	256	768	3701	707	791
4095	256	768	3947	751	798
0	512	768	194	511	764
256	512	768	300	511	764
512	512	768	522	516	764
768	512	768	758	522	764
1024	512	768	1000	532	764
1280	512	768	1243	548	768
1536	512	768	1487	563	768
1792	512	768	1732	582	771
2048	512	768	1978	605	771
2303	512	768	2224	631	775
2559	512	768	2470	657	778
2815	512	768	2716	684	778
3071	512	768	2962	715	781
3327	512	768	3208	747	785
3583	512	768	3455	781	791
3839	512	768	3702	817	794
4095	512	768	3948	854	798
0	768	768	240	761	768
256	768	768	339	761	768
512	768	768	537	764	768
768	768	768	768	768	768
1024	768	768	1007	775	768
1280	768	768	1248	785	771
1536	768	768	1492	794	771
1792	768	768	1737	807	771
2048	768	768	1982	823	775
2303	768	768	2227	841	778
2559	768	768	2472	859	778
2815	768	768	2718	880	781
3071	768	768	2965	905	785
3327	768	768	3210	930	788
3583	768	768	3457	956	794
3839	768	768	3703	982	798
4095	768	768	3949	1012	801
0	1024	768	300	1012	771
256	1024	768	373	1014	771
512	1024	768	563	1014	771
768	1024	768	785	1019	771
1024	1024	768	1019	1024	775
1280	1024	768	1258	1029	775
1536	1024	768	1499	1038	775
1792	1024	768	1743	1047	778
2048	1024	768	1988	1059	778
2303	1024	768	2232	1071	781
2559	1024	768	2476	1086	785
2815	1024	768	2722	1102	788
3071	1024	768	2967	1119	791
3327	1024	768	3213	1138	794
3583	1024	768	3460	1159	798
3839	1024	768	3706	1182	801
4095	1024	768	3952	1204	807
0	1280	768	365	1265	778
256	1280	768	425	1265	778
512	1280	768	591	1267	778
768	1280	768	807	1269	778
1024	1280	768	1033	1273	778
1280	1280	768	1271	1278	781
1536	1280	768	1510	1284	781
1792	1280	768	1751	1291	785
2048	1280	768	1994	1300	785
2303	1280	768	2237	1311	788
2559	1280	768	2482	1321	791
2815	1280	768	2727	1335	794
3071	1280	768	2972	1349	798
3327	1280	768	3218	1365	801
3583	1280	768	3463	1381	804
3839	1280	768	3709	1398	807
4095	1280	768	3955	1418	810
0	1536	768	425	1517	785
256	1536	768	476	1517	785
512	1536	768	631	1519	785
768	1536	768	832	1520	788
1024	1536	768	1054	1523	788
1280	1536	768	1285	1528	788
1536	1536	768	1522	1532	791
1792	1536	768	1761	1538	791
2048	1536	768	2004	1545	794
2303	1536	768	2246	1554	794
2559	1536	768	2489	1563	798
2815	1536	768	2733	1574	801
3071	1536	768	2977	1586	804
3327	1536	768	3222	1599	807
3583	1536	768	3468	1613	810
3839	1536	768	3713	1628	814
4095	1536	768	3959	1643	820
0	1792	768	488	1770	794
256	1792	768	537	1770	794
512	1792	768	673	1771	794
768	1792	768	862	1773	794
1024	1792	768	1077	1775	798
1280	1792	768	1303	1779	798
1536	1792	768	1538	1783	798
1792	1792	768	1775	1787	801
2048	1792	768	2015	1794	801
2303	1792	768	2255	1801	804
2559	1792	768	2498	1808	807
2815	1792	768	2741	1818	810
3071	1792	768	2985	1827	814
3327	1792	768	3229	1838	817
3583	1792	768	3474	1850	820
3839	1792	768	3718	1863	823
4095	1792	768	3964	1876	829
0	2048	768	553	2023	807
256	2048	768	596	2023	807
512	2048	768	718	2024	807
768	2048	768	897	2025	807
1024	2048	768	1104	2027	807
1280	2048	768	1327	2030	807
1536	2048	768	1556	2034	810
1792	2048	768	1790	2038	810
2048	2048	768	2027	2043	814
2303	2048	768	2266	2049	817
2559	2048	768	2508	2056	817
2815	2048	768	2750	2063	820
3071	2048	768	2993	2072	823
3327	2048	768	3236	2081	826
3583	2048	768	3480	2091	829
3839	2048	768	3725	2102	835
4095	2048	768	3970	2114	838
0	2303	768	623	2274	820
256	2303	768	657	2274	820
512	2303	768	768	2275	820
768	2303	768	935	2276	820
1024	2303	768	1134	2278	820
1280	2303	768	1351	2281	820
1536	2303	768	1576	2284	823
1792	2303	768	1807	2288	823
2048	2303	768	2042	2292	826
2303	2303	768	2279	2297	826
2559	2303	768	2519	2304	829
2815	2303	768	2760	2310	832
3071	2303	768	3002	2317	835
3327	2303	768	3245	2325	838
3583	2303	768	3488	2334	841
3839	2303	768	3732	2344	848
4095	2303	768	3976	2354	851
0	2559	768	688	2527	832
256	2559	768	718	2527	832
512	2559	768	823	2528	832
768	2559	768	980	2529	832
1024	2559	768	1170	2530	835
1280	2559	768	1378	2533	835
1536	2559	768	1599	2535	835
1792	2559	768	1826	2539	838
2048	2559	768	2059	2542	838
2303	2559	768	2294	2547	841
2559	2559	768	2532	2553	844
2815	2559	768	2772	2558	848
3071	2559	768	3012	2565	851
3327	2559	768	3254	2572	854
3583	2559	768	3497	2580	856
3839	2559	768	3740	2589	859
4095	2559	768	3984	2597	862
0	2815	768	754	2780	848
256	2815	768	781	2780	848
512	2815	768	877	2781	848
768	2815	768	1024	2782	848
1024	2815	768	1206	2783	851
1280	2815	768	1408	2785	851
1536	2815	768	1624	2788	851
1792	2815	768	1848	2790	854
2048	2815	768	2078	2794	854
2303	2815	768	2311	2798	856
2559	2815	768	2546	2803	859
2815	2815	768	2785	2808	862
3071	2815	768	3024	2813	865
3327	2815	768	3265	2820	868
3583	2815	768	3507	2827	871
3839	2815	768	3749	2835	874
4095	2815	768	3992	2843	880
0	3071	768	820	3033	865
256	3071	768	848	3033	865
512	3071	768	933	3033	865
768	3071	768	1071	3034	865
1024	3071	768	1244	3035	865
1280	3071	768	1440	3037	868
1536	3071	768	1652	3039	868
1792	3071	768	1872	3042	868
2048	3071	768	2099	3045	871
2303	3071	768	2329	3049	874
2559	3071	768	2563	3053	874
2815	3071	768	2800	3058	877
3071	3071	768	3038	3063	880
3327	3071	768	3278	3069	883
3583	3071	768	3518	3075	888
3839	3071	768	3760	3082	891
4095	3071	768	4002	3089	894
0	3327	768	888	3285	883
256	3327	768	911	3286	883
512	3327	768	992	3286	883
768	3327	768	1121	3287	883
1024	3327	768	1287	3288	886
1280	3327	768	1476	3289	886
1536	3327	768	1682	3292	886
1792	3327	768	1898	3294	888
2048	3327	768	2121	3297	888
2303	3327	768	2348	3300	891
2559	3327	768	2581	3304	894
2815	3327	768	2815	3308	897
3071	3327	768	3052	3313	900
3327	3327	768	3291	3318	903
3583	3327	768	3530	3324	905
3839	3327	768	3771	3330	908
4095	3327	768	4012	3337	911
0	3583	768	954	3538	903
256	3583	768	977	3538	903
512	3583	768	1050	3539	903
768	3583	768	1172	3539	903
1024	3583	768	1330	3540	903
1280	3583	768	1514	3542	905
1536	3583	768	1714	3544	905
1792	3583	768	1926	3546	908
2048	3583	768	2146	3548	908
2303	3583	768	2370	3552	911
2559	3583	768	2600	3555	914
2815	3583	768	2833	3559	914
3071	3583	768	3068	3564	916
3327	3583	768	3305	3568	922
3583	3583	768	3544	3574	925
3839	3583	768	3783	3580	927
4095	3583	768	4024	3585	930
0	3839	768	1021	3791	922
256	3839	768	1043	3791	922
512	3839	768	1111	3792	925
768	3839	768	1225	3792	925
1024	3839	768	1376	3793	925
1280	3839	768	1553	3795	925
1536	3839	768	1749	3796	927
1792	3839	768	1956	3798	927
2048	3839	768	2172	3801	930
2303	3839	768	2394	3804	930
2559	3839	768	2621	3806	933
2815	3839	768	2852	3810	935
3071	3839	768	3086	3814	938
3327	3839	768	3321	3819	941
3583	3839	768	3558	3823	943
3839	3839	768	3797	3829	946
4095	3839	768	4036	3835	951
0	4095	768	1089	4044	946
256	4095	768	1108	4044	946
512	4095	768	1172	4044	946
768	4095	768	1280	4045	946
1024	4095	768	1424	4046	946
1280	4095	768	1594	4047	946
1536	4095	768	1785	4048	949
1792	4095	768	1988	4050	949
2048	4095	768	2200	4052	951
2303	4095	768	2419	4055	951
2559	4095	768	2644	4058	954
2815	4095	768	2872	4062	956
3071	4095	768	3104	4065	959
3327	4095	768	3338	4069	962
3583	4095	768	3574	4074	964
3839	4095	768	3811	4079	969
4095	4095	768	4050	4084	972
0	0	1024	194	93	1017
256	0	1024	300	93	1017
512	0	1024	522	128	1017
768	0	1024	758	154	1017
1024	0	1024	1000	194	1017
1280	0	1024	1243	240	1017
1536	0	1024	1487	278	1019
1792	0	1024	1732	320	1019
2048	0	1024	1978	365	1021
2303	0	1024	2224	411	1024
2559	0	1024	2470	451	1024
2815	0	1024	2716	499	1026
3071	0	1024	2962	543	1029
3327	0	1024	3208	587	1031
3583	0	1024	3455	631	1033
3839	0	1024	3702	677	1038
4095	0	1024	3948	718	1040
0	256	1024	194	266	1017
256	256	1024	310	266	1017
512	256	1024	522	278	1017
768	256	1024	758	289	1017
1024	256	1024	1000	310	1017
1280	256	1024	1243	339	1019
1536	256	1024	1489	365	1019
1792	256	1024	1734	396	1019
2048	256	1024	1979	432	1021
2303	256	1024	2224	470	1024
2559	256	1024	2470	505	1026
2815	256	1024	2716	548	1026
3071	256	1024	2963	587	1029
3327	256	1024	3209	627	1031
3583	256	1024	3455	669	1036
3839	256	1024	3702	711	1038
4095	256	1024	3948	751	1040
0	512	1024	226	511	1017
256	512	1024	329	511	1017
512	512	1024	532	516	1017
768	512	1024	764	522	1019
1024	512	1024	1004	532	1019
1280	512	1024	1246	548	1019
1536	512	1024	1490	563	1021
1792	512	1024	1736	587	1021
2048	512	1024	1981	605	1024
2303	512	1024	2226	631	1024
2559	512	1024	2471	661	1026
2815	512	1024	2717	688	1029
3071	512	1024	2964	718	1031
3327	512	1024	3210	751	1033
3583	512	1024	3456	785	1036
3839	512	1024	3703	820	1038
4095	512	1024	3949	854	1043
0	768	1024	266	761	1019
256	768	1024	356	764	1019
512	768	1024	548	764	1019
768	768	1024	775	771	1019
1024	768	1024	1012	778	1021
1280	768	1024	1254	785	1021
1536	768	1024	1496	798	1021
1792	768	1024	1740	810	1024
2048	768	1024	1984	826	1024
2303	768	1024	2229	841	1026
2559	768	1024	2475	862	1029
2815	768	1024	2720	883	1031
3071	768	1024	2966	905	1033
3327	768	1024	3212	930	1036
3583	768	1024	3458	956	1038
3839	768	1024	3704	985	1040
4095	768	1024	3951	1014	1045
0	1024	1024	320	1014	1024
256	1024	1024	396	1014	1024
512	1024	1024	572	1017	1024
768	1024	1024	791	1019	1024
1024	1024	1024	1024	1024	1024
1280	1024	1024	1261	1031	1024
1536	1024	1024	1504	1038	1026
1792	1024	1024	1746	1047	1026
2048	1024	1024	1990	1059	1029
2303	1024	1024	2233	1073	1031
2559	1024	1024	2479	1086	1031
2815	1024	1024	2724	1104	1033
3071	1024	1024	2969	1121	1036
3327	1024	1024	3215	1141	1038
3583	1024	1024	3461	1161	1040
3839	1024	1024	3707	1182	1045
4095	1024	1024	3953	1206	1047
0	1280	1024	381	1267	1026
256	1280	1024	438	1267	1026
512	1280	1024	605	1267	1029
768	1280	1024	814	1271	1029
1024	1280	1024	1040	1274	1029
1280	1280	1024	1274	1278	1029
1536	1280	1024	1513	1285	1031
1792	1280	1024	1754	1293	1031
2048	1280	1024	1996	1302	1033
2303	1280	1024	2240	1311	1033
2559	1280	1024	2484	1323	1036
2815	1280	1024	2728	1335	1038
3071	1280	1024	2973	1349	1040
3327	1280	1024	3219	1365	1043
3583	1280	1024	3464	1381	1045
3839	1280	1024	3710	1400	1047
4095	1280	1024	3956	1419	1052
0	1536	1024	438	1519	1033
256	1536	1024	494	1519	1033
512	1536	1024	640	1520	1033
768	1536	1024	838	1522	1033
1024	1536	1024	1059	1525	1033
1280	1536	1024	1289	1529	1036
1536	1536	1024	1526	1534	1036
1792	1536	1024	1765	1540	1036
2048	1536	1024	2006	1547	1038
2303	1536	1024	2247	1556	1040
2559	1536	1024	2491	1564	1040
2815	1536	1024	2735	1574	1043
3071	1536	1024	2979	1586	1045
3327	1536	1024	3224	1599	1047
3583	1536	1024	3469	1613	1052
3839	1536	1024	3714	1628	1054
4095	1536	1024	3960	1644	1057
0	1792	1024	505	1771	1040
256	1792	1024	548	1771	1040
512	1792	1024	681	1773	1040
768	1792	1024	868	1774	1040
1024	1792	1024	1082	1776	1040
1280	1792	1024	1309	1779	1040
1536	1792	1024	1541	1784	1043
1792	1792	1024	1778	1789	1043
2048	1792	1024	2017	1795	1045
2303	1792	1024	2257	1801	1047
2559	1792	1024	2499	1809	1047
2815	1792	1024	2742	1818	1050
3071	1792	1024	2986	1827	1052
3327	1792	1024	3230	1838	1054
3583	1792	1024	3475	1850	1057
3839	1792	1024	3719	1863	1061
4095	1792	1024	3965	1877	1064
0	2048	1024	568	2023	1047
256	2048	1024	605	2024	1047
512	2048	1024	729	2024	1047
768	2048	1024	905	2026	1047
1024	2048	1024	1111	2028	1050
1280	2048	1024	1330	2030	1050
1536	2048	1024	1559	2035	1050
1792	2048	1024	1792	2039	1052
2048	2048	1024	2029	2044	1052
2303	2048	1024	2268	2049	1054
2559	2048	1024	2509	2057	1057
2815	2048	1024	2751	2064	1059
3071	2048	1024	2994	2072	1061
3327	2048	1024	3237	2081	1064
3583	2048	1024	3481	2092	1066
3839	2048	1024	3726	2103	1068
4095	2048	1024	3970	2114	1071
0	2303	1024	631	2275	1057
256	2303	1024	665	2275	1057
512	2303	1024	778	2276	1057
768	2303	1024	943	2277	1057
1024	2303	1024	1141	2279	1057
1280	2303	1024	1354	2282	1059
1536	2303	1024	1579	2284	1059
1792	2303	1024	1809	2288	1061
2048	2303	1024	2044	2293	1061
2303	2303	1024	2281	2298	1064
2559	2303	1024	2521	2304	1066
2815	2303	1024	2761	2310	1066
3071	2303	1024	3003	2318	1068
3327	2303	1024	3246	2326	1073
3583	2303	1024	3489	2334	1075
3839	2303	1024	3733	2344	1077
4095	2303	1024	3977	2355	1080
0	2559	1024	696	2528	1066
256	2559	1024	726	2528	1066
512	2559	1024	829	2529	1068
768	2559	1024	985	2530	1068
1024	2559	1024	1174	2531	1068
1280	2559	1024	1381	2534	1068
1536	2559	1024	1601	2536	1071
1792	2559	1024	1829	2539	1071
2048	2559	1024	2062	2543	1073
2303	2559	1024	2296	2548	1073
2559	2559	1024	2534	2553	1075
2815	2559	1024	2773	2558	1077
3071	2559	1024	3014	2566	1080
3327	2559	1024	3255	2573	1082
3583	2559	1024	3498	2580	1084
3839	2559	1024	3741	2589	1086
4095	2559	1024	3985	2598	1091
0	2815	1024	761	2780	1080
256	2815	1024	791	2780	1080
512	2815	1024	883	2781	1080
768	2815	1024	1029	2782	1080
1024	2815	1024	1210	2783	1080
1280	2815	1024	1411	2785	1080
1536	2815	1024	1628	2788	1082
1792	2815	1024	1851	2790	1082
2048	2815	1024	2080	2794	1084
2303	2815	1024	2313	2798	1084
2559	2815	1024	2548	2803	1086
2815	2815	1024	2786	2808	1089
3071	2815	1024	3026	2814	1091
3327	2815	1024	3267	2820	1093
3583	2815	1024	3508	2828	1095
3839	2815	1024	3750	2835	1100
4095	2815	1024	3993	2843	1102
0	3071	1024	829	3033	1091
256	3071	1024	854	3033	1091
512	3071	1024	938	3034	1091
768	3071	1024	1075	3035	1091
1024	3071	1024	1248	3036	1093
1280	3071	1024	1445	3037	1093
1536	3071	1024	1655	3040	1093
1792	3071	1024	1875	3042	1095
2048	3071	1024	2101	3046	1095
2303	3071	1024	2331	3049	1097
2559	3071	1024	2565	3053	1100
2815	3071	1024	2801	3058	1102
3071	3071	1024	3039	3063	1104
3327	3071	1024	3279	3069	1106
3583	3071	1024	3519	3075	1108
3839	3071	1024	3761	3082	1111
4095	3071	1024	4003	3090	1115
0	3327	1024	894	3286	1104
256	3327	1024	916	3286	1104
512	3327	1024	997	3286	1106
768	3327	1024	1126	3287	1106
1024	3327	1024	1291	3288	1106
1280	3327	1024	1479	3290	1106
1536	3327	1024	1684	3292	1108
1792	3327	1024	1900	3294	1108
2048	3327	1024	2124	3297	1111
2303	3327	1024	2351	3301	1111
2559	3327	1024	2582	3304	1113
2815	3327	1024	2817	3309	1115
3071	3327	1024	3053	3314	1117
3327	3327	1024	3292	3319	1119
3583	3327	1024	3532	3325	1121
3839	3327	1024	3772	3330	1124
4095	3327	1024	4013	3337	1128
0	3583	1024	962	3539	1119
256	3583	1024	982	3539	1119
512	3583	1024	1057	3539	1119
768	3583	1024	1178	3540	1121
1024	3583	1024	1334	3541	1121
1280	3583	1024	1517	3542	1121
1536	3583	1024	1717	3544	1124
1792	3583	1024	1928	3546	1124
2048	3583	1024	2148	3549	1126
2303	3583	1024	2372	3552	1126
2559	3583	1024	2602	3555	1128
2815	3583	1024	2835	3559	1130
3071	3583	1024	3070	3564	1132
3327	3583	1024	3306	3568	1134
3583	3583	1024	3545	3574	1136
3839	3583	1024	3784	3580	1138
4095	3583	1024	4025	3586	1143
0	3839	1024	1026	3791	1136
256	3839	1024	1047	3792	1136
512	3839	1024	1115	3792	1136
768	3839	1024	1229	3793	1136
1024	3839	1024	1380	3794	1136
1280	3839	1024	1557	3795	1138
1536	3839	1024	1751	3797	1138
1792	3839	1024	1958	3799	1141
2048	3839	1024	2174	3801	1141
2303	3839	1024	2396	3804	1143
2559	3839	1024	2623	3807	1145
2815	3839	1024	2854	3810	1145
3071	3839	1024	3087	3814	1147
3327	3839	1024	3322	3819	1149
3583	3839	1024	3559	3824	1153
3839	3839	1024	3798	3829	1155
4095	3839	1024	4037	3835	1157
0	4095	1024	1095	4044	1153
256	4095	1024	1113	4044	1153
512	4095	1024	1178	4045	1153
768	4095	1024	1285	4045	1153
1024	4095	1024	1427	4046	1153
1280	4095	1024	1599	4047	1155
1536	4095	1024	1787	4049	1155
1792	4095	1024	1990	4051	1157
2048	4095	1024	2202	4053	1157
2303	4095	1024	2421	4055	1159
2559	4095	1024	2645	4058	1161
2815	4095	1024	2874	4062	1161
3071	4095	1024	3105	4065	1163
3327	4095	1024	3339	4069	1168
3583	4095	1024	3575	4074	1170
3839	4095	1024	3812	4079	1172
4095	4095	1024	4051	4085	1174
0	0	1280	240	128	1271
256	0	1280	329	128	1271
512	0	1280	537	154	1271
768	0	1280	768	175	1271
1024	0	1280	1007	211	1271
1280	0	1280	1248	254	1271
1536	0	1280	1492	289	1273
1792	0	1280	1736	329	1273
2048	0	1280	1982	373	1274
2303	0	1280	2227	418	1274
2559	0	1280	2472	458	1276
2815	0	1280	2718	505	1278
3071	0	1280	2964	548	1280
3327	0	1280	3210	591	1282
3583	0	1280	3456	636	1284
3839	0	1280	3703	677	1287
4095	0	1280	3949	722	1289
0	256	1280	240	278	1271
256	256	1280	339	278	1271
512	256	1280	537	289	1271
768	256	1280	768	300	1271
1024	256	1280	1007	320	1271
1280	256	1280	1250	347	1271
1536	256	1280	1493	373	1273
1792	256	1280	1737	403	1273
2048	256	1280	1982	438	1274
2303	256	1280	2227	476	1276
2559	256	1280	2473	511	1276
2815	256	1280	2719	548	1278
3071	256	1280	2965	591	1280
3327	256	1280	3211	631	1282
3583	256	1280	3457	673	1284
3839	256	1280	3703	711	1287
4095	256	1280	3950	754	1289
0	512	1280	266	516	1271
256	512	1280	356	516	1271
512	512	1280	548	522	1271
768	512	1280	775	527	1271
1024	512	1280	1012	537	1273
1280	512	1280	1252	553	1273
1536	512	1280	1495	568	1273
1792	512	1280	1740	587	1274
2048	512	1280	1984	610	1274
2303	512	1280	2229	636	1276
2559	512	1280	2474	661	1278
2815	512	1280	2719	692	1280
3071	512	1280	2966	722	1282
3327	512	1280	3211	754	1284
3583	512	1280	3458	788	1285
3839	512	1280	3704	820	1287
4095	512	1280	3950	856	1291
0	768	1280	300	764	1273
256	768	1280	381	764	1273
512	768	1280	563	768	1273
768	768	1280	785	771	1273
1024	768	1280	1019	778	1274
1280	768	1280	1259	788	1274
1536	768	1280	1501	798	1274
1792	768	1280	1744	810	1276
2048	768	1280	1988	826	1276
2303	768	1280	2232	844	1278
2559	768	1280	2477	862	1280
2815	768	1280	2722	886	1282
3071	768	1280	2968	908	1284
3327	768	1280	3214	933	1285
3583	768	1280	3460	959	1287
3839	768	1280	3706	987	1289
4095	768	1280	3952	1014	1291
0	1024	1280	347	1017	1274
256	1024	1280	418	1017	1274
512	1024	1280	587	1019	1276
768	1024	1280	801	1021	1276
1024	1024	1280	1031	1026	1276
1280	1024	1280	1267	1031	1276
1536	1024	1280	1508	1040	1278
1792	1024	1280	1750	1050	1278
2048	1024	1280	1993	1061	1280
2303	1024	1280	2236	1073	1280
2559	1024	1280	2481	1089	1282
2815	1024	1280	2726	1104	1284
3071	1024	1280	2971	1121	1285
3327	1024	1280	3217	1141	1287
3583	1024	1280	3462	1161	1289
3839	1024	1280	3708	1184	1291
4095	1024	1280	3954	1208	1294
0	1280	1280	403	1267	1278
256	1280	1280	458	1267	1278
512	1280	1280	618	1269	1278
768	1280	1280	823	1271	1280
1024	1280	1280	1047	1274	1280
1280	1280	1280	1280	1280	1280
1536	1280	1280	1517	1285	1280
1792	1280	1280	1758	1294	1282
2048	1280	1280	2001	1302	1284
2303	1280	1280	2243	1312	1284
2559	1280	1280	2486	1325	1285
2815	1280	1280	2731	1337	1287
3071	1280	1280	2975	1351	1289
3327	1280	1280	3221	1366	1291
3583	1280	1280	3466	1383	1293
3839	1280	1280	3712	1401	1294
4095	1280	1280	3957	1419	1298
0	1536	1280	458	1519	1284
256	1536	1280	511	1520	1284
512	1536	1280	652	1520	1284
768	1536	1280	848	1523	1284
1024	1536	1280	1066	1526	1284
1280	1536	1280	1294	1529	1284
1536	1536	1280	1531	1535	1285
1792	1536	1280	1769	1541	1285
2048	1536	1280	2009	1548	1287
2303	1536	1280	2250	1556	1289
2559	1536	1280	2494	1566	1289
2815	1536	1280	2737	1576	1291
3071	1536	1280	2981	1587	1293
3327	1536	1280	3226	1600	1294
3583	1536	1280	3471	1614	1296
3839	1536	1280	3716	1629	1300
4095	1536	1280	3961	1646	1302
0	1792	1280	522	1771	1287
256	1792	1280	563	1773	1287
512	1792	1280	692	1773	1289
768	1792	1280	880	1775	1289
1024	1792	1280	1089	1778	1289
1280	1792	1280	1314	1780	1289
1536	1792	1280	1545	1785	1291
1792	1792	1280	1781	1790	1291
2048	1792	1280	2020	1796	1293
2303	1792	1280	2260	1802	1293
2559	1792	1280	2502	1811	1294
2815	1792	1280	2745	1819	1296
3071	1792	1280	2988	1829	1298
3327	1792	1280	3232	1839	1300
3583	1792	1280	3476	1851	1302
3839	1792	1280	3721	1864	1303
4095	1792	1280	3966	1877	1307
0	2048	1280	582	2024	1294
256	2048	1280	618	2024	1294
512	2048	1280	740	2025	1294
768	2048	1280	914	2026	1294
1024	2048	1280	1117	2028	1294
1280	2048	1280	1335	2032	1296
1536	2048	1280	1563	2035	1296
1792	2048	1280	1796	2039	1298
2048	2048	1280	2033	2044	1298
2303	2048	1280	2271	2050	1300
2559	2048	1280	2512	2057	1302
2815	2048	1280	2753	2065	1302
3071	2048	1280	2996	2073	1303
3327	2048	1280	3239	2082	1305
3583	2048	1280	3483	2093	1309
3839	2048	1280	3727	2104	1311
4095	2048	1280	3972	2115	1312
0	2303	1280	644	2276	1302
256	2303	1280	677	2276	1302
512	2303	1280	788	2276	1302
768	2303	1280	951	2278	1302
1024	2303	1280	1147	2280	1302
1280	2303	1280	1359	2282	1303
1536	2303	1280	1583	2285	1303
1792	2303	1280	1813	2289	1303
2048	2303	1280	2047	2294	1305
2303	2303	1280	2284	2298	1307
2559	2303	1280	2523	2304	1307
2815	2303	1280	2764	2311	1309
3071	2303	1280	3005	2318	1311
3327	2303	1280	3248	2326	1312
3583	2303	1280	3491	2335	1316
3839	2303	1280	3735	2345	1318
4095	2303	1280	3978	2355	1320
0	2559	1280	707	2529	1309
256	2559	1280	737	2529	1309
512	2559	1280	838	2529	1309
768	2559	1280	992	2530	1311
1024	2559	1280	1180	2532	1311
1280	2559	1280	1386	2534	1311
1536	2559	1280	1606	2537	1312
1792	2559	1280	1833	2540	1312
2048	2559	1280	2065	2544	1314
2303	2559	1280	2299	2548	1314
2559	2559	1280	2536	2554	1316
2815	2559	1280	2775	2559	1318
3071	2559	1280	3016	2566	1320
3327	2559	1280	3257	2573	1321
3583	2559	1280	3500	2581	1323
3839	2559	1280	3743	2589	1325
4095	2559	1280	3986	2599	1328
0	2815	1280	771	2781	1318
256	2815	1280	801	2781	1318
512	2815	1280	891	2782	1318
768	2815	1280	1036	2782	1320
1024	2815	1280	1216	2784	1320
1280	2815	1280	1416	2786	1320
1536	2815	1280	1632	2788	1321
1792	2815	1280	1855	2791	1321
2048	2815	1280	2083	2795	1323
2303	2815	1280	2315	2799	1323
2559	2815	1280	2551	2803	1325
2815	2815	1280	2789	2809	1327
3071	2815	1280	3028	2815	1328
3327	2815	1280	3269	2821	1330
3583	2815	1280	3510	2828	1332
3839	2815	1280	3752	2835	1334
4095	2815	1280	3995	2844	1337
0	3071	1280	838	3033	1328
256	3071	1280	862	3034	1328
512	3071	1280	946	3034	1328
768	3071	1280	1084	3035	1328
1024	3071	1280	1254	3037	1330
1280	3071	1280	1450	3038	1330
1536	3071	1280	1659	3040	1330
1792	3071	1280	1878	3043	1332
2048	3071	1280	2104	3046	1332
2303	3071	1280	2333	3050	1334
2559	3071	1280	2567	3054	1335
2815	3071	1280	2803	3059	1337
3071	3071	1280	3041	3064	1339
3327	3071	1280	3281	3070	1341
3583	3071	1280	3521	3076	1342
3839	3071	1280	3762	3083	1344
4095	3071	1280	4004	3091	1346
0	3327	1280	903	3286	1339
256	3327	1280	927	3286	1339
512	3327	1280	1004	3287	1339
768	3327	1280	1132	3288	1341
1024	3327	1280	1296	3289	1341
1280	3327	1280	1484	3290	1341
1536	3327	1280	1688	3292	1342
1792	3327	1280	1905	3295	1342
2048	3327	1280	2127	3298	1344
2303	3327	1280	2354	3301	1344
2559	3327	1280	2585	3305	1346
2815	3327	1280	2819	3309	1347
3071	3327	1280	3055	3314	1349
3327	3327	1280	3294	3319	1351
3583	3327	1280	3533	3325	1353
3839	3327	1280	3774	3331	1354
4095	3327	1280	4015	3338	1358
0	3583	1280	969	3539	1351
256	3583	1280	990	3539	1351
512	3583	1280	1064	3539	1351
768	3583	1280	1184	3540	1351
1024	3583	1280	1341	3541	1353
1280	3583	1280	1522	3543	1353
1536	3583	1280	1721	3545	1353
1792	3583	1280	1932	3547	1354
2048	3583	1280	2151	3550	1354
2303	3583	1280	2375	3552	1356
2559	3583	1280	2604	3556	1358
2815	3583	1280	2837	3560	1359
3071	3583	1280	3071	3564	1361
3327	3583	1280	3308	3569	1363
3583	3583	1280	3546	3574	1365
3839	3583	1280	3786	3580	1366
4095	3583	1280	4026	3586	1370
0	3839	1280	1036	3792	1365
256	3839	1280	1054	3792	1365
512	3839	1280	1121	3792	1365
768	3839	1280	1237	3793	1365
1024	3839	1280	1385	3794	1365
1280	3839	1280	1561	3795	1365
1536	3839	1280	1755	3797	1366
1792	3839	1280	1962	3799	1366
2048	3839	1280	2177	3801	1368
2303	3839	1280	2398	3804	1370
2559	3839	1280	2625	3807	1370
2815	3839	1280	2856	3811	1371
3071	3839	1280	3089	3815	1373
3327	3839	1280	3324	3819	1375
3583	3839	1280	3561	3824	1376
3839	3839	1280	3799	3830	1380
4095	3839	1280	4039	3835	1381
0	4095	1280	1102	4044	1378
256	4095	1280	1119	4045	1378
512	4095	1280	1184	4045	1378
768	4095	1280	1291	4046	1378
1024	4095	1280	1432	4046	1378
1280	4095	1280	1603	4047	1380
1536	4095	1280	1791	4049	1380
1792	4095	1280	1993	4051	1380
2048	4095	1280	2205	4053	1381
2303	4095	1280	2423	4056	1383
2559	4095	1280	2648	4059	1383
2815	4095	1280	2876	4062	1385
3071	4095	1280	3107	4066	1386
3327	4095	1280	3341	4070	1388
3583	4095	1280	3576	4074	1391
3839	4095	1280	3813	4080	1393
4095	4095	1280	4052	4085	1395
0	0	1536	289	154	1523
256	0	1536	365	154	1523
512	0	1536	558	175	1523
768	0	1536	781	194	1525
1024	0	1536	1017	226	1525
1280	0	1536	1256	266	1525
1536	0	1536	1498	300	1525
1792	0	1536	1741	339	1526
2048	0	1536	1986	381	1528
2303	0	1536	2230	425	1528
2559	0	1536	2475	464	1529
2815	0	1536	2721	505	1531
3071	0	1536	2967	553	1532
3327	0	1536	3213	596	1534
3583	0	1536	3459	640	1535
3839	0	1536	3705	681	1537
4095	0	1536	3951	726	1540
0	256	1536	289	289	1523
256	256	1536	373	289	1523
512	256	1536	558	300	1523
768	256	1536	781	310	1525
1024	256	1536	1017	329	1525
1280	256	1536	1256	356	1525
1536	256	1536	1499	381	1526
1792	256	1536	1743	411	1526
2048	256	1536	1987	445	1528
2303	256	1536	2231	482	1528
2559	256	1536	2476	516	1529
2815	256	1536	2722	553	1531
3071	256	1536	2967	596	1532
3327	256	1536	3213	636	1534
3583	256	1536	3459	673	1535
3839	256	1536	3705	715	1537
4095	256	1536	3952	758	1540
0	512	1536	310	522	1525
256	512	1536	388	522	1525
512	512	1536	568	527	1525
768	512	1536	788	532	1525
1024	512	1536	1021	543	1525
1280	512	1536	1259	558	1526
1536	512	1536	1501	572	1526
1792	512	1536	1745	591	1528
2048	512	1536	1989	614	1528
2303	512	1536	2232	640	1529
2559	512	1536	2477	665	1531
2815	512	1536	2722	696	1531
3071	512	1536	2968	726	1532
3327	512	1536	3214	758	1534
3583	512	1536	3460	791	1537
3839	512	1536	3706	823	1538
4095	512	1536	3952	859	1540
0	768	1536	339	768	1526
256	768	1536	411	768	1526
512	768	1536	582	771	1526
768	768	1536	798	775	1526
1024	768	1536	1029	781	1526
1280	768	1536	1265	791	1528
1536	768	1536	1507	801	1528
1792	768	1536	1749	814	1528
2048	768	1536	1992	829	1529
2303	768	1536	2235	848	1531
2559	768	1536	2480	865	1531
2815	768	1536	2725	888	1532
3071	768	1536	2971	911	1534
3327	768	1536	3216	935	1535
3583	768	1536	3462	962	1538
3839	768	1536	3708	990	1540
4095	768	1536	3954	1017	1541
0	1024	1536	381	1019	1528
256	1024	1536	445	1019	1528
512	1024	1536	605	1019	1528
768	1024	1536	814	1024	1528
1024	1024	1536	1040	1029	1529
1280	1024	1536	1274	1033	1529
1536	1024	1536	1514	1043	1529
1792	1024	1536	1755	1052	1531
2048	1024	1536	1997	1064	1531
2303	1024	1536	2240	1075	1532
2559	1024	1536	2484	1091	1534
2815	1024	1536	2729	1106	1535
3071	1024	1536	2974	1124	1537
3327	1024	1536	3219	1143	1538
3583	1024	1536	3465	1163	1540
3839	1024	1536	3710	1186	1541
4095	1024	1536	3956	1210	1544
0	1280	1536	432	1269	1531
256	1280	1536	482	1269	1531
512	1280	1536	636	1271	1531
768	1280	1536	835	1273	1531
1024	1280	1536	1057	1276	1531
1280	1280	1536	1287	1282	1532
1536	1280	1536	1523	1287	1532
1792	1280	1536	1763	1294	1534
2048	1280	1536	2004	1303	1534
2303	1280	1536	2246	1314	1535
2559	1280	1536	2489	1327	1537
2815	1280	1536	2734	1339	1538
3071	1280	1536	2978	1353	1540
3327	1280	1536	3223	1368	1541
3583	1280	1536	3468	1385	1543
3839	1280	1536	3714	1403	1544
4095	1280	1536	3959	1421	1545
0	1536	1536	482	1520	1534
256	1536	1536	532	1522	1534
512	1536	1536	669	1522	1534
768	1536	1536	859	1525	1535
1024	1536	1536	1075	1528	1535
1280	1536	1536	1302	1531	1535
1536	1536	1536	1537	1537	1537
1792	1536	1536	1774	1543	1537
2048	1536	1536	2014	1550	1538
2303	1536	1536	2254	1557	1538
2559	1536	1536	2496	1567	1540
2815	1536	1536	2739	1577	1541
3071	1536	1536	2984	1589	1543
3327	1536	1536	3228	1601	1544
3583	1536	1536	3473	1615	1545
3839	1536	1536	3718	1630	1547
4095	1536	1536	3963	1646	1550
0	1792	1536	537	1773	1538
256	1792	1536	582	1773	1538
512	1792	1536	707	1774	1538
768	1792	1536	888	1775	1538
1024	1792	1536	1097	1778	1540
1280	1792	1536	1321	1781	1540
1536	1792	1536	1551	1785	1540
1792	1792	1536	1786	1791	1541
2048	1792	1536	2024	1796	1541
2303	1792	1536	2263	1803	1543
2559	1792	1536	2505	1812	1544
2815	1792	1536	2748	1820	1545
3071	1792	1536	2991	1830	1547
3327	1792	1536	3234	1841	1548
3583	1792	1536	3479	1852	1550
3839	1792	1536	3723	1865	1551
4095	1792	1536	3968	1878	1554
0	2048	1536	601	2025	1544
256	2048	1536	636	2025	1544
512	2048	1536	754	2026	1544
768	2048	1536	925	2027	1544
1024	2048	1536	1124	2029	1544
1280	2048	1536	1342	2033	1544
1536	2048	1536	1569	2036	1545
1792	2048	1536	1801	2040	1545
2048	2048	1536	2037	2045	1547
2303	2048	1536	2274	2051	1548
2559	2048	1536	2515	2058	1548
2815	2048	1536	2756	2066	1550
3071	2048	1536	2999	2074	1551
3327	2048	1536	3242	2083	1553
3583	2048	1536	3485	2094	1554
3839	2048	1536	3729	2104	1557
4095	2048	1536	3974	2116	1559
0	2303	1536	661	2276	1550
256	2303	1536	692	2277	1550
512	2303	1536	801	2277	1550
768	2303	1536	962	2279	1550
1024	2303	1536	1155	2281	1550
1280	2303	1536	1366	2283	1550
1536	2303	1536	1589	2286	1551
1792	2303	1536	1818	2290	1551
2048	2303	1536	2051	2294	1553
2303	2303	1536	2287	2299	1553
2559	2303	1536	2526	2305	1554
2815	2303	1536	2767	2312	1556
3071	2303	1536	3008	2319	1557
3327	2303	1536	3250	2327	1559
3583	2303	1536	3493	2336	1560
3839	2303	1536	3736	2346	1563
4095	2303	1536	3980	2356	1564
0	2559	1536	722	2529	1556
256	2559	1536	751	2530	1556
512	2559	1536	851	2530	1556
768	2559	1536	1002	2531	1556
1024	2559	1536	1188	2533	1557
1280	2559	1536	1393	2534	1557
1536	2559	1536	1611	2538	1557
1792	2559	1536	1837	2541	1559
2048	2559	1536	2069	2545	1559
2303	2559	1536	2303	2549	1560
2559	2559	1536	2539	2554	1561
2815	2559	1536	2778	2560	1563
3071	2559	1536	3018	2566	1564
3327	2559	1536	3260	2574	1566
3583	2559	1536	3502	2582	1567
3839	2559	1536	3745	2590	1569
4095	2559	1536	3988	2600	1570
0	2815	1536	785	2782	1563
256	2815	1536	814	2782	1563
512	2815	1536	903	2782	1563
768	2815	1536	1045	2783	1563
1024	2815	1536	1223	2785	1564
1280	2815	1536	1423	2787	1564
1536	2815	1536	1636	2789	1564
1792	2815	1536	1859	2792	1566
2048	2815	1536	2088	2795	1566
2303	2815	1536	2319	2800	1567
2559	2815	1536	2554	2804	1569
2815	2815	1536	2791	2809	1570
3071	2815	1536	3031	2815	1572
3327	2815	1536	3270	2822	1573
3583	2815	1536	3512	2829	1574
3839	2815	1536	3754	2836	1576
4095	2815	1536	3996	2845	1579
0	3071	1536	848	3034	1572
256	3071	1536	874	3035	1572
512	3071	1536	956	3035	1572
768	3071	1536	1091	3036	1572
1024	3071	1536	1261	3037	1572
1280	3071	1536	1456	3039	1573
1536	3071	1536	1664	3041	1573
1792	3071	1536	1883	3044	1573
2048	3071	1536	2108	3047	1574
2303	3071	1536	2337	3050	1576
2559	3071	1536	2570	3055	1576
2815	3071	1536	2806	3059	1577
3071	3071	1536	3044	3064	1579
3327	3071	1536	3283	3070	1580
3583	3071	1536	3523	3077	1583
3839	3071	1536	3764	3084	1584
4095	3071	1536	4006	3091	1586
0	3327	1536	914	3287	1580
256	3327	1536	935	3287	1580
512	3327	1536	1014	3288	1580
768	3327	1536	1141	3288	1580
1024	3327	1536	1303	3289	1582
1280	3327	1536	1490	3291	1582
1536	3327	1536	1694	3293	1582
1792	3327	1536	1908	3295	1583
2048	3327	1536	2131	3298	1583
2303	3327	1536	2357	3301	1584
2559	3327	1536	2588	3305	1586
2815	3327	1536	2822	3309	1587
3071	3327	1536	3058	3314	1589
3327	3327	1536	3296	3319	1590
3583	3327	1536	3535	3325	1592
3839	3327	1536	3776	3332	1593
4095	3327	1536	4016	3339	1594
0	3583	1536	980	3539	1590
256	3583	1536	1000	3539	1590
512	3583	1536	1073	3540	1590
768	3583	1536	1192	3541	1590
1024	3583	1536	1346	3541	1590
1280	3583	1536	1528	3543	1592
1536	3583	1536	1726	3545	1592
1792	3583	1536	1936	3547	1593
2048	3583	1536	2155	3550	1593
2303	3583	1536	2378	3553	1594
2559	3583	1536	2607	3557	1596
2815	3583	1536	2840	3560	1596
3071	3583	1536	3074	3565	1597
3327	3583	1536	3311	3569	1600
3583	3583	1536	3548	3575	1601
3839	3583	1536	3788	3581	1603
4095	3583	1536	4028	3587	1604
0	3839	1536	1043	3792	1600
256	3839	1536	1064	3792	1600
512	3839	1536	1130	3793	1601
768	3839	1536	1243	3793	1601
1024	3839	1536	1391	3794	1601
1280	3839	1536	1567	3796	1601
1536	3839	1536	1760	3797	1603
1792	3839	1536	1966	3799	1603
2048	3839	1536	2181	3802	1604
2303	3839	1536	2402	3805	1604
2559	3839	1536	2628	3807	1606
2815	3839	1536	2859	3811	1607
3071	3839	1536	3091	3815	1608
3327	3839	1536	3326	3820	1610
3583	3839	1536	3563	3825	1611
3839	3839	1536	3801	3830	1613
4095	3839	1536	4040	3836	1615
0	4095	1536	1111	4045	1613
256	4095	1536	1128	4045	1613
512	4095	1536	1190	4045	1613
768	4095	1536	1298	4046	1613
1024	4095	1536	1439	4046	1613
1280	4095	1536	1608	4048	1613
1536	4095	1536	1796	4049	1614
1792	4095	1536	1997	4052	1614
2048	4095	1536	2209	4053	1615
2303	4095	1536	2427	4056	1615
2559	4095	1536	2651	4059	1617
2815	4095	1536	2879	4063	1618
3071	4095	1536	3110	4066	1619
3327	4095	1536	3343	4070	1621
3583	4095	1536	3579	4075	1622
3839	4095	1536	3815	4080	1625
4095	4095	1536	4054	4085	1626
0	0	1792	339	175	1778
256	0	1792	403	175	1778
512	0	1792	577	194	1778
768	0	1792	798	211	1778
1024	0	1792	1026	240	1779
1280	0	1792	1265	278	1779
1536	0	1792	1505	310	1779
1792	0	1792	1748	347	1780
2048	0	1792	1991	388	1780
2303	0	1792	2234	432	1781
2559	0	1792	2480	470	1783
2815	0	1792	2725	516	1784
3071	0	1792	2970	558	1785
3327	0	1792	3216	601	1786
3583	0	1792	3461	644	1787
3839	0	1792	3707	684	1789
4095	0	1792	3953	729	1790
0	256	1792	339	300	1778
256	256	1792	411	300	1778
512	256	1792	582	310	1778
768	256	1792	798	320	1778
1024	256	1792	1029	339	1779
1280	256	1792	1265	365	1779
1536	256	1792	1505	388	1779
1792	256	1792	1749	418	1780
2048	256	1792	1992	451	1780
2303	256	1792	2235	488	1781
2559	256	1792	2480	522	1783
2815	256	1792	2725	563	1784
3071	256	1792	2970	601	1785
3327	256	1792	3216	640	1786
3583	256	1792	3462	681	1787
3839	256	1792	3708	718	1789
4095	256	1792	3953	761	1791
0	512	1792	356	527	1779
256	512	1792	418	527	1779
512	512	1792	591	532	1779
768	512	1792	804	537	1779
1024	512	1792	1033	548	1779
1280	512	1792	1269	563	1780
1536	512	1792	1508	577	1780
1792	512	1792	1750	596	1780
2048	512	1792	1993	618	1781
2303	512	1792	2236	644	1783
2559	512	1792	2481	669	1783
2815	512	1792	2726	700	1784
3071	512	1792	2971	729	1785
3327	512	1792	3217	761	1786
3583	512	1792	3462	794	1787
3839	512	1792	3709	826	1790
4095	512	1792	3954	862	1791
0	768	1792	381	771	1780
256	768	1792	445	771	1780
512	768	1792	605	775	1780
768	768	1792	814	778	1780
1024	768	1792	1040	785	1780
1280	768	1792	1274	794	1780
1536	768	1792	1513	804	1781
1792	768	1792	1755	817	1781
2048	768	1792	1997	832	1783
2303	768	1792	2240	851	1784
2559	768	1792	2484	871	1784
2815	768	1792	2728	891	1785
3071	768	1792	2974	914	1786
3327	768	1792	3219	938	1787
3583	768	1792	3465	964	1789
3839	768	1792	3710	992	1791
4095	768	1792	3956	1019	1792
0	1024	1792	418	1021	1781
256	1024	1792	470	1021	1781
512	1024	1792	627	1024	1781
768	1024	1792	829	1026	1781
1024	1024	1792	1052	1031	1781
1280	1024	1792	1284	1038	1783
1536	1024	1792	1520	1045	1783
1792	1024	1792	1760	1054	1784
2048	1024	1792	2003	1066	1784
2303	1024	1792	2245	1080	1785
2559	1024	1792	2488	1093	1786
2815	1024	1792	2732	1108	1787
3071	1024	1792	2977	1126	1789
3327	1024	1792	3222	1147	1790
3583	1024	1792	3467	1165	1791
3839	1024	1792	3713	1188	1792
4095	1024	1792	3958	1212	1794
0	1280	1792	464	1271	1784
256	1280	1792	511	1273	1784
512	1280	1792	652	1273	1784
768	1280	1792	851	1276	1784
1024	1280	1792	1066	1278	1784
1280	1280	1792	1296	1284	1785
1536	1280	1792	1531	1291	1785
1792	1280	1792	1769	1298	1786
2048	1280	1792	2009	1307	1786
2303	1280	1792	2250	1316	1787
2559	1280	1792	2494	1328	1789
2815	1280	1792	2737	1341	1789
3071	1280	1792	2981	1354	1790
3327	1280	1792	3226	1370	1791
3583	1280	1792	3471	1386	1794
3839	1280	1792	3716	1405	1795
4095	1280	1792	3961	1423	1796
0	1536	1792	511	1522	1786
256	1536	1792	553	1523	1786
512	1536	1792	688	1523	1786
768	1536	1792	874	1526	1786
1024	1536	1792	1086	1529	1787
1280	1536	1792	1311	1532	1787
1536	1536	1792	1543	1538	1787
1792	1536	1792	1779	1544	1789
2048	1536	1792	2019	1551	1789
2303	1536	1792	2259	1559	1790
2559	1536	1792	2500	1569	1791
2815	1536	1792	2743	1579	1792
3071	1536	1792	2987	1590	1794
3327	1536	1792	3231	1603	1795
3583	1536	1792	3476	1617	1796
3839	1536	1792	3720	1632	1797
4095	1536	1792	3965	1648	1800
0	1792	1792	563	1774	1790
256	1792	1792	605	1775	1790
512	1792	1792	726	1775	1790
768	1792	1792	903	1778	1790
1024	1792	1792	1108	1780	1791
1280	1792	1792	1328	1783	1791
1536	1792	1792	1559	1787	1791
1792	1792	1792	1792	1792	1792
2048	1792	1792	2029	1798	1792
2303	1792	1792	2268	1805	1794
2559	1792	1792	2508	1813	1795
2815	1792	1792	2751	1821	1796
3071	1792	1792	2994	1831	1797
3327	1792	1792	3237	1842	1798
3583	1792	1792	3481	1854	1800
3839	1792	1792	3726	1866	1801
4095	1792	1792	3970	1880	1802
0	2048	1792	618	2026	1794
256	2048	1792	657	2026	1794
512	2048	1792	768	2027	1795
768	2048	1792	935	2028	1795
1024	2048	1792	1134	2030	1795
1280	2048	1792	1351	2034	1795
1536	2048	1792	1576	2037	1796
1792	2048	1792	1807	2041	1796
2048	2048	1792	2042	2046	1797
2303	2048	1792	2279	2052	1797
2559	2048	1792	2519	2059	1798
2815	2048	1792	2760	2067	1800
3071	2048	1792	3002	2075	1801
3327	2048	1792	3245	2084	1802
3583	2048	1792	3488	2095	1803
3839	2048	1792	3732	2106	1805
4095	2048	1792	3976	2117	1807
0	2303	1792	677	2278	1798
256	2303	1792	711	2278	1798
512	2303	1792	814	2279	1798
768	2303	1792	972	2280	1800
1024	2303	1792	1163	2282	1800
1280	2303	1792	1375	2284	1800
1536	2303	1792	1596	2287	1801
1792	2303	1792	1824	2291	1801
2048	2303	1792	2057	2295	1802
2303	2303	1792	2292	2300	1802
2559	2303	1792	2530	2306	1803
2815	2303	1792	2770	2313	1805
3071	2303	1792	3011	2320	1806
3327	2303	1792	3253	2328	1807
3583	2303	1792	3496	2337	1808
3839	2303	1792	3739	2347	1809
4095	2303	1792	3983	2357	1812
0	2559	1792	740	2530	1805
256	2559	1792	768	2530	1805
512	2559	1792	865	2530	1805
768	2559	1792	1014	2532	1805
1024	2559	1792	1196	2534	1805
1280	2559	1792	1401	2535	1806
1536	2559	1792	1618	2538	1806
1792	2559	1792	1843	2542	1807
2048	2559	1792	2073	2546	1807
2303	2559	1792	2306	2550	1808
2559	2559	1792	2543	2555	1809
2815	2559	1792	2782	2561	1809
3071	2559	1792	3022	2567	1811
3327	2559	1792	3263	2574	1812
3583	2559	1792	3504	2582	1814
3839	2559	1792	3747	2591	1815
4095	2559	1792	3990	2600	1817
0	2815	1792	801	2782	1811
256	2815	1792	826	2782	1811
512	2815	1792	916	2783	1811
768	2815	1792	1057	2784	1811
1024	2815	1792	1233	2785	1811
1280	2815	1792	1431	2788	1812
1536	2815	1792	1643	2790	1812
1792	2815	1792	1864	2793	1813
2048	2815	1792	2093	2796	1813
2303	2815	1792	2323	2800	1814
2559	2815	1792	2558	2805	1815
2815	2815	1792	2795	2810	1817
3071	2815	1792	3033	2816	1817
3327	2815	1792	3273	2823	1819
3583	2815	1792	3514	2830	1820
3839	2815	1792	3756	2837	1821
4095	2815	1792	3999	2845	1823
0	3071	1792	862	3035	1818
256	3071	1792	888	3035	1818
512	3071	1792	969	3035	1818
768	3071	1792	1102	3037	1818
1024	3071	1792	1271	3038	1818
1280	3071	1792	1462	3039	1818
1536	3071	1792	1671	3042	1819
1792	3071	1792	1888	3044	1819
2048	3071	1792	2113	3048	1820
2303	3071	1792	2341	3051	1821
2559	3071	1792	2574	3055	1821
2815	3071	1792	2810	3060	1823
3071	3071	1792	3047	3065	1824
3327	3071	1792	3286	3071	1825
3583	3071	1792	3526	3077	1826
3839	3071	1792	3767	3084	1829
4095	3071	1792	4008	3092	1830
0	3327	1792	927	3288	1825
256	3327	1792	949	3288	1825
512	3327	1792	1026	3288	1825
768	3327	1792	1151	3289	1825
1024	3327	1792	1312	3290	1825
1280	3327	1792	1498	3292	1826
1536	3327	1792	1700	3294	1826
1792	3327	1792	1914	3296	1827
2048	3327	1792	2135	3299	1827
2303	3327	1792	2361	3302	1829
2559	3327	1792	2592	3306	1830
2815	3327	1792	2825	3310	1830
3071	3327	1792	3061	3315	1831
3327	3327	1792	3299	3321	1832
3583	3327	1792	3538	3326	1835
3839	3327	1792	3778	3332	1836
4095	3327	1792	4019	3339	1837
0	3583	1792	990	3540	1833
256	3583	1792	1012	3540	1833
512	3583	1792	1082	3540	1833
768	3583	1792	1200	3541	1833
1024	3583	1792	1354	3543	1833
1280	3583	1792	1535	3544	1835
1536	3583	1792	1732	3546	1835
1792	3583	1792	1942	3548	1835
2048	3583	1792	2159	3551	1836
2303	3583	1792	2383	3553	1837
2559	3583	1792	2611	3557	1837
2815	3583	1792	2843	3561	1838
3071	3583	1792	3077	3565	1839
3327	3583	1792	3314	3570	1841
3583	3583	1792	3551	3575	1843
3839	3583	1792	3790	3581	1844
4095	3583	1792	4030	3588	1845
0	3839	1792	1054	3793	1842
256	3839	1792	1075	3793	1842
512	3839	1792	1141	3793	1842
768	3839	1792	1252	3794	1843
1024	3839	1792	1400	3795	1843
1280	3839	1792	1573	3796	1843
1536	3839	1792	1766	3798	1843
1792	3839	1792	1971	3800	1844
2048	3839	1792	2186	3802	1845
2303	3839	1792	2406	3805	1845
2559	3839	1792	2632	3808	1846
2815	3839	1792	2862	3812	1848
3071	3839	1792	3094	3816	1849
3327	3839	1792	3329	3820	1850
3583	3839	1792	3566	3825	1851
3839	3839	1792	3804	3831	1852
4095	3839	1792	4042	3836	1855
0	4095	1792	1119	4045	1851
256	4095	1792	1138	4046	1851
512	4095	1792	1200	4046	1851
768	4095	1792	1305	4046	1852
1024	4095	1792	1447	4047	1852
1280	4095	1792	1614	4048	1852
1536	4095	1792	1802	4050	1854
1792	4095	1792	2003	4052	1854
2048	4095	1792	2214	4054	1855
2303	4095	1792	2431	4057	1855
2559	4095	1792	2655	4060	1856
2815	4095	1792	2882	4063	1857
3071	4095	1792	3113	4067	1858
3327	4095	1792	3346	4071	1859
3583	4095	1792	3581	4075	1861
3839	4095	1792	3818	4080	1862
4095	4095	1792	4056	4086	1864
0	0	2048	381	194	2032
256	0	2048	445	211	2032
512	0	2048	605	211	2032
768	0	2048	814	240	2032
1024	0	2048	1040	254	2033
1280	0	2048	1274	289	2033
1536	0	2048	1514	329	2033
1792	0	2048	1755	365	2034
2048	0	2048	1997	403	2034
2303	0	2048	2240	438	2035
2559	0	2048	2484	482	2036
2815	0	2048	2728	522	2037
3071	0	2048	2974	563	2038
3327	0	2048	3219	605	2039
3583	0	2048	3465	648	2040
3839	0	2048	3710	692	2041
4095	0	2048	3956	733	2042
0	256	2048	388	310	2032
256	256	2048	445	310	2032
512	256	2048	610	320	2032
768	256	2048	817	329	2032
1024	256	2048	1043	347	2033
1280	256	2048	1276	373	2033
1536	256	2048	1514	396	2033
1792	256	2048	1755	432	2034
2048	256	2048	1997	458	2035
2303	256	2048	2240	494	2035
2559	256	2048	2484	532	2036
2815	256	2048	2729	568	2037
3071	256	2048	2974	605	2038
3327	256	2048	3219	644	2039
3583	256	2048	3465	684	2040
3839	256	2048	3710	726	2041
4095	256	2048	3956	764	2043
0	512	2048	396	532	2033
256	512	2048	458	537	2033
512	512	2048	614	537	2033
768	512	2048	820	548	2033
1024	512	2048	1045	558	2033
1280	512	2048	1280	568	2034
1536	512	2048	1517	587	2034
1792	512	2048	1758	605	2034
2048	512	2048	2000	627	2035
2303	512	2048	2242	648	2036
2559	512	2048	2486	677	2036
2815	512	2048	2731	704	2037
3071	512	2048	2975	733	2038
3327	512	2048	3221	764	2039
3583	512	2048	3466	798	2040
3839	512	2048	3711	832	2042
4095	512	2048	3957	868	2043
0	768	2048	425	778	2034
256	768	2048	476	778	2034
512	768	2048	631	778	2034
768	768	2048	832	785	2034
1024	768	2048	1054	791	2034
1280	768	2048	1285	798	2034
1536	768	2048	1522	810	2035
1792	768	2048	1761	823	2035
2048	768	2048	2003	838	2036
2303	768	2048	2245	854	2037
2559	768	2048	2489	874	2037
2815	768	2048	2733	894	2038
3071	768	2048	2977	916	2039
3327	768	2048	3222	941	2040
3583	768	2048	3467	967	2041
3839	768	2048	3713	995	2043
4095	768	2048	3959	1024	2044
0	1024	2048	458	1024	2035
256	1024	2048	505	1024	2035
512	1024	2048	652	1026	2035
768	1024	2048	848	1029	2035
1024	1024	2048	1064	1033	2035
1280	1024	2048	1294	1040	2036
1536	1024	2048	1529	1047	2036
1792	1024	2048	1768	1057	2037
2048	1024	2048	2008	1068	2037
2303	1024	2048	2249	1082	2038
2559	1024	2048	2493	1095	2039
2815	1024	2048	2736	1113	2040
3071	1024	2048	2981	1130	2041
3327	1024	2048	3225	1149	2042
3583	1024	2048	3470	1170	2043
3839	1024	2048	3715	1192	2044
4095	1024	2048	3961	1214	2045
0	1280	2048	494	1274	2037
256	1280	2048	543	1274	2037
512	1280	2048	677	1276	2037
768	1280	2048	865	1278	2037
1024	1280	2048	1080	1282	2037
1280	1280	2048	1305	1287	2038
1536	1280	2048	1540	1293	2038
1792	1280	2048	1776	1300	2039
2048	1280	2048	2016	1309	2039
2303	1280	2048	2256	1320	2040
2559	1280	2048	2498	1330	2041
2815	1280	2048	2742	1342	2041
3071	1280	2048	2985	1356	2042
3327	1280	2048	3230	1371	2043
3583	1280	2048	3474	1388	2045
3839	1280	2048	3719	1406	2046
4095	1280	2048	3964	1426	2047
0	1536	2048	543	1525	2039
256	1536	2048	582	1525	2039
512	1536	2048	711	1526	2039
768	1536	2048	891	1528	2039
1024	1536	2048	1097	1531	2040
1280	1536	2048	1321	1535	2040
1536	1536	2048	1551	1540	2040
1792	1536	2048	1786	1545	2041
2048	1536	2048	2024	1553	2041
2303	1536	2048	2263	1561	2042
2559	1536	2048	2505	1570	2043
2815	1536	2048	2748	1580	2044
3071	1536	2048	2991	1593	2045
3327	1536	2048	3234	1606	2046
3583	1536	2048	3479	1619	2047
3839	1536	2048	3723	1633	2048
4095	1536	2048	3968	1650	2050
0	1792	2048	591	1776	2042
256	1792	2048	627	1776	2042
512	1792	2048	747	1778	2042
768	1792	2048	919	1779	2042
1024	1792	2048	1121	1781	2043
1280	1792	2048	1339	1785	2043
1536	1792	2048	1566	1789	2043
1792	1792	2048	1798	1794	2044
2048	1792	2048	2036	1800	2044
2303	1792	2048	2273	1807	2045
2559	1792	2048	2513	1814	2046
2815	1792	2048	2755	1823	2047
3071	1792	2048	2997	1833	2048
3327	1792	2048	3240	1844	2049
3583	1792	2048	3484	1855	2050
3839	1792	2048	3729	1868	2051
4095	1792	2048	3973	1882	2052
0	2048	2048	644	2028	2045
256	2048	2048	681	2028	2045
512	2048	2048	788	2028	2046
768	2048	2048	951	2030	2046
1024	2048	2048	1147	2033	2046
1280	2048	2048	1359	2035	2046
1536	2048	2048	1583	2039	2047
1792	2048	2048	1814	2043	2047
2048	2048	2048	2048	2048	2048
2303	2048	2048	2284	2054	2048
2559	2048	2048	2523	2061	2049
2815	2048	2048	2764	2068	2050
3071	2048	2048	3005	2076	2051
3327	2048	2048	3248	2085	2052
3583	2048	2048	3491	2096	2054
3839	2048	2048	3735	2107	2055
4095	2048	2048	3978	2119	2057
0	2303	2048	700	2279	2049
256	2303	2048	733	2279	2049
512	2303	2048	832	2280	2049
768	2303	2048	987	2281	2050
1024	2303	2048	1176	2283	2050
1280	2303	2048	1383	2285	2050
1536	2303	2048	1603	2288	2051
1792	2303	2048	1831	2292	2051
2048	2303	2048	2063	2296	2052
2303	2303	2048	2297	2302	2052
2559	2303	2048	2534	2307	2054
2815	2303	2048	2774	2314	2055
3071	2303	2048	3015	2322	2056
3327	2303	2048	3256	2330	2057
3583	2303	2048	3499	2339	2058
3839	2303	2048	3742	2347	2059
4095	2303	2048	3985	2358	2061
0	2559	2048	758	2531	2055
256	2559	2048	788	2531	2055
512	2559	2048	880	2532	2055
768	2559	2048	1026	2533	2055
1024	2559	2048	1208	2534	2055
1280	2559	2048	1410	2537	2056
1536	2559	2048	1626	2539	2056
1792	2559	2048	1850	2542	2057
2048	2559	2048	2079	2546	2057
2303	2559	2048	2312	2551	2058
2559	2559	2048	2548	2556	2059
2815	2559	2048	2786	2562	2059
3071	2559	2048	3025	2569	2060
3327	2559	2048	3266	2576	2061
3583	2559	2048	3508	2584	2063
3839	2559	2048	3750	2592	2064
4095	2559	2048	3993	2601	2065
0	2815	2048	820	2783	2060
256	2815	2048	844	2784	2060
512	2815	2048	930	2784	2060
768	2815	2048	1071	2785	2060
1024	2815	2048	1243	2786	2060
1280	2815	2048	1440	2788	2061
1536	2815	2048	1651	2791	2061
1792	2815	2048	1871	2794	2062
2048	2815	2048	2098	2798	2062
2303	2815	2048	2328	2801	2063
2559	2815	2048	2562	2806	2064
2815	2815	2048	2799	2811	2065
3071	2815	2048	3037	2817	2065
3327	2815	2048	3277	2823	2067
3583	2815	2048	3518	2830	2068
3839	2815	2048	3759	2838	2069
4095	2815	2048	4001	2846	2070
0	3071	2048	880	3036	2066
256	3071	2048	903	3036	2066
512	3071	2048	985	3037	2066
768	3071	2048	1115	3037	2066
1024	3071	2048	1282	3039	2066
1280	3071	2048	1472	3040	2066
1536	3071	2048	1678	3042	2067
1792	3071	2048	1894	3045	2067
2048	3071	2048	2119	3048	2068
2303	3071	2048	2347	3052	2069
2559	3071	2048	2578	3056	2069
2815	3071	2048	2813	3061	2070
3071	3071	2048	3050	3066	2071
3327	3071	2048	3289	3072	2072
3583	3071	2048	3528	3079	2073
3839	3071	2048	3770	3085	2075
4095	3071	2048	4011	3093	2076
0	3327	2048	941	3288	2072
256	3327	2048	964	3288	2072
512	3327	2048	1038	3289	2072
768	3327	2048	1161	3289	2072
1024	3327	2048	1321	3291	2072
1280	3327	2048	1507	3292	2073
1536	3327	2048	1708	3294	2073
1792	3327	2048	1920	3296	2074
2048	3327	2048	2141	3299	2074
2303	3327	2048	2366	3303	2075
2559	3327	2048	2597	3306	2076
2815	3327	2048	2830	3311	2076
3071	3327	2048	3065	3316	2077
3327	3327	2048	3302	3321	2078
3583	3327	2048	3541	3327	2080
3839	3327	2048	3781	3333	2081
4095	3327	2048	4021	3340	2082
0	3583	2048	1004	3541	2079
256	3583	2048	1024	3541	2079
512	3583	2048	1095	3541	2079
768	3583	2048	1212	3542	2079
1024	3583	2048	1365	3543	2079
1280	3583	2048	1543	3545	2080
1536	3583	2048	1739	3546	2080
1792	3583	2048	1948	3548	2080
2048	3583	2048	2165	3551	2081
2303	3583	2048	2388	3554	2082
2559	3583	2048	2615	3558	2082
2815	3583	2048	2847	3561	2083
3071	3583	2048	3080	3566	2084
3327	3583	2048	3316	3571	2085
3583	3583	2048	3554	3576	2088
3839	3583	2048	3793	3582	2089
4095	3583	2048	4033	3588	2090
0	3839	2048	1068	3793	2086
256	3839	2048	1086	3794	2086
512	3839	2048	1153	3794	2086
768	3839	2048	1263	3795	2088
1024	3839	2048	1410	3796	2088
1280	3839	2048	1582	3797	2088
1536	3839	2048	1773	3799	2088
1792	3839	2048	1977	3801	2089
2048	3839	2048	2192	3803	2090
2303	3839	2048	2411	3806	2090
2559	3839	2048	2636	3809	2091
2815	3839	2048	2866	3812	2092
3071	3839	2048	3098	3816	2093
3327	3839	2048	3332	3821	2094
3583	3839	2048	3568	3826	2095
3839	3839	2048	3806	3831	2096
4095	3839	2048	4045	3837	2098
0	4095	2048	1132	4046	2095
256	4095	2048	1149	4046	2095
512	4095	2048	1212	4046	2095
768	4095	2048	1316	4047	2096
1024	4095	2048	1456	4048	2096
1280	4095	2048	1622	4049	2096
1536	4095	2048	1808	4051	2097
1792	4095	2048	2008	4052	2097
2048	4095	2048	2219	4055	2098
2303	4095	2048	2436	4058	2098
2559	4095	2048	2658	4060	2099
2815	4095	2048	2886	4063	2100
3071	4095	2048	3116	4068	2101
3327	4095	2048	3349	4072	2102
3583	4095	2048	3584	4076	2103
3839	4095	2048	3821	4081	2104
4095	4095	2048	4058	4086	2106
0	0	2303	432	226	2284
256	0	2303	482	226	2284
512	0	2303	636	240	2284
768	0	2303	835	254	2284
1024	0	2303	1057	278	2285
1280	0	2303	1287	310	2285
1536	0	2303	1523	339	2285
1792	0	2303	1763	373	2286
2048	0	2303	2004	411	2286
2303	0	2303	2246	451	2287
2559	0	2303	2489	488	2288
2815	0	2303	2734	532	2289
3071	0	2303	2978	572	2290
3327	0	2303	3223	614	2291
3583	0	2303	3468	657	2292
3839	0	2303	3713	696	2293
4095	0	2303	3959	740	2294
0	256	2303	432	329	2284
256	256	2303	488	329	2284
512	256	2303	636	339	2284
768	256	2303	835	347	2285
1024	256	2303	1057	365	2285
1280	256	2303	1287	388	2285
1536	256	2303	1525	411	2286
1792	256	2303	1764	438	2286
2048	256	2303	2005	470	2287
2303	256	2303	2247	505	2287
2559	256	2303	2490	537	2288
2815	256	2303	2734	572	2289
3071	256	2303	2979	614	2290
3327	256	2303	3224	652	2291
3583	256	2303	3469	692	2292
3839	256	2303	3714	729	2293
4095	256	2303	3960	771	2294
0	512	2303	445	543	2285
256	512	2303	494	543	2285
512	512	2303	644	548	2285
768	512	2303	841	553	2285
1024	512	2303	1061	563	2285
1280	512	2303	1291	577	2286
1536	512	2303	1526	591	2286
1792	512	2303	1766	610	2286
2048	512	2303	2007	631	2287
2303	512	2303	2248	657	2288
2559	512	2303	2491	681	2288
2815	512	2303	2735	711	2289
3071	512	2303	2979	740	2290
3327	512	2303	3224	771	2291
3583	512	2303	3470	804	2293
3839	512	2303	3715	835	2294
4095	512	2303	3960	871	2294
0	768	2303	464	781	2286
256	768	2303	516	781	2286
512	768	2303	657	785	2286
768	768	2303	851	788	2286
1024	768	2303	1068	794	2286
1280	768	2303	1296	804	2287
1536	768	2303	1532	814	2287
1792	768	2303	1770	826	2287
2048	768	2303	2010	841	2288
2303	768	2303	2251	859	2289
2559	768	2303	2494	877	2289
2815	768	2303	2738	900	2290
3071	768	2303	2982	922	2291
3327	768	2303	3227	946	2292
3583	768	2303	3471	972	2293
3839	768	2303	3716	1000	2294
4095	768	2303	3962	1026	2295
0	1024	2303	494	1029	2287
256	1024	2303	543	1029	2287
512	1024	2303	677	1031	2287
768	1024	2303	865	1033	2287
1024	1024	2303	1080	1038	2288
1280	1024	2303	1305	1043	2288
1536	1024	2303	1538	1052	2288
1792	1024	2303	1776	1061	2289
2048	1024	2303	2016	1073	2289
2303	1024	2303	2256	1084	2290
2559	1024	2303	2498	1100	2291
2815	1024	2303	2741	1115	2292
3071	1024	2303	2985	1132	2293
3327	1024	2303	3229	1151	2294
3583	1024	2303	3474	1172	2294
3839	1024	2303	3719	1194	2295
4095	1024	2303	3964	1217	2296
0	1280	2303	532	1276	2289
256	1280	2303	572	1276	2289
512	1280	2303	704	1278	2289
768	1280	2303	886	1280	2289
1024	1280	2303	1095	1284	2289
1280	1280	2303	1318	1289	2290
1536	1280	2303	1548	1294	2290
1792	1280	2303	1784	1303	2291
2048	1280	2303	2022	1311	2291
2303	1280	2303	2261	1321	2292
2559	1280	2303	2503	1334	2293
2815	1280	2303	2746	1346	2293
3071	1280	2303	2989	1359	2294
3327	1280	2303	3233	1375	2294
3583	1280	2303	3477	1391	2296
3839	1280	2303	3722	1410	2297
4095	1280	2303	3967	1427	2298
0	1536	2303	572	1526	2291
256	1536	2303	614	1528	2291
512	1536	2303	733	1528	2291
768	1536	2303	908	1531	2292
1024	1536	2303	1113	1534	2292
1280	1536	2303	1332	1537	2292
1536	1536	2303	1560	1543	2292
1792	1536	2303	1795	1548	2293
2048	1536	2303	2032	1556	2294
2303	1536	2303	2270	1563	2294
2559	1536	2303	2510	1573	2294
2815	1536	2303	2752	1583	2295
3071	1536	2303	2995	1594	2296
3327	1536	2303	3238	1607	2297
3583	1536	2303	3482	1621	2298
3839	1536	2303	3727	1636	2299
4095	1536	2303	3971	1652	2301
0	1792	2303	618	1778	2294
256	1792	2303	657	1779	2294
512	1792	2303	768	1779	2294
768	1792	2303	935	1781	2294
1024	1792	2303	1134	1784	2294
1280	1792	2303	1351	1786	2294
1536	1792	2303	1576	1791	2294
1792	1792	2303	1807	1796	2295
2048	1792	2303	2042	1802	2295
2303	1792	2303	2279	1808	2296
2559	1792	2303	2519	1817	2297
2815	1792	2303	2760	1825	2298
3071	1792	2303	3002	1835	2299
3327	1792	2303	3245	1845	2300
3583	1792	2303	3488	1857	2301
3839	1792	2303	3732	1870	2302
4095	1792	2303	3976	1883	2304
0	2048	2303	673	2029	2297
256	2048	2303	704	2029	2297
512	2048	2303	810	2030	2297
768	2048	2303	969	2032	2297
1024	2048	2303	1159	2034	2297
1280	2048	2303	1371	2037	2297
1536	2048	2303	1593	2040	2298
1792	2048	2303	1821	2044	2298
2048	2048	2303	2055	2049	2299
2303	2048	2303	2290	2056	2299
2559	2048	2303	2529	2062	2300
2815	2048	2303	2769	2070	2301
3071	2048	2303	3010	2078	2302
3327	2048	2303	3252	2088	2303
3583	2048	2303	3495	2098	2304
3839	2048	2303	3738	2109	2305
4095	2048	2303	3982	2120	2306
0	2303	2303	726	2281	2300
256	2303	2303	754	2281	2300
512	2303	2303	854	2281	2301
768	2303	2303	1004	2283	2301
1024	2303	2303	1190	2284	2301
1280	2303	2303	1395	2286	2301
1536	2303	2303	1613	2290	2302
1792	2303	2303	1838	2294	2302
2048	2303	2303	2069	2298	2303
2303	2303	2303	2303	2303	2303
2559	2303	2303	2540	2309	2304
2815	2303	2303	2779	2315	2304
3071	2303	2303	3019	2323	2305
3327	2303	2303	3260	2331	2306
3583	2303	2303	3502	2340	2307
3839	2303	2303	3745	2349	2308
4095	2303	2303	3988	2360	2310
0	2559	2303	781	2533	2304
256	2559	2303	807	2533	2304
512	2559	2303	900	2533	2304
768	2559	2303	1043	2534	2304
1024	2559	2303	1221	2536	2304
1280	2559	2303	1421	2538	2305
1536	2559	2303	1635	2541	2305
1792	2559	2303	1857	2544	2306
2048	2559	2303	2086	2548	2306
2303	2559	2303	2318	2552	2307
2559	2559	2303	2553	2558	2308
2815	2559	2303	2790	2563	2308
3071	2559	2303	3029	2570	2309
3327	2559	2303	3270	2577	2311
3583	2559	2303	3511	2585	2312
3839	2559	2303	3753	2593	2313
4095	2559	2303	3996	2603	2314
0	2815	2303	838	2785	2309
256	2815	2303	865	2785	2309
512	2815	2303	949	2785	2309
768	2815	2303	1084	2786	2309
1024	2815	2303	1256	2788	2310
1280	2815	2303	1450	2790	2310
1536	2815	2303	1659	2792	2310
1792	2815	2303	1879	2795	2311
2048	2815	2303	2105	2798	2311
2303	2815	2303	2334	2803	2312
2559	2815	2303	2567	2807	2313
2815	2815	2303	2803	2813	2314
3071	2815	2303	3042	2818	2314
3327	2815	2303	3281	2825	2315
3583	2815	2303	3521	2832	2316
3839	2815	2303	3763	2839	2317
4095	2815	2303	4004	2847	2318
0	3071	2303	897	3037	2314
256	3071	2303	922	3037	2314
512	3071	2303	1000	3037	2314
768	3071	2303	1128	3039	2314
1024	3071	2303	1293	3040	2314
1280	3071	2303	1482	3041	2314
1536	3071	2303	1687	3044	2315
1792	3071	2303	1902	3046	2315
2048	3071	2303	2125	3050	2316
2303	3071	2303	2352	3053	2317
2559	3071	2303	2584	3057	2317
2815	3071	2303	2818	3062	2318
3071	3071	2303	3055	3067	2319
3327	3071	2303	3293	3073	2320
3583	3071	2303	3532	3079	2321
3839	3071	2303	3773	3086	2323
4095	3071	2303	4014	3094	2323
0	3327	2303	959	3289	2320
256	3327	2303	980	3289	2320
512	3327	2303	1054	3290	2320
768	3327	2303	1176	3291	2320
1024	3327	2303	1334	3292	2320
1280	3327	2303	1516	3293	2321
1536	3327	2303	1716	3295	2321
1792	3327	2303	1927	3298	2322
2048	3327	2303	2148	3301	2322
2303	3327	2303	2372	3304	2323
2559	3327	2303	2601	3308	2323
2815	3327	2303	2834	3312	2324
3071	3327	2303	3069	3316	2324
3327	3327	2303	3306	3322	2326
3583	3327	2303	3544	3328	2327
3839	3327	2303	3784	3334	2328
4095	3327	2303	4024	3341	2329
0	3583	2303	1021	3541	2326
256	3583	2303	1040	3542	2326
512	3583	2303	1108	3542	2326
768	3583	2303	1225	3543	2326
1024	3583	2303	1375	3544	2326
1280	3583	2303	1553	3545	2327
1536	3583	2303	1748	3547	2327
1792	3583	2303	1955	3550	2328
2048	3583	2303	2171	3552	2328
2303	3583	2303	2393	3555	2329
2559	3583	2303	2621	3559	2330
2815	3583	2303	2852	3562	2330
3071	3583	2303	3085	3567	2331
3327	3583	2303	3321	3572	2331
3583	3583	2303	3558	3577	2333
3839	3583	2303	3796	3583	2334
4095	3583	2303	4036	3589	2335
0	3839	2303	1082	3794	2332
256	3839	2303	1102	3794	2332
512	3839	2303	1165	3795	2332
768	3839	2303	1274	3795	2333
1024	3839	2303	1419	3796	2333
1280	3839	2303	1592	3798	2333
1536	3839	2303	1781	3799	2334
1792	3839	2303	1984	3801	2334
2048	3839	2303	2197	3804	2335
2303	3839	2303	2416	3806	2335
2559	3839	2303	2642	3809	2336
2815	3839	2303	2870	3813	2337
3071	3839	2303	3102	3817	2338
3327	3839	2303	3336	3822	2339
3583	3839	2303	3572	3827	2340
3839	3839	2303	3809	3832	2340
4095	3839	2303	4048	3838	2342
0	4095	2303	1145	4046	2340
256	4095	2303	1163	4047	2340
512	4095	2303	1223	4047	2340
768	4095	2303	1327	4048	2340
1024	4095	2303	1465	4049	2340
1280	4095	2303	1632	4050	2340
1536	4095	2303	1817	4052	2341
1792	4095	2303	2016	4053	2341
2048	4095	2303	2225	4056	2342
2303	4095	2303	2441	4058	2342
2559	4095	2303	2664	4061	2343
2815	4095	2303	2891	4064	2344
3071	4095	2303	3120	4068	2345
3327	4095	2303	3353	4072	2346
3583	4095	2303	3588	4077	2347
3839	4095	2303	3824	4082	2347
4095	4095	2303	4062	4087	2349
0	0	2559	476	254	2538
256	0	2559	527	254	2538
512	0	2559	665	266	2538
768	0	2559	856	278	2538
1024	0	2559	1073	300	2539
1280	0	2559	1300	329	2539
1536	0	2559	1535	356	2539
1792	0	2559	1773	388	2540
2048	0	2559	2012	425	2540
2303	0	2559	2253	464	2541
2559	0	2559	2496	499	2542
2815	0	2559	2739	537	2542
3071	0	2559	2983	577	2543
3327	0	2559	3228	618	2544
3583	0	2559	3472	661	2545
3839	0	2559	3717	704	2546
4095	0	2559	3963	747	2547
0	256	2559	482	347	2538
256	256	2559	527	347	2538
512	256	2559	669	356	2538
768	256	2559	859	365	2539
1024	256	2559	1075	381	2539
1280	256	2559	1302	396	2539
1536	256	2559	1535	425	2539
1792	256	2559	1773	451	2540
2048	256	2559	2012	482	2541
2303	256	2559	2253	511	2541
2559	256	2559	2496	548	2542
2815	256	2559	2739	582	2542
3071	256	2559	2983	618	2543
3327	256	2559	3228	657	2544
3583	256	2559	3472	696	2545
3839	256	2559	3717	737	2546
4095	256	2559	3963	778	2547
0	512	2559	494	553	2539
256	512	2559	537	553	2539
512	512	2559	673	558	2539
768	512	2559	862	563	2539
1024	512	2559	1077	572	2539
1280	512	2559	1305	587	2540
1536	512	2559	1538	601	2540
1792	512	2559	1775	618	2540
2048	512	2559	2015	640	2541
2303	512	2559	2255	665	2542
2559	512	2559	2498	688	2542
2815	512	2559	2741	715	2542
3071	512	2559	2985	747	2543
3327	512	2559	3229	778	2544
3583	512	2559	3474	807	2546
3839	512	2559	3718	841	2546
4095	512	2559	3964	877	2547
0	768	2559	511	788	2540
256	768	2559	553	788	2540
512	768	2559	688	791	2540
768	768	2559	874	794	2540
1024	768	2559	1086	801	2540
1280	768	2559	1311	810	2541
1536	768	2559	1543	820	2541
1792	768	2559	1779	832	2541
2048	768	2559	2018	848	2542
2303	768	2559	2258	865	2542
2559	768	2559	2500	883	2542
2815	768	2559	2743	905	2543
3071	768	2559	2987	927	2544
3327	768	2559	3231	951	2545
3583	768	2559	3475	977	2546
3839	768	2559	3720	1002	2547
4095	768	2559	3965	1031	2548
0	1024	2559	537	1031	2541
256	1024	2559	577	1033	2541
512	1024	2559	707	1033	2541
768	1024	2559	888	1038	2541
1024	1024	2559	1095	1043	2542
1280	1024	2559	1320	1047	2542
1536	1024	2559	1550	1057	2542
1792	1024	2559	1785	1066	2542
2048	1024	2559	2023	1077	2542
2303	1024	2559	2262	1089	2543
2559	1024	2559	2504	1104	2544
2815	1024	2559	2747	1119	2545
3071	1024	2559	2990	1136	2546
3327	1024	2559	3234	1155	2546
3583	1024	2559	3478	1176	2547
3839	1024	2559	3723	1198	2548
4095	1024	2559	3968	1221	2549
0	1280	2559	568	1280	2542
256	1280	2559	610	1280	2542
512	1280	2559	729	1282	2542
768	1280	2559	905	1284	2542
1024	1280	2559	1111	1287	2542
1280	1280	2559	1330	1293	2543
1536	1280	2559	1560	1298	2543
1792	1280	2559	1794	1305	2544
2048	1280	2559	2030	1314	2544
2303	1280	2559	2269	1325	2545
2559	1280	2559	2510	1335	2546
2815	1280	2559	2752	1349	2546
3071	1280	2559	2995	1363	2546
3327	1280	2559	3238	1378	2547
3583	1280	2559	3482	1395	2549
3839	1280	2559	3726	1411	2550
4095	1280	2559	3971	1431	2550
0	1536	2559	610	1529	2544
256	1536	2559	644	1529	2544
512	1536	2559	761	1531	2544
768	1536	2559	930	1532	2545
1024	1536	2559	1128	1535	2545
1280	1536	2559	1346	1540	2545
1536	1536	2559	1572	1544	2545
1792	1536	2559	1803	1551	2546
2048	1536	2559	2039	1557	2546
2303	1536	2559	2276	1566	2546
2559	1536	2559	2517	1576	2547
2815	1536	2559	2758	1586	2548
3071	1536	2559	3000	1597	2549
3327	1536	2559	3243	1610	2550
3583	1536	2559	3486	1624	2550
3839	1536	2559	3730	1639	2551
4095	1536	2559	3975	1654	2553
0	1792	2559	652	1780	2546
256	1792	2559	684	1780	2546
512	1792	2559	794	1781	2546
768	1792	2559	956	1783	2546
1024	1792	2559	1151	1785	2547
1280	1792	2559	1363	1789	2547
1536	1792	2559	1586	1792	2547
1792	1792	2559	1815	1797	2548
2048	1792	2559	2050	1803	2548
2303	1792	2559	2286	1811	2549
2559	1792	2559	2525	1818	2550
2815	1792	2559	2765	1827	2550
3071	1792	2559	3006	1837	2551
3327	1792	2559	3249	1848	2552
3583	1792	2559	3492	1859	2553
3839	1792	2559	3736	1872	2554
4095	1792	2559	3979	1885	2554
0	2048	2559	700	2032	2549
256	2048	2559	733	2032	2550
512	2048	2559	832	2033	2550
768	2048	2559	987	2034	2550
1024	2048	2559	1176	2036	2550
1280	2048	2559	1383	2039	2550
1536	2048	2559	1603	2042	2550
1792	2048	2559	1831	2046	2550
2048	2048	2559	2063	2051	2551
2303	2048	2559	2297	2058	2551
2559	2048	2559	2534	2064	2552
2815	2048	2559	2774	2072	2553
3071	2048	2559	3015	2080	2554
3327	2048	2559	3256	2090	2554
3583	2048	2559	3499	2100	2555
3839	2048	2559	3742	2110	2557
4095	2048	2559	3985	2122	2558
0	2303	2559	751	2282	2552
256	2303	2559	781	2283	2552
512	2303	2559	874	2283	2553
768	2303	2559	1021	2284	2553
1024	2303	2559	1204	2285	2553
1280	2303	2559	1406	2288	2553
1536	2303	2559	1624	2292	2554
1792	2303	2559	1848	2295	2554
2048	2303	2559	2077	2300	2554
2303	2303	2559	2310	2304	2554
2559	2303	2559	2546	2311	2555
2815	2303	2559	2784	2317	2556
3071	2303	2559	3024	2324	2557
3327	2303	2559	3265	2332	2558
3583	2303	2559	3507	2341	2558
3839	2303	2559	3749	2351	2559
4095	2303	2559	3992	2361	2561
0	2559	2559	804	2534	2556
256	2559	2559	832	2534	2556
512	2559	2559	919	2534	2556
768	2559	2559	1059	2536	2556
1024	2559	2559	1235	2537	2556
1280	2559	2559	1434	2539	2557
1536	2559	2559	1646	2542	2557
1792	2559	2559	1866	2546	2558
2048	2559	2559	2094	2549	2558
2303	2559	2559	2324	2554	2558
2559	2559	2559	2559	2559	2559
2815	2559	2559	2796	2565	2559
3071	2559	2559	3035	2571	2560
3327	2559	2559	3275	2578	2562
3583	2559	2559	3515	2586	2562
3839	2559	2559	3757	2595	2563
4095	2559	2559	4000	2604	2564
0	2815	2559	862	2786	2560
256	2815	2559	886	2786	2560
512	2815	2559	969	2787	2560
768	2815	2559	1102	2788	2560
1024	2815	2559	1269	2789	2561
1280	2815	2559	1462	2791	2561
1536	2815	2559	1670	2793	2561
1792	2815	2559	1887	2796	2562
2048	2815	2559	2112	2800	2562
2303	2815	2559	2340	2804	2562
2559	2815	2559	2574	2808	2563
2815	2815	2559	2809	2813	2564
3071	2815	2559	3046	2819	2565
3327	2815	2559	3285	2825	2566
3583	2815	2559	3525	2833	2566
3839	2815	2559	3766	2840	2567
4095	2815	2559	4008	2849	2568
0	3071	2559	919	3038	2565
256	3071	2559	941	3038	2565
512	3071	2559	1019	3039	2565
768	3071	2559	1145	3039	2565
1024	3071	2559	1307	3040	2565
1280	3071	2559	1493	3042	2565
1536	3071	2559	1696	3044	2566
1792	3071	2559	1910	3047	2566
2048	3071	2559	2133	3050	2566
2303	3071	2559	2359	3054	2567
2559	3071	2559	2589	3059	2567
2815	3071	2559	2823	3063	2568
3071	3071	2559	3059	3068	2569
3327	3071	2559	3297	3074	2570
3583	3071	2559	3536	3080	2570
3839	3071	2559	3777	3087	2572
4095	3071	2559	4017	3094	2573
0	3327	2559	977	3290	2570
256	3327	2559	1000	3291	2570
512	3327	2559	1071	3291	2570
768	3327	2559	1190	3292	2570
1024	3327	2559	1346	3293	2570
1280	3327	2559	1528	3294	2570
1536	3327	2559	1726	3296	2570
1792	3327	2559	1936	3299	2571
2048	3327	2559	2155	3302	2571
2303	3327	2559	2378	3305	2572
2559	3327	2559	2607	3309	2573
2815	3327	2559	2840	3313	2574
3071	3327	2559	3074	3318	2574
3327	3327	2559	3311	3323	2575
3583	3327	2559	3548	3329	2576
3839	3327	2559	3788	3335	2577
4095	3327	2559	4028	3342	2578
0	3583	2559	1038	3543	2575
256	3583	2559	1059	3543	2575
512	3583	2559	1126	3543	2575
768	3583	2559	1239	3544	2575
1024	3583	2559	1388	3545	2575
1280	3583	2559	1563	3546	2576
1536	3583	2559	1756	3548	2576
1792	3583	2559	1964	3550	2577
2048	3583	2559	2179	3553	2577
2303	3583	2559	2400	3556	2578
2559	3583	2559	2626	3559	2578
2815	3583	2559	2856	3564	2578
3071	3583	2559	3089	3568	2579
3327	3583	2559	3325	3573	2580
3583	3583	2559	3562	3578	2582
3839	3583	2559	3800	3584	2582
4095	3583	2559	4039	3590	2583
0	3839	2559	1100	3795	2581
256	3839	2559	1117	3795	2581
512	3839	2559	1182	3796	2581
768	3839	2559	1289	3796	2582
1024	3839	2559	1432	3797	2582
1280	3839	2559	1601	3799	2582
1536	3839	2559	1790	3800	2582
1792	3839	2559	1992	3802	2582
2048	3839	2559	2205	3805	2583
2303	3839	2559	2423	3807	2583
2559	3839	2559	2647	3810	2584
2815	3839	2559	2875	3814	2585
3071	3839	2559	3107	3818	2586
3327	3839	2559	3340	3823	2586
3583	3839	2559	3576	3828	2587
3839	3839	2559	3813	3833	2588
4095	3839	2559	4052	3839	2589
0	4095	2559	1161	4047	2587
256	4095	2559	1178	4047	2587
512	4095	2559	1239	4048	2588
768	4095	2559	1341	4048	2588
1024	4095	2559	1478	4049	2588
1280	4095	2559	1641	4051	2588
1536	4095	2559	1825	4052	2589
1792	4095	2559	2023	4054	2589
2048	4095	2559	2232	4056	2589
2303	4095	2559	2448	4059	2589
2559	4095	2559	2669	4062	2590
2815	4095	2559	2895	4065	2591
3071	4095	2559	3125	4069	2592
3327	4095	2559	3357	4073	2593
3583	4095	2559	3592	4078	2593
3839	4095	2559	3828	4083	2594
4095	4095	2559	4065	4088	2596
0	0	2815	527	278	2793
256	0	2815	568	278	2793
512	0	2815	700	289	2793
768	0	2815	883	300	2793
1024	0	2815	1093	320	2793
1280	0	2815	1316	347	2793
1536	0	2815	1547	373	2793
1792	0	2815	1783	403	2794
2048	0	2815	2021	438	2794
2303	0	2815	2260	476	2795
2559	0	2815	2503	511	2795
2815	0	2815	2745	548	2795
3071	0	2815	2989	591	2796
3327	0	2815	3233	631	2798
3583	0	2815	3477	669	2798
3839	0	2815	3722	711	2799
4095	0	2815	3967	754	2800
0	256	2815	527	365	2793
256	256	2815	572	365	2793
512	256	2815	700	373	2793
768	256	2815	883	381	2793
1024	256	2815	1093	396	2793
1280	256	2815	1316	411	2793
1536	256	2815	1548	438	2793
1792	256	2815	1784	464	2794
2048	256	2815	2022	494	2794
2303	256	2815	2261	522	2795
2559	256	2815	2503	558	2795
2815	256	2815	2745	591	2796
3071	256	2815	2989	627	2797
3327	256	2815	3233	665	2798
3583	256	2815	3477	704	2798
3839	256	2815	3722	744	2799
4095	256	2815	3967	785	2800
0	512	2815	537	563	2793
256	512	2815	577	563	2793
512	512	2815	707	568	2793
768	512	2815	888	572	2793
1024	512	2815	1097	582	2793
1280	512	2815	1320	596	2793
1536	512	2815	1550	610	2794
1792	512	2815	1785	627	2794
2048	512	2815	2024	648	2795
2303	512	2815	2263	673	2795
2559	512	2815	2504	696	2795
2815	512	2815	2747	722	2796
3071	512	2815	2990	754	2797
3327	512	2815	3234	785	2798
3583	512	2815	3479	814	2798
3839	512	2815	3723	848	2800
4095	512	2815	3968	883	2800
0	768	2815	553	794	2793
256	768	2815	596	794	2793
512	768	2815	718	798	2794
768	768	2815	897	801	2794
1024	768	2815	1104	807	2794
1280	768	2815	1325	817	2794
1536	768	2815	1556	826	2795
1792	768	2815	1790	838	2795
2048	768	2815	2027	854	2795
2303	768	2815	2266	871	2795
2559	768	2815	2507	888	2796
2815	768	2815	2750	911	2797
3071	768	2815	2993	933	2798
3327	768	2815	3236	956	2798
3583	768	2815	3480	982	2799
3839	768	2815	3725	1007	2800
4095	768	2815	3970	1036	2801
0	1024	2815	577	1036	2795
256	1024	2815	618	1038	2795
512	1024	2815	737	1038	2795
768	1024	2815	911	1043	2795
1024	1024	2815	1115	1047	2795
1280	1024	2815	1334	1052	2795
1536	1024	2815	1561	1061	2795
1792	1024	2815	1796	1071	2796
2048	1024	2815	2033	1082	2796
2303	1024	2815	2271	1093	2797
2559	1024	2815	2511	1108	2798
2815	1024	2815	2753	1124	2798
3071	1024	2815	2996	1141	2798
3327	1024	2815	3239	1159	2799
3583	1024	2815	3483	1180	2800
3839	1024	2815	3727	1202	2801
4095	1024	2815	3971	1225	2802
0	1280	2815	610	1284	2796
256	1280	2815	644	1284	2796
512	1280	2815	761	1285	2796
768	1280	2815	930	1287	2796
1024	1280	2815	1130	1291	2796
1280	1280	2815	1346	1296	2796
1536	1280	2815	1572	1302	2797
1792	1280	2815	1803	1309	2797
2048	1280	2815	2039	1318	2798
2303	1280	2815	2276	1328	2798
2559	1280	2815	2517	1339	2798
2815	1280	2815	2758	1353	2799
3071	1280	2815	3000	1366	2800
3327	1280	2815	3243	1381	2800
3583	1280	2815	3486	1398	2801
3839	1280	2815	3730	1416	2803
4095	1280	2815	3975	1434	2803
0	1536	2815	644	1532	2798
256	1536	2815	681	1532	2798
512	1536	2815	788	1534	2798
768	1536	2815	951	1535	2798
1024	1536	2815	1147	1538	2798
1280	1536	2815	1359	1543	2798
1536	1536	2815	1583	1547	2798
1792	1536	2815	1814	1554	2799
2048	1536	2815	2048	1560	2799
2303	1536	2815	2284	1569	2800
2559	1536	2815	2523	1579	2800
2815	1536	2815	2764	1589	2801
3071	1536	2815	3006	1600	2802
3327	1536	2815	3248	1613	2803
3583	1536	2815	3491	1626	2803
3839	1536	2815	3735	1641	2804
4095	1536	2815	3978	1656	2805
0	1792	2815	684	1783	2800
256	1792	2815	718	1783	2800
512	1792	2815	820	1784	2800
768	1792	2815	977	1785	2800
1024	1792	2815	1168	1787	2800
1280	1792	2815	1378	1791	2800
1536	1792	2815	1599	1795	2800
1792	1792	2815	1826	1800	2801
2048	1792	2815	2059	1806	2801
2303	1792	2815	2294	1813	2802
2559	1792	2815	2532	1820	2803
2815	1792	2815	2772	1830	2803
3071	1792	2815	3012	1839	2803
3327	1792	2815	3254	1850	2804
3583	1792	2815	3497	1862	2805
3839	1792	2815	3740	1875	2806
4095	1792	2815	3984	1887	2807
0	2048	2815	733	2034	2802
256	2048	2815	761	2034	2802
512	2048	2815	856	2035	2802
768	2048	2815	1009	2036	2803
1024	2048	2815	1192	2038	2803
1280	2048	2815	1398	2041	2803
1536	2048	2815	1615	2044	2803
1792	2048	2815	1841	2048	2803
2048	2048	2815	2071	2054	2804
2303	2048	2815	2304	2060	2804
2559	2048	2815	2542	2066	2805
2815	2048	2815	2780	2074	2805
3071	2048	2815	3020	2082	2806
3327	2048	2815	3261	2092	2807
3583	2048	2815	3503	2102	2808
3839	2048	2815	3746	2112	2808
4095	2048	2815	3989	2124	2810
0	2303	2815	781	2284	2805
256	2303	2815	807	2284	2805
512	2303	2815	900	2284	2805
768	2303	2815	1043	2286	2805
1024	2303	2815	1219	2288	2805
1280	2303	2815	1421	2290	2805
1536	2303	2815	1635	2294	2805
1792	2303	2815	1857	2297	2806
2048	2303	2815	2085	2302	2806
2303	2303	2815	2317	2306	2807
2559	2303	2815	2553	2313	2808
2815	2303	2815	2790	2319	2808
3071	2303	2815	3029	2326	2809
3327	2303	2815	3270	2334	2810
3583	2303	2815	3511	2343	2810
3839	2303	2815	3753	2353	2811
4095	2303	2815	3996	2363	2813
0	2559	2815	832	2535	2808
256	2559	2815	856	2536	2808
512	2559	2815	943	2536	2808
768	2559	2815	1080	2538	2808
1024	2559	2815	1252	2539	2808
1280	2559	2815	1447	2541	2809
1536	2559	2815	1656	2544	2809
1792	2559	2815	1876	2547	2809
2048	2559	2815	2102	2551	2810
2303	2559	2815	2331	2555	2810
2559	2559	2815	2566	2561	2810
2815	2559	2815	2802	2566	2811
3071	2559	2815	3040	2573	2812
3327	2559	2815	3279	2580	2813
3583	2559	2815	3520	2588	2813
3839	2559	2815	3762	2597	2815
4095	2559	2815	4003	2605	2815
0	2815	2815	886	2788	2812
256	2815	2815	911	2788	2812
512	2815	2815	990	2788	2812
768	2815	2815	1119	2789	2812
1024	2815	2815	1285	2790	2812
1280	2815	2815	1475	2793	2813
1536	2815	2815	1680	2795	2813
1792	2815	2815	1898	2798	2813
2048	2815	2815	2121	2801	2813
2303	2815	2815	2348	2805	2814
2559	2815	2815	2580	2810	2814
2815	2815	2815	2815	2815	2815
3071	2815	2815	3052	2820	2815
3327	2815	2815	3290	2828	2816
3583	2815	2815	3530	2834	2818
3839	2815	2815	3771	2842	2818
4095	2815	2815	4012	2850	2819
0	3071	2815	941	3039	2815
256	3071	2815	964	3039	2815
512	3071	2815	1038	3040	2816
768	3071	2815	1161	3040	2816
1024	3071	2815	1321	3042	2816
1280	3071	2815	1507	3044	2816
1536	3071	2815	1708	3046	2817
1792	3071	2815	1920	3049	2817
2048	3071	2815	2141	3052	2818
2303	3071	2815	2366	3055	2818
2559	3071	2815	2597	3060	2818
2815	3071	2815	2830	3064	2819
3071	3071	2815	3065	3070	2820
3327	3071	2815	3302	3075	2820
3583	3071	2815	3541	3082	2821
3839	3071	2815	3781	3089	2822
4095	3071	2815	4021	3096	2823
0	3327	2815	1000	3291	2820
256	3327	2815	1019	3292	2820
512	3327	2815	1091	3292	2820
768	3327	2815	1208	3293	2820
1024	3327	2815	1361	3294	2820
1280	3327	2815	1540	3295	2821
1536	3327	2815	1736	3298	2821
1792	3327	2815	1945	3300	2821
2048	3327	2815	2163	3303	2822
2303	3327	2815	2386	3306	2823
2559	3327	2815	2614	3310	2823
2815	3327	2815	2845	3314	2823
3071	3327	2815	3079	3319	2824
3327	3327	2815	3315	3324	2825
3583	3327	2815	3553	3330	2825
3839	3327	2815	3792	3336	2827
4095	3327	2815	4032	3343	2828
0	3583	2815	1059	3544	2825
256	3583	2815	1077	3544	2825
512	3583	2815	1143	3544	2825
768	3583	2815	1254	3545	2825
1024	3583	2815	1401	3546	2825
1280	3583	2815	1576	3547	2825
1536	3583	2815	1768	3549	2826
1792	3583	2815	1973	3551	2826
2048	3583	2815	2187	3554	2827
2303	3583	2815	2407	3557	2828
2559	3583	2815	2633	3561	2828
2815	3583	2815	2863	3565	2828
3071	3583	2815	3095	3569	2829
3327	3583	2815	3330	3574	2830
3583	3583	2815	3566	3579	2830
3839	3583	2815	3804	3585	2832
4095	3583	2815	4043	3591	2833
0	3839	2815	1117	3796	2830
256	3839	2815	1136	3796	2830
512	3839	2815	1198	3797	2830
768	3839	2815	1303	3797	2830
1024	3839	2815	1445	3798	2831
1280	3839	2815	1614	3800	2831
1536	3839	2815	1801	3801	2831
1792	3839	2815	2002	3803	2832
2048	3839	2815	2213	3806	2832
2303	3839	2815	2430	3808	2833
2559	3839	2815	2654	3811	2833
2815	3839	2815	2882	3815	2834
3071	3839	2815	3112	3819	2835
3327	3839	2815	3346	3824	2835
3583	3839	2815	3581	3829	2836
3839	3839	2815	3817	3834	2837
4095	3839	2815	4056	3840	2837
0	4095	2815	1178	4048	2836
256	4095	2815	1196	4048	2836
512	4095	2815	1254	4049	2836
768	4095	2815	1354	4049	2836
1024	4095	2815	1490	4050	2837
1280	4095	2815	1654	4052	2837
1536	4095	2815	1836	4053	2837
1792	4095	2815	2033	4055	2837
2048	4095	2815	2240	4057	2837
2303	4095	2815	2454	4060	2838
2559	4095	2815	2676	4063	2839
2815	4095	2815	2902	4066	2840
3071	4095	2815	3130	4070	2840
3327	4095	2815	3362	4074	2841
3583	4095	2815	3596	4079	2842
3839	4095	2815	3832	4084	2842
4095	4095	2815	4069	4089	2844
0	0	3071	572	300	3046
256	0	3071	614	300	3046
512	0	3071	733	310	3046
768	0	3071	908	320	3046
1024	0	3071	1113	339	3047
1280	0	3071	1332	365	3047
1536	0	3071	1560	388	3047
1792	0	3071	1795	418	3048
2048	0	3071	2032	451	3048
2303	0	3071	2270	488	3048
2559	0	3071	2510	522	3049
2815	0	3071	2752	563	3050
3071	0	3071	2995	601	3050
3327	0	3071	3238	640	3051
3583	0	3071	3482	681	3052
3839	0	3071	3727	718	3052
4095	0	3071	3971	761	3053
0	256	3071	577	381	3046
256	256	3071	614	381	3046
512	256	3071	737	388	3046
768	256	3071	911	396	3047
1024	256	3071	1113	411	3047
1280	256	3071	1334	432	3047
1536	256	3071	1561	451	3048
1792	256	3071	1795	476	3048
2048	256	3071	2032	505	3048
2303	256	3071	2270	537	3048
2559	256	3071	2511	568	3049
2815	256	3071	2753	605	3050
3071	256	3071	2995	640	3050
3327	256	3071	3239	677	3051
3583	256	3071	3482	715	3052
3839	256	3071	3727	751	3052
4095	256	3071	3971	791	3053
0	512	3071	582	572	3047
256	512	3071	623	572	3047
512	512	3071	740	577	3047
768	512	3071	914	582	3047
1024	512	3071	1117	591	3047
1280	512	3071	1337	605	3048
1536	512	3071	1564	618	3048
1792	512	3071	1797	636	3048
2048	512	3071	2034	657	3048
2303	512	3071	2272	681	3049
2559	512	3071	2512	704	3050
2815	512	3071	2754	733	3050
3071	512	3071	2997	761	3050
3327	512	3071	3240	791	3051
3583	512	3071	3484	823	3052
3839	512	3071	3728	856	3053
4095	512	3071	3972	888	3053
0	768	3071	601	801	3048
256	768	3071	636	801	3048
512	768	3071	754	804	3048
768	768	3071	925	807	3048
1024	768	3071	1124	814	3048
1280	768	3071	1342	823	3048
1536	768	3071	1569	832	3048
1792	768	3071	1801	848	3048
2048	768	3071	2037	859	3049
2303	768	3071	2274	877	3050
2559	768	3071	2515	897	3050
2815	768	3071	2756	916	3050
3071	768	3071	2999	938	3051
3327	768	3071	3242	962	3052
3583	768	3071	3485	987	3052
3839	768	3071	3729	1014	3053
4095	768	3071	3974	1040	3054
0	1024	3071	623	1043	3048
256	1024	3071	657	1043	3048
512	1024	3071	768	1045	3048
768	1024	3071	938	1047	3048
1024	1024	3071	1134	1052	3049
1280	1024	3071	1351	1059	3049
1536	1024	3071	1576	1066	3049
1792	1024	3071	1807	1075	3050
2048	1024	3071	2042	1086	3050
2303	1024	3071	2279	1100	3050
2559	1024	3071	2519	1113	3051
2815	1024	3071	2760	1128	3052
3071	1024	3071	3002	1145	3052
3327	1024	3071	3245	1165	3053
3583	1024	3071	3488	1184	3053
3839	1024	3071	3732	1206	3054
4095	1024	3071	3976	1229	3055
0	1280	3071	648	1287	3050
256	1280	3071	684	1289	3050
512	1280	3071	791	1289	3050
768	1280	3071	954	1293	3050
1024	1280	3071	1149	1296	3050
1280	1280	3071	1361	1300	3050
1536	1280	3071	1584	1307	3050
1792	1280	3071	1815	1314	3051
2048	1280	3071	2049	1323	3051
2303	1280	3071	2285	1332	3052
2559	1280	3071	2524	1344	3052
2815	1280	3071	2764	1356	3053
3071	1280	3071	3006	1370	3053
3327	1280	3071	3248	1385	3054
3583	1280	3071	3492	1401	3055
3839	1280	3071	3735	1419	3055
4095	1280	3071	3979	1437	3056
0	1536	3071	684	1535	3051
256	1536	3071	715	1537	3051
512	1536	3071	817	1537	3051
768	1536	3071	977	1540	3052
1024	1536	3071	1165	1543	3052
1280	1536	3071	1376	1545	3052
1536	1536	3071	1597	1551	3052
1792	1536	3071	1825	1557	3052
2048	1536	3071	2058	1564	3053
2303	1536	3071	2293	1572	3053
2559	1536	3071	2531	1582	3053
2815	1536	3071	2771	1592	3054
3071	1536	3071	3012	1603	3055
3327	1536	3071	3254	1615	3055
3583	1536	3071	3496	1629	3056
3839	1536	3071	3739	1644	3057
4095	1536	3071	3983	1660	3058
0	1792	3071	722	1785	3053
256	1792	3071	751	1786	3053
512	1792	3071	851	1786	3053
768	1792	3071	1002	1789	3053
1024	1792	3071	1188	1791	3053
1280	1792	3071	1393	1794	3053
1536	1792	3071	1611	1798	3053
1792	1792	3071	1837	1803	3054
2048	1792	3071	2068	1809	3054
2303	1792	3071	2302	1815	3055
2559	1792	3071	2539	1824	3055
2815	1792	3071	2778	1832	3056
3071	1792	3071	3018	1842	3057
3327	1792	3071	3260	1852	3057
3583	1792	3071	3502	1864	3058
3839	1792	3071	3745	1877	3059
4095	1792	3071	3988	1891	3060
0	2048	3071	764	2036	3055
256	2048	3071	791	2036	3055
512	2048	3071	886	2037	3055
768	2048	3071	1031	2038	3055
1024	2048	3071	1212	2040	3055
1280	2048	3071	1413	2043	3055
1536	2048	3071	1628	2046	3056
1792	2048	3071	1851	2050	3056
2048	2048	3071	2081	2056	3057
2303	2048	3071	2314	2062	3057
2559	2048	3071	2549	2068	3057
2815	2048	3071	2787	2076	3058
3071	2048	3071	3026	2084	3059
3327	2048	3071	3267	2094	3059
3583	2048	3071	3509	2104	3060
3839	2048	3071	3751	2115	3061
4095	2048	3071	3993	2126	3062
0	2303	3071	810	2286	3057
256	2303	3071	838	2286	3058
512	2303	3071	925	2287	3058
768	2303	3071	1064	2288	3058
1024	2303	3071	1239	2290	3058
1280	2303	3071	1435	2292	3058
1536	2303	3071	1647	2295	3059
1792	2303	3071	1869	2299	3059
2048	2303	3071	2096	2304	3059
2303	2303	3071	2326	2308	3059
2559	2303	3071	2560	2314	3060
2815	2303	3071	2797	2321	3061
3071	2303	3071	3036	2328	3061
3327	2303	3071	3275	2336	3062
3583	2303	3071	3516	2345	3062
3839	2303	3071	3758	2355	3063
4095	2303	3071	4000	2365	3064
0	2559	3071	859	2538	3061
256	2559	3071	886	2538	3061
512	2559	3071	967	2538	3061
768	2559	3071	1100	2539	3061
1024	2559	3071	1269	2541	3061
1280	2559	3071	1461	2542	3061
1536	2559	3071	1670	2546	3061
1792	2559	3071	1887	2549	3062
2048	2559	3071	2112	2553	3062
2303	2559	3071	2340	2557	3062
2559	2559	3071	2574	2562	3063
2815	2559	3071	2809	2568	3064
3071	2559	3071	3046	2574	3064
3327	2559	3071	3285	2582	3065
3583	2559	3071	3525	2589	3066
3839	2559	3071	3766	2598	3066
4095	2559	3071	4008	2607	3067
0	2815	3071	911	2789	3064
256	2815	3071	935	2789	3064
512	2815	3071	1012	2790	3064
768	2815	3071	1138	2790	3064
1024	2815	3071	1302	2792	3064
1280	2815	3071	1490	2794	3064
1536	2815	3071	1694	2796	3064
1792	2815	3071	1908	2799	3065
2048	2815	3071	2130	2803	3065
2303	2815	3071	2356	2807	3066
2559	2815	3071	2588	2811	3066
2815	2815	3071	2822	2817	3067
3071	2815	3071	3058	2823	3068
3327	2815	3071	3296	2829	3068
3583	2815	3071	3535	2836	3069
3839	2815	3071	3775	2843	3070
4095	2815	3071	4016	2852	3070
0	3071	3071	967	3040	3068
256	3071	3071	987	3041	3068
512	3071	3071	1061	3041	3068
768	3071	3071	1182	3042	3068
1024	3071	3071	1339	3044	3068
1280	3071	3071	1520	3045	3068
1536	3071	3071	1720	3048	3068
1792	3071	3071	1930	3050	3068
2048	3071	3071	2150	3053	3069
2303	3071	3071	2374	3057	3070
2559	3071	3071	2604	3061	3070
2815	3071	3071	2836	3066	3070
3071	3071	3071	3071	3071	3071
3327	3071	3071	3308	3077	3071
3583	3071	3071	3546	3083	3072
3839	3071	3071	3786	3090	3073
4095	3071	3071	4026	3098	3074
0	3327	3071	1021	3293	3071
256	3327	3071	1043	3293	3071
512	3327	3071	1111	3294	3071
768	3327	3071	1225	3294	3071
1024	3327	3071	1376	3295	3071
1280	3327	3071	1553	3297	3072
1536	3327	3071	1749	3299	3072
1792	3327	3071	1956	3301	3073
2048	3327	3071	2172	3304	3073
2303	3327	3071	2394	3308	3073
2559	3327	3071	2622	3311	3074
2815	3327	3071	2852	3315	3075
3071	3327	3071	3086	3321	3075
3327	3327	3071	3321	3326	3076
3583	3327	3071	3558	3331	3077
3839	3327	3071	3797	3337	3077
4095	3327	3071	4036	3344	3078
0	3583	3071	1080	3545	3076
256	3583	3071	1097	3545	3076
512	3583	3071	1163	3545	3076
768	3583	3071	1273	3546	3076
1024	3583	3071	1418	3547	3076
1280	3583	3071	1589	3548	3077
1536	3583	3071	1779	3551	3077
1792	3583	3071	1982	3553	3077
2048	3583	3071	2196	3555	3077
2303	3583	3071	2415	3558	3078
2559	3583	3071	2640	3562	3079
2815	3583	3071	2869	3566	3079
3071	3583	3071	3101	3570	3079
3327	3583	3071	3335	3575	3080
3583	3583	3071	3572	3580	3081
3839	3583	3071	3809	3586	3082
4095	3583	3071	4047	3592	3082
0	3839	3071	1138	3797	3080
256	3839	3071	1155	3797	3080
512	3839	3071	1217	3798	3080
768	3839	3071	1321	3798	3081
1024	3839	3071	1461	3799	3081
1280	3839	3071	1626	3801	3081
1536	3839	3071	1812	3802	3082
1792	3839	3071	2011	3804	3082
2048	3839	3071	2221	3806	3082
2303	3839	3071	2438	3809	3082
2559	3839	3071	2661	3812	3083
2815	3839	3071	2888	3816	3084
3071	3839	3071	3118	3820	3084
3327	3839	3071	3351	3825	3085
3583	3839	3071	3585	3830	3086
3839	3839	3071	3822	3835	3086
4095	3839	3071	4060	3841	3087
0	4095	3071	1198	4049	3086
256	4095	3071	1214	4050	3086
512	4095	3071	1273	4050	3086
768	4095	3071	1371	4051	3086
1024	4095	3071	1505	4052	3086
1280	4095	3071	1666	4052	3086
1536	4095	3071	1846	4054	3087
1792	4095	3071	2042	4056	3087
2048	4095	3071	2249	4058	3087
2303	4095	3071	2463	4061	3087
2559	4095	3071	2683	4064	3088
2815	4095	3071	2908	4067	3089
3071	4095	3071	3136	4071	3089
3327	4095	3071	3367	4075	3090
3583	4095	3071	3601	4080	3091
3839	4095	3071	3837	4085	3091
4095	4095	3071	4073	4090	3093
0	0	3327	623	320	3301
256	0	3327	657	329	3301
512	0	3327	768	329	3301
768	0	3327	938	347	3301
1024	0	3327	1134	365	3301
1280	0	3327	1351	381	3301
1536	0	3327	1576	411	3301
1792	0	3327	1807	438	3301
2048	0	3327	2042	470	3302
2303	0	3327	2279	499	3302
2559	0	3327	2519	537	3302
2815	0	3327	2760	572	3303
3071	0	3327	3002	610	3304
3327	0	3327	3245	648	3304
3583	0	3327	3488	688	3305
3839	0	3327	3732	729	3306
4095	0	3327	3976	771	3306
0	256	3327	623	396	3301
256	256	3327	661	403	3301
512	256	3327	771	403	3301
768	256	3327	938	418	3301
1024	256	3327	1136	432	3301
1280	256	3327	1351	445	3301
1536	256	3327	1576	470	3301
1792	256	3327	1808	494	3302
2048	256	3327	2043	522	3302
2303	256	3327	2280	548	3302
2559	256	3327	2519	582	3303
2815	256	3327	2760	614	3303
3071	256	3327	3002	648	3304
3327	256	3327	3245	684	3304
3583	256	3327	3488	722	3305
3839	256	3327	3732	761	3306
4095	256	3327	3976	801	3306
0	512	3327	631	587	3301
256	512	3327	665	587	3301
512	512	3327	778	587	3301
768	512	3327	943	596	3301
1024	512	3327	1141	605	3301
1280	512	3327	1354	614	3301
1536	512	3327	1579	631	3302
1792	512	3327	1809	648	3302
2048	512	3327	2044	669	3302
2303	512	3327	2282	688	3302
2559	512	3327	2521	715	3303
2815	512	3327	2761	740	3304
3071	512	3327	3003	768	3304
3327	512	3327	3246	798	3305
3583	512	3327	3489	829	3305
3839	512	3327	3733	862	3306
4095	512	3327	3977	897	3307
0	768	3327	644	810	3301
256	768	3327	681	810	3301
512	768	3327	788	814	3301
768	768	3327	951	817	3301
1024	768	3327	1147	823	3302
1280	768	3327	1359	832	3302
1536	768	3327	1583	841	3302
1792	768	3327	1814	854	3302
2048	768	3327	2048	868	3302
2303	768	3327	2284	886	3303
2559	768	3327	2523	903	3304
2815	768	3327	2764	922	3304
3071	768	3327	3006	943	3305
3327	768	3327	3248	969	3305
3583	768	3327	3491	992	3306
3839	768	3327	3735	1019	3306
4095	768	3327	3978	1047	3308
0	1024	3327	665	1047	3302
256	1024	3327	696	1047	3302
512	1024	3327	804	1050	3302
768	1024	3327	964	1052	3302
1024	1024	3327	1157	1057	3302
1280	1024	3327	1368	1064	3302
1536	1024	3327	1590	1071	3303
1792	1024	3327	1819	1082	3303
2048	1024	3327	2054	1091	3304
2303	1024	3327	2289	1104	3304
2559	1024	3327	2527	1119	3304
2815	1024	3327	2767	1134	3305
3071	1024	3327	3008	1151	3305
3327	1024	3327	3251	1170	3306
3583	1024	3327	3494	1190	3306
3839	1024	3327	3737	1212	3308
4095	1024	3327	3981	1233	3308
0	1280	3327	692	1293	3303
256	1280	3327	722	1293	3303
512	1280	3327	823	1294	3304
768	1280	3327	982	1296	3304
1024	1280	3327	1170	1300	3304
1280	1280	3327	1380	1305	3304
1536	1280	3327	1600	1311	3304
1792	1280	3327	1827	1318	3304
2048	1280	3327	2060	1327	3305
2303	1280	3327	2294	1337	3305
2559	1280	3327	2533	1347	3305
2815	1280	3327	2772	1359	3306
3071	1280	3327	3013	1375	3306
3327	1280	3327	3255	1390	3307
3583	1280	3327	3497	1406	3308
3839	1280	3327	3740	1423	3308
4095	1280	3327	3984	1442	3309
0	1536	3327	722	1540	3305
256	1536	3327	751	1540	3305
512	1536	3327	851	1541	3305
768	1536	3327	1002	1543	3305
1024	1536	3327	1188	1545	3305
1280	1536	3327	1393	1550	3305
1536	1536	3327	1611	1554	3305
1792	1536	3327	1837	1560	3305
2048	1536	3327	2069	1567	3306
2303	1536	3327	2303	1576	3306
2559	1536	3327	2539	1584	3306
2815	1536	3327	2778	1596	3307
3071	1536	3327	3018	1607	3308
3327	1536	3327	3260	1619	3308
3583	1536	3327	3502	1633	3309
3839	1536	3327	3745	1647	3310
4095	1536	3327	3988	1663	3311
0	1792	3327	758	1789	3306
256	1792	3327	788	1789	3306
512	1792	3327	880	1790	3306
768	1792	3327	1026	1791	3306
1024	1792	3327	1208	1794	3306
1280	1792	3327	1410	1797	3306
1536	1792	3327	1626	1801	3307
1792	1792	3327	1850	1806	3307
2048	1792	3327	2079	1812	3308
2303	1792	3327	2312	1819	3308
2559	1792	3327	2548	1826	3308
2815	1792	3327	2786	1836	3309
3071	1792	3327	3025	1845	3309
3327	1792	3327	3266	1856	3310
3583	1792	3327	3508	1868	3311
3839	1792	3327	3750	1879	3312
4095	1792	3327	3993	1893	3312
0	2048	3327	798	2039	3308
256	2048	3327	826	2039	3308
512	2048	3327	914	2040	3308
768	2048	3327	1054	2041	3308
1024	2048	3327	1231	2043	3309
1280	2048	3327	1431	2045	3309
1536	2048	3327	1643	2049	3309
1792	2048	3327	1864	2054	3309
2048	2048	3327	2092	2059	3309
2303	2048	3327	2323	2065	3310
2559	2048	3327	2558	2071	3311
2815	2048	3327	2795	2078	3311
3071	2048	3327	3033	2086	3312
3327	2048	3327	3273	2096	3312
3583	2048	3327	3514	2106	3313
3839	2048	3327	3756	2117	3314
4095	2048	3327	3999	2129	3314
0	2303	3327	844	2288	3311
256	2303	3327	868	2288	3311
512	2303	3327	951	2289	3311
768	2303	3327	1086	2290	3311
1024	2303	3327	1258	2292	3311
1280	2303	3327	1453	2294	3311
1536	2303	3327	1662	2297	3311
1792	2303	3327	1880	2301	3312
2048	2303	3327	2106	2305	3312
2303	2303	3327	2335	2311	3312
2559	2303	3327	2569	2316	3313
2815	2303	3327	2805	2323	3314
3071	2303	3327	3042	2331	3314
3327	2303	3327	3282	2339	3315
3583	2303	3327	3522	2347	3315
3839	2303	3327	3763	2357	3316
4095	2303	3327	4005	2367	3316
0	2559	3327	891	2539	3313
256	2559	3327	914	2539	3313
512	2559	3327	995	2540	3314
768	2559	3327	1124	2541	3314
1024	2559	3327	1287	2542	3314
1280	2559	3327	1478	2545	3314
1536	2559	3327	1683	2547	3314
1792	2559	3327	1899	2550	3314
2048	2559	3327	2122	2554	3315
2303	2559	3327	2349	2559	3315
2559	2559	3327	2582	2564	3315
2815	2559	3327	2816	2570	3316
3071	2559	3327	3053	2577	3316
3327	2559	3327	3291	2584	3317
3583	2559	3327	3531	2592	3318
3839	2559	3327	3771	2600	3318
4095	2559	3327	4013	2609	3319
0	2815	3327	941	2790	3316
256	2815	3327	962	2791	3316
512	2815	3327	1038	2791	3316
768	2815	3327	1161	2793	3316
1024	2815	3327	1321	2794	3316
1280	2815	3327	1505	2795	3316
1536	2815	3327	1707	2798	3317
1792	2815	3327	1919	2801	3317
2048	2815	3327	2141	2805	3318
2303	2815	3327	2366	2808	3318
2559	2815	3327	2596	2813	3318
2815	2815	3327	2829	2818	3319
3071	2815	3327	3064	2824	3319
3327	2815	3327	3302	2830	3320
3583	2815	3327	3540	2837	3321
3839	2815	3327	3781	2845	3322
4095	2815	3327	4021	2854	3322
0	3071	3327	992	3042	3319
256	3071	3327	1014	3042	3319
512	3071	3327	1084	3043	3319
768	3071	3327	1202	3044	3319
1024	3071	3327	1356	3045	3320
1280	3071	3327	1535	3047	3320
1536	3071	3327	1734	3049	3320
1792	3071	3327	1943	3052	3321
2048	3071	3327	2160	3055	3321
2303	3071	3327	2384	3059	3321
2559	3071	3327	2612	3062	3322
2815	3071	3327	2844	3068	3322
3071	3071	3327	3078	3073	3323
3327	3071	3327	3314	3079	3323
3583	3071	3327	3552	3085	3324
3839	3071	3327	3791	3091	3325
4095	3071	3327	4031	3099	3326
0	3327	3327	1047	3294	3323
256	3327	3327	1066	3294	3323
512	3327	3327	1134	3295	3323
768	3327	3327	1246	3295	3323
1024	3327	3327	1395	3296	3323
1280	3327	3327	1569	3298	3323
1536	3327	3327	1761	3300	3324
1792	3327	3327	1967	3303	3324
2048	3327	3327	2182	3305	3325
2303	3327	3327	2403	3309	3325
2559	3327	3327	2629	3313	3325
2815	3327	3327	2859	3317	3326
3071	3327	3327	3092	3322	3326
3327	3327	3327	3327	3327	3327
3583	3327	3327	3564	3333	3328
3839	3327	3327	3802	3339	3328
4095	3327	3327	4041	3346	3329
0	3583	3327	1102	3546	3327
256	3583	3327	1121	3546	3327
512	3583	3327	1184	3547	3327
768	3583	3327	1291	3547	3328
1024	3583	3327	1434	3548	3328
1280	3583	3327	1604	3550	3328
1536	3583	3327	1792	3552	3328
1792	3583	3327	1994	3554	3328
2048	3583	3327	2206	3557	3329
2303	3583	3327	2424	3560	3329
2559	3583	3327	2649	3563	3329
2815	3583	3327	2877	3567	3330
3071	3583	3327	3108	3572	3330
3327	3583	3327	3342	3576	3331
3583	3583	3327	3577	3582	3332
3839	3583	3327	3814	3587	3332
4095	3583	3327	4052	3593	3333
0	3839	3327	1159	3799	3332
256	3839	3327	1178	3799	3332
512	3839	3327	1237	3799	3332
768	3839	3327	1339	3800	3332
1024	3839	3327	1476	3801	3332
1280	3839	3327	1640	3802	3332
1536	3839	3327	1825	3804	3332
1792	3839	3327	2023	3806	3333
2048	3839	3327	2232	3808	3333
2303	3839	3327	2447	3810	3333
2559	3839	3327	2668	3814	3334
2815	3839	3327	2895	3817	3334
3071	3839	3327	3125	3821	3335
3327	3839	3327	3357	3826	3335
3583	3839	3327	3591	3831	3336
3839	3839	3327	3827	3836	3337
4095	3839	3327	4065	3842	3337
0	4095	3327	1217	4051	3336
256	4095	3327	1235	4051	3336
512	4095	3327	1291	4051	3336
768	4095	3327	1388	4052	3336
1024	4095	3327	1520	4052	3336
1280	4095	3327	1679	4054	3337
1536	4095	3327	1859	4055	3337
1792	4095	3327	2054	4057	3337
2048	4095	3327	2259	4059	3337
2303	4095	3327	2471	4062	3338
2559	4095	3327	2691	4065	3339
2815	4095	3327	2915	4069	3339
3071	4095	3327	3143	4072	3339
3327	4095	3327	3374	4076	3340
3583	4095	3327	3607	4081	3341
3839	4095	3327	3842	4085	3342
4095	4095	3327	4078	4091	3342
0	0	3583	669	347	3554
256	0	3583	700	347	3554
512	0	3583	807	356	3554
768	0	3583	967	365	3554
1024	0	3583	1159	381	3554
1280	0	3583	1370	403	3555
1536	0	3583	1592	425	3555
1792	0	3583	1820	458	3555
2048	0	3583	2055	482	3555
2303	0	3583	2290	516	3556
2559	0	3583	2528	553	3557
2815	0	3583	2768	587	3557
3071	0	3583	3009	623	3557
3327	0	3583	3251	661	3558
3583	0	3583	3495	700	3559
3839	0	3583	3738	740	3559
4095	0	3583	3981	778	3560
0	256	3583	669	418	3554
256	256	3583	704	418	3554
512	256	3583	807	425	3554
768	256	3583	967	432	3554
1024	256	3583	1159	445	3555
1280	256	3583	1371	464	3555
1536	256	3583	1593	482	3555
1792	256	3583	1821	505	3555
2048	256	3583	2055	532	3555
2303	256	3583	2290	563	3556
2559	256	3583	2529	591	3557
2815	256	3583	2769	627	3557
3071	256	3583	3010	661	3558
3327	256	3583	3252	696	3558
3583	256	3583	3495	733	3559
3839	256	3583	3738	771	3559
4095	256	3583	3982	807	3560
0	512	3583	677	596	3555
256	512	3583	711	596	3555
512	512	3583	814	601	3555
768	512	3583	972	610	3555
1024	512	3583	1163	614	3555
1280	512	3583	1373	627	3555
1536	512	3583	1596	640	3555
1792	512	3583	1824	661	3555
2048	512	3583	2057	677	3556
2303	512	3583	2292	700	3557
2559	512	3583	2530	726	3557
2815	512	3583	2770	751	3557
3071	512	3583	3011	778	3558
3327	512	3583	3253	807	3558
3583	512	3583	3496	838	3559
3839	512	3583	3739	871	3560
4095	512	3583	3983	903	3560
0	768	3583	692	817	3555
256	768	3583	722	820	3555
512	768	3583	823	820	3555
768	768	3583	980	826	3555
1024	768	3583	1170	832	3555
1280	768	3583	1380	838	3555
1536	768	3583	1600	851	3556
1792	768	3583	1827	862	3556
2048	768	3583	2060	877	3557
2303	768	3583	2294	891	3557
2559	768	3583	2533	911	3557
2815	768	3583	2772	930	3558
3071	768	3583	3013	951	3558
3327	768	3583	3255	974	3559
3583	768	3583	3497	1000	3559
3839	768	3583	3740	1026	3560
4095	768	3583	3984	1054	3561
0	1024	3583	707	1054	3556
256	1024	3583	740	1054	3556
512	1024	3583	838	1057	3556
768	1024	3583	992	1059	3556
1024	1024	3583	1180	1064	3556
1280	1024	3583	1388	1071	3557
1536	1024	3583	1607	1077	3557
1792	1024	3583	1833	1086	3557
2048	1024	3583	2065	1097	3557
2303	1024	3583	2299	1111	3558
2559	1024	3583	2537	1124	3558
2815	1024	3583	2776	1141	3558
3071	1024	3583	3016	1157	3559
3327	1024	3583	3258	1176	3559
3583	1024	3583	3500	1196	3560
3839	1024	3583	3743	1216	3561
4095	1024	3583	3986	1239	3561
0	1280	3583	733	1298	3557
256	1280	3583	761	1298	3557
512	1280	3583	859	1298	3557
768	1280	3583	1009	1302	3557
1024	1280	3583	1194	1305	3557
1280	1280	3583	1398	1309	3558
1536	1280	3583	1615	1316	3558
1792	1280	3583	1842	1323	3558
2048	1280	3583	2072	1332	3558
2303	1280	3583	2305	1341	3559
2559	1280	3583	2542	1353	3559
2815	1280	3583	2780	1365	3559
3071	1280	3583	3020	1378	3560
3327	1280	3583	3261	1393	3560
3583	1280	3583	3504	1410	3561
3839	1280	3583	3746	1427	3562
4095	1280	3583	3989	1447	3562
0	1536	3583	761	1544	3558
256	1536	3583	791	1544	3558
512	1536	3583	883	1545	3558
768	1536	3583	1029	1547	3558
1024	1536	3583	1210	1550	3559
1280	1536	3583	1413	1554	3559
1536	1536	3583	1628	1559	3559
1792	1536	3583	1851	1564	3559
2048	1536	3583	2080	1572	3559
2303	1536	3583	2313	1580	3560
2559	1536	3583	2549	1589	3560
2815	1536	3583	2787	1599	3561
3071	1536	3583	3026	1611	3561
3327	1536	3583	3267	1624	3562
3583	1536	3583	3508	1636	3562
3839	1536	3583	3750	1651	3563
4095	1536	3583	3993	1667	3564
0	1792	3583	798	1792	3560
256	1792	3583	823	1792	3560
512	1792	3583	914	1794	3560
768	1792	3583	1054	1795	3560
1024	1792	3583	1229	1797	3560
1280	1792	3583	1429	1800	3560
1536	1792	3583	1641	1805	3560
1792	1792	3583	1863	1809	3561
2048	1792	3583	2091	1815	3561
2303	1792	3583	2322	1823	3561
2559	1792	3583	2557	1830	3562
2815	1792	3583	2794	1838	3562
3071	1792	3583	3033	1848	3562
3327	1792	3583	3273	1858	3563
3583	1792	3583	3514	1870	3564
3839	1792	3583	3755	1883	3565
4095	1792	3583	3998	1897	3565
0	2048	3583	835	2041	3561
256	2048	3583	859	2042	3561
512	2048	3583	946	2042	3561
768	2048	3583	1082	2044	3562
1024	2048	3583	1254	2046	3562
1280	2048	3583	1448	2048	3562
1536	2048	3583	1658	2052	3562
1792	2048	3583	1877	2057	3562
2048	2048	3583	2104	2062	3563
2303	2048	3583	2333	2067	3563
2559	2048	3583	2566	2074	3564
2815	2048	3583	2803	2081	3564
3071	2048	3583	3040	2090	3565
3327	2048	3583	3280	2099	3565
3583	2048	3583	3520	2109	3566
3839	2048	3583	3762	2120	3566
4095	2048	3583	4004	2132	3567
0	2303	3583	877	2291	3564
256	2303	3583	900	2291	3564
512	2303	3583	982	2292	3564
768	2303	3583	1113	2293	3564
1024	2303	3583	1280	2294	3564
1280	2303	3583	1470	2297	3564
1536	2303	3583	1676	2300	3564
1792	2303	3583	1893	2304	3565
2048	2303	3583	2118	2308	3565
2303	2303	3583	2346	2314	3565
2559	2303	3583	2578	2319	3566
2815	2303	3583	2813	2325	3566
3071	2303	3583	3050	2333	3567
3327	2303	3583	3288	2341	3567
3583	2303	3583	3528	2350	3568
3839	2303	3583	3769	2359	3568
4095	2303	3583	4010	2370	3569
0	2559	3583	922	2542	3566
256	2559	3583	946	2542	3566
512	2559	3583	1021	2542	3566
768	2559	3583	1147	2543	3566
1024	2559	3583	1309	2545	3566
1280	2559	3583	1495	2547	3567
1536	2559	3583	1697	2550	3567
1792	2559	3583	1912	2553	3567
2048	2559	3583	2134	2557	3567
2303	2559	3583	2360	2562	3568
2559	2559	3583	2590	2566	3568
2815	2559	3583	2824	2572	3568
3071	2559	3583	3061	2579	3569
3327	2559	3583	3298	2586	3569
3583	2559	3583	3537	2594	3570
3839	2559	3583	3777	2602	3571
4095	2559	3583	4018	2611	3572
0	2815	3583	969	2793	3569
256	2815	3583	992	2793	3569
512	2815	3583	1064	2793	3569
768	2815	3583	1184	2794	3569
1024	2815	3583	1341	2795	3569
1280	2815	3583	1523	2798	3569
1536	2815	3583	1722	2800	3569
1792	2815	3583	1933	2803	3570
2048	2815	3583	2152	2806	3570
2303	2815	3583	2376	2810	3571
2559	2815	3583	2605	2815	3571
2815	2815	3583	2837	2820	3571
3071	2815	3583	3072	2826	3572
3327	2815	3583	3309	2833	3572
3583	2815	3583	3547	2840	3573
3839	2815	3583	3786	2847	3574
4095	2815	3583	4027	2855	3574
0	3071	3583	1021	3044	3572
256	3071	3583	1040	3044	3572
512	3071	3583	1111	3045	3572
768	3071	3583	1225	3046	3572
1024	3071	3583	1376	3047	3572
1280	3071	3583	1553	3049	3572
1536	3071	3583	1748	3051	3573
1792	3071	3583	1955	3053	3573
2048	3071	3583	2171	3057	3573
2303	3071	3583	2393	3061	3573
2559	3071	3583	2621	3064	3574
2815	3071	3583	2852	3069	3574
3071	3071	3583	3085	3074	3575
3327	3071	3583	3321	3080	3575
3583	3071	3583	3558	3086	3576
3839	3071	3583	3796	3093	3577
4095	3071	3583	4036	3101	3577
0	3327	3583	1073	3296	3575
256	3327	3583	1093	3296	3575
512	3327	3583	1157	3296	3575
768	3327	3583	1267	3297	3575
1024	3327	3583	1413	3298	3575
1280	3327	3583	1584	3300	3576
1536	3327	3583	1775	3302	3576
1792	3327	3583	1980	3304	3576
2048	3327	3583	2193	3307	3576
2303	3327	3583	2413	3311	3577
2559	3327	3583	2638	3314	3577
2815	3327	3583	2867	3319	3577
3071	3327	3583	3100	3323	3578
3327	3327	3583	3333	3329	3579
3583	3327	3583	3570	3335	3580
3839	3327	3583	3807	3340	3580
4095	3327	3583	4046	3347	3581
0	3583	3583	1128	3548	3579
256	3583	3583	1145	3548	3579
512	3583	3583	1208	3548	3579
768	3583	3583	1312	3549	3579
1024	3583	3583	1453	3550	3579
1280	3583	3583	1619	3552	3579
1536	3583	3583	1806	3553	3580
1792	3583	3583	2006	3555	3580
2048	3583	3583	2216	3558	3580
2303	3583	3583	2433	3561	3581
2559	3583	3583	2657	3565	3581
2815	3583	3583	2884	3568	3581
3071	3583	3583	3115	3573	3582
3327	3583	3583	3348	3577	3582
3583	3583	3583	3583	3583	3583
3839	3583	3583	3820	3589	3584
4095	3583	3583	4058	3595	3584
0	3839	3583	1184	3800	3583
256	3839	3583	1200	3800	3583
512	3839	3583	1259	3800	3583
768	3839	3583	1359	3801	3583
1024	3839	3583	1493	3802	3583
1280	3839	3583	1656	3803	3583
1536	3839	3583	1838	3805	3583
1792	3839	3583	2035	3807	3584
2048	3839	3583	2242	3809	3584
2303	3839	3583	2456	3812	3584
2559	3839	3583	2677	3815	3585
2815	3839	3583	2903	3819	3585
3071	3839	3583	3132	3823	3586
3327	3839	3583	3363	3827	3587
3583	3839	3583	3597	3832	3587
3839	3839	3583	3833	3838	3588
4095	3839	3583	4070	3843	3589
0	4095	3583	1241	4052	3587
256	4095	3583	1256	4052	3587
512	4095	3583	1312	4052	3587
768	4095	3583	1408	4053	3587
1024	4095	3583	1538	4054	3588
1280	4095	3583	1695	4055	3588
1536	4095	3583	1872	4057	3588
1792	4095	3583	2065	4058	3588
2048	4095	3583	2269	4061	3588
2303	4095	3583	2480	4063	3589
2559	4095	3583	2699	4066	3589
2815	4095	3583	2923	4069	3590
3071	4095	3583	3150	4073	3590
3327	4095	3583	3380	4077	3591
3583	4095	3583	3613	4082	3591
3839	4095	3583	3847	4087	3592
4095	4095	3583	4083	4092	3593
0	0	3839	715	373	3808
256	0	3839	747	373	3808
512	0	3839	844	381	3808
768	0	3839	997	388	3808
1024	0	3839	1184	403	3808
1280	0	3839	1391	425	3808
1536	0	3839	1610	445	3809
1792	0	3839	1836	476	3809
2048	0	3839	2067	499	3809
2303	0	3839	2301	532	3810
2559	0	3839	2538	568	3810
2815	0	3839	2777	601	3810
3071	0	3839	3018	636	3811
3327	0	3839	3259	673	3811
3583	0	3839	3501	711	3812
3839	0	3839	3744	751	3813
4095	0	3839	3987	788	3813
0	256	3839	718	438	3808
256	256	3839	747	438	3808
512	256	3839	848	445	3808
768	256	3839	1000	451	3808
1024	256	3839	1186	464	3808
1280	256	3839	1391	482	3809
1536	256	3839	1610	499	3809
1792	256	3839	1836	522	3809
2048	256	3839	2068	548	3809
2303	256	3839	2302	577	3810
2559	256	3839	2538	605	3810
2815	256	3839	2777	640	3810
3071	256	3839	3018	673	3811
3327	256	3839	3259	707	3811
3583	256	3839	3502	744	3812
3839	256	3839	3744	781	3813
4095	256	3839	3987	817	3813
0	512	3839	726	610	3808
256	512	3839	754	610	3808
512	512	3839	854	614	3808
768	512	3839	1004	618	3809
1024	512	3839	1190	627	3809
1280	512	3839	1395	640	3809
1536	512	3839	1613	652	3809
1792	512	3839	1838	673	3809
2048	512	3839	2069	688	3810
2303	512	3839	2303	711	3810
2559	512	3839	2540	737	3810
2815	512	3839	2779	761	3811
3071	512	3839	3019	788	3811
3327	512	3839	3260	817	3812
3583	512	3839	3502	848	3812
3839	512	3839	3745	880	3813
4095	512	3839	3988	911	3814
0	768	3839	737	826	3809
256	768	3839	764	829	3809
512	768	3839	862	829	3809
768	768	3839	1012	835	3809
1024	768	3839	1196	841	3809
1280	768	3839	1400	848	3809
1536	768	3839	1617	859	3809
1792	768	3839	1842	871	3810
2048	768	3839	2073	886	3810
2303	768	3839	2306	900	3810
2559	768	3839	2542	919	3811
2815	768	3839	2781	938	3811
3071	768	3839	3021	959	3812
3327	768	3839	3262	982	3812
3583	768	3839	3504	1007	3813
3839	768	3839	3747	1033	3813
4095	768	3839	3990	1061	3814
0	1024	3839	754	1061	3810
256	1024	3839	781	1061	3810
512	1024	3839	877	1064	3810
768	1024	3839	1024	1066	3810
1024	1024	3839	1206	1071	3810
1280	1024	3839	1408	1077	3810
1536	1024	3839	1624	1084	3810
1792	1024	3839	1848	1093	3810
2048	1024	3839	2078	1104	3811
2303	1024	3839	2311	1117	3811
2559	1024	3839	2546	1130	3811
2815	1024	3839	2785	1147	3812
3071	1024	3839	3024	1163	3812
3327	1024	3839	3265	1182	3813
3583	1024	3839	3507	1202	3813
3839	1024	3839	3749	1221	3814
4095	1024	3839	3992	1244	3815
0	1280	3839	775	1303	3810
256	1280	3839	804	1303	3810
512	1280	3839	894	1303	3811
768	1280	3839	1038	1307	3811
1024	1280	3839	1217	1311	3811
1280	1280	3839	1419	1314	3811
1536	1280	3839	1633	1321	3811
1792	1280	3839	1856	1328	3811
2048	1280	3839	2084	1337	3812
2303	1280	3839	2316	1346	3812
2559	1280	3839	2552	1358	3812
2815	1280	3839	2790	1370	3813
3071	1280	3839	3029	1383	3813
3327	1280	3839	3269	1398	3814
3583	1280	3839	3510	1414	3814
3839	1280	3839	3752	1432	3815
4095	1280	3839	3995	1451	3816
0	1536	3839	804	1548	3812
256	1536	3839	829	1548	3812
512	1536	3839	919	1550	3812
768	1536	3839	1059	1551	3812
1024	1536	3839	1235	1554	3812
1280	1536	3839	1432	1559	3812
1536	1536	3839	1644	1563	3812
1792	1536	3839	1865	1569	3812
2048	1536	3839	2094	1576	3813
2303	1536	3839	2324	1584	3813
2559	1536	3839	2558	1593	3813
2815	1536	3839	2795	1603	3814
3071	1536	3839	3034	1615	3814
3327	1536	3839	3274	1628	3815
3583	1536	3839	3515	1640	3815
3839	1536	3839	3757	1655	3816
4095	1536	3839	3999	1671	3817
0	1792	3839	835	1796	3813
256	1792	3839	862	1796	3813
512	1792	3839	946	1797	3813
768	1792	3839	1082	1798	3813
1024	1792	3839	1254	1801	3813
1280	1792	3839	1448	1803	3813
1536	1792	3839	1658	1808	3814
1792	1792	3839	1878	1813	3814
2048	1792	3839	2104	1819	3814
2303	1792	3839	2333	1825	3815
2559	1792	3839	2566	1833	3815
2815	1792	3839	2803	1842	3815
3071	1792	3839	3041	1851	3816
3327	1792	3839	3280	1862	3816
3583	1792	3839	3521	1873	3817
3839	1792	3839	3762	1886	3818
4095	1792	3839	4004	1900	3818
0	2048	3839	871	2044	3815
256	2048	3839	897	2045	3815
512	2048	3839	977	2045	3815
768	2048	3839	1108	2047	3815
1024	2048	3839	1276	2049	3815
1280	2048	3839	1467	2051	3815
1536	2048	3839	1675	2056	3815
1792	2048	3839	1892	2060	3816
2048	2048	3839	2116	2065	3816
2303	2048	3839	2344	2070	3816
2559	2048	3839	2577	2077	3817
2815	2048	3839	2812	2084	3817
3071	2048	3839	3049	2093	3818
3327	2048	3839	3288	2102	3818
3583	2048	3839	3527	2112	3819
3839	2048	3839	3768	2123	3819
4095	2048	3839	4010	2135	3820
0	2303	3839	911	2294	3817
256	2303	3839	935	2294	3817
512	2303	3839	1012	2294	3817
768	2303	3839	1138	2295	3817
1024	2303	3839	1302	2297	3817
1280	2303	3839	1490	2300	3817
1536	2303	3839	1694	2303	3817
1792	2303	3839	1908	2306	3818
2048	2303	3839	2130	2311	3818
2303	2303	3839	2356	2316	3818
2559	2303	3839	2588	2322	3819
2815	2303	3839	2822	2328	3819
3071	2303	3839	3058	2336	3819
3327	2303	3839	3296	2344	3820
3583	2303	3839	3535	2353	3821
3839	2303	3839	3775	2362	3821
4095	2303	3839	4016	2372	3822
0	2559	3839	956	2544	3819
256	2559	3839	977	2544	3819
512	2559	3839	1050	2545	3819
768	2559	3839	1174	2546	3819
1024	2559	3839	1330	2547	3819
1280	2559	3839	1514	2550	3819
1536	2559	3839	1714	2552	3820
1792	2559	3839	1926	2555	3820
2048	2559	3839	2146	2559	3820
2303	2559	3839	2370	2564	3820
2559	2559	3839	2600	2569	3821
2815	2559	3839	2833	2574	3821
3071	2559	3839	3068	2582	3822
3327	2559	3839	3305	2589	3822
3583	2559	3839	3544	2597	3823
3839	2559	3839	3783	2604	3823
4095	2559	3839	4024	2614	3824
0	2815	3839	1002	2795	3822
256	2815	3839	1021	2795	3822
512	2815	3839	1093	2795	3822
768	2815	3839	1210	2796	3822
1024	2815	3839	1363	2798	3822
1280	2815	3839	1541	2800	3822
1536	2815	3839	1737	2802	3822
1792	2815	3839	1946	2805	3822
2048	2815	3839	2163	2808	3823
2303	2815	3839	2386	2813	3823
2559	2815	3839	2615	2818	3823
2815	2815	3839	2846	2823	3824
3071	2815	3839	3080	2828	3824
3327	2815	3839	3316	2835	3825
3583	2815	3839	3553	2842	3825
3839	2815	3839	3793	2849	3826
4095	2815	3839	4032	2857	3827
0	3071	3839	1050	3046	3824
256	3071	3839	1071	3046	3824
512	3071	3839	1136	3047	3824
768	3071	3839	1248	3048	3824
1024	3071	3839	1396	3049	3825
1280	3071	3839	1570	3051	3825
1536	3071	3839	1763	3053	3825
1792	3071	3839	1969	3055	3825
2048	3071	3839	2184	3059	3825
2303	3071	3839	2404	3062	3826
2559	3071	3839	2630	3066	3826
2815	3071	3839	2860	3071	3827
3071	3071	3839	3093	3076	3827
3327	3071	3839	3328	3082	3828
3583	3071	3839	3565	3088	3828
3839	3071	3839	3803	3095	3829
4095	3071	3839	4041	3103	3830
0	3327	3839	1102	3298	3827
256	3327	3839	1119	3298	3827
512	3327	3839	1184	3298	3828
768	3327	3839	1291	3299	3828
1024	3327	3839	1432	3300	3828
1280	3327	3839	1603	3302	3828
1536	3327	3839	1791	3304	3828
1792	3327	3839	1993	3306	3828
2048	3327	3839	2205	3309	3829
2303	3327	3839	2423	3312	3829
2559	3327	3839	2648	3316	3829
2815	3327	3839	2876	3321	3830
3071	3327	3839	3107	3325	3830
3327	3327	3839	3341	3330	3831
3583	3327	3839	3576	3336	3831
3839	3327	3839	3813	3342	3832
4095	3327	3839	4052	3349	3833
0	3583	3839	1153	3550	3831
256	3583	3839	1172	3550	3831
512	3583	3839	1231	3550	3831
768	3583	3839	1334	3551	3831
1024	3583	3839	1472	3552	3831
1280	3583	3839	1636	3553	3831
1536	3583	3839	1821	3555	3832
1792	3583	3839	2020	3557	3832
2048	3583	3839	2229	3560	3832
2303	3583	3839	2444	3563	3832
2559	3583	3839	2667	3566	3833
2815	3583	3839	2893	3570	3833
3071	3583	3839	3123	3574	3834
3327	3583	3839	3355	3579	3834
3583	3583	3839	3590	3584	3835
3839	3583	3839	3826	3590	3835
4095	3583	3839	4063	3597	3836
0	3839	3839	1208	3801	3835
256	3839	3839	1225	3802	3835
512	3839	3839	1282	3802	3835
768	3839	3839	1380	3803	3835
1024	3839	3839	1513	3804	3835
1280	3839	3839	1672	3805	3835
1536	3839	3839	1852	3806	3835
1792	3839	3839	2048	3808	3836
2048	3839	3839	2254	3811	3836
2303	3839	3839	2467	3813	3836
2559	3839	3839	2687	3817	3837
2815	3839	3839	2911	3820	3837
3071	3839	3839	3140	3824	3837
3327	3839	3839	3370	3829	3838
3583	3839	3839	3604	3834	3839
3839	3839	3839	3839	3839	3839
4095	3839	3839	4075	3845	3840
0	4095	3839	1263	4053	3839
256	4095	3839	1280	4053	3839
512	4095	3839	1334	4054	3839
768	4095	3839	1427	4054	3839
1024	4095	3839	1556	4055	3839
1280	4095	3839	1710	4056	3839
1536	4095	3839	1887	4058	3839
1792	4095	3839	2078	4060	3840
2048	4095	3839	2281	4062	3840
2303	4095	3839	2491	4064	3840
2559	4095	3839	2708	4068	3841
2815	4095	3839	2932	4071	3841
3071	4095	3839	3158	4074	3841
3327	4095	3839	3388	4079	3842
3583	4095	3839	3619	4083	3843
3839	4095	3839	3853	4088	3843
4095	4095	3839	4089	4094	3843
0	0	4095	764	396	4062
256	0	4095	791	403	4062
512	0	4095	886	403	4062
768	0	4095	1031	418	4063
1024	0	4095	1212	432	4063
1280	0	4095	1413	445	4063
1536	0	4095	1628	470	4063
1792	0	4095	1851	494	4063
2048	0	4095	2081	522	4063
2303	0	4095	2314	548	4063
2559	0	4095	2549	582	4064
2815	0	4095	2787	614	4064
3071	0	4095	3026	648	4065
3327	0	4095	3267	684	4065
3583	0	4095	3509	722	4066
3839	0	4095	3751	761	4066
4095	0	4095	3993	801	4067
0	256	4095	764	458	4062
256	256	4095	794	464	4063
512	256	4095	886	464	4063
768	256	4095	1031	476	4063
1024	256	4095	1212	488	4063
1280	256	4095	1414	499	4063
1536	256	4095	1629	522	4063
1792	256	4095	1852	543	4063
2048	256	4095	2081	568	4063
2303	256	4095	2314	591	4063
2559	256	4095	2550	623	4064
2815	256	4095	2788	652	4064
3071	256	4095	3027	684	4065
3327	256	4095	3267	718	4065
3583	256	4095	3509	754	4066
3839	256	4095	3751	791	4066
4095	256	4095	3994	829	4067
0	512	4095	771	627	4063
256	512	4095	801	627	4063
512	512	4095	891	627	4063
768	512	4095	1036	636	4063
1024	512	4095	1216	644	4063
1280	512	4095	1416	652	4063
1536	512	4095	1632	669	4063
1792	512	4095	1855	684	4063
2048	512	4095	2083	704	4063
2303	512	4095	2315	722	4064
2559	512	4095	2550	747	4064
2815	512	4095	2789	771	4065
3071	512	4095	3028	798	4065
3327	512	4095	3269	826	4066
3583	512	4095	3510	856	4066
3839	512	4095	3752	888	4067
4095	512	4095	3995	922	4067
0	768	4095	781	838	4063
256	768	4095	810	838	4063
512	768	4095	900	841	4063
768	768	4095	1043	844	4063
1024	768	4095	1221	851	4063
1280	768	4095	1423	856	4063
1536	768	4095	1636	868	4063
1792	768	4095	1858	880	4064
2048	768	4095	2086	894	4064
2303	768	4095	2318	911	4064
2559	768	4095	2554	927	4065
2815	768	4095	2791	946	4065
3071	768	4095	3030	967	4065
3327	768	4095	3270	990	4066
3583	768	4095	3512	1014	4067
3839	768	4095	3753	1040	4067
4095	768	4095	3996	1068	4068
0	1024	4095	798	1068	4063
256	1024	4095	826	1068	4063
512	1024	4095	914	1071	4063
768	1024	4095	1054	1073	4064
1024	1024	4095	1231	1077	4064
1280	1024	4095	1431	1084	4064
1536	1024	4095	1643	1091	4064
1792	1024	4095	1864	1100	4064
2048	1024	4095	2092	1111	4065
2303	1024	4095	2323	1124	4065
2559	1024	4095	2558	1136	4065
2815	1024	4095	2795	1153	4066
3071	1024	4095	3033	1170	4066
3327	1024	4095	3273	1188	4067
3583	1024	4095	3514	1208	4067
3839	1024	4095	3756	1229	4068
4095	1024	4095	3999	1250	4069
0	1280	4095	820	1309	4064
256	1280	4095	844	1309	4064
512	1280	4095	933	1311	4064
768	1280	4095	1071	1312	4064
1024	1280	4095	1244	1316	4065
1280	1280	4095	1440	1321	4065
1536	1280	4095	1651	1327	4065
1792	1280	4095	1871	1334	4065
2048	1280	4095	2099	1342	4065
2303	1280	4095	2329	1353	4066
2559	1280	4095	2562	1363	4066
2815	1280	4095	2799	1375	4067
3071	1280	4095	3037	1390	4067
3327	1280	4095	3277	1405	4068
3583	1280	4095	3518	1419	4068
3839	1280	4095	3760	1437	4069
4095	1280	4095	4001	1456	4069
0	1536	4095	844	1553	4065
256	1536	4095	871	1553	4065
512	1536	4095	954	1554	4066
768	1536	4095	1089	1556	4066
1024	1536	4095	1259	1559	4066
1280	1536	4095	1454	1563	4066
1536	1536	4095	1663	1567	4066
1792	1536	4095	1882	1573	4066
2048	1536	4095	2107	1580	4067
2303	1536	4095	2336	1589	4067
2559	1536	4095	2570	1597	4067
2815	1536	4095	2805	1608	4068
3071	1536	4095	3043	1619	4068
3327	1536	4095	3282	1632	4069
3583	1536	4095	3522	1646	4069
3839	1536	4095	3764	1659	4069
4095	1536	4095	4006	1675	4070
0	1792	4095	877	1800	4067
256	1792	4095	900	1800	4067
512	1792	4095	982	1801	4067
768	1792	4095	1113	1802	4067
1024	1792	4095	1278	1805	4067
1280	1792	4095	1470	1808	4067
1536	1792	4095	1676	1812	4067
1792	1792	4095	1893	1817	4068
2048	1792	4095	2117	1823	4068
2303	1792	4095	2345	1830	4068
2559	1792	4095	2578	1837	4069
2815	1792	4095	2813	1846	4069
3071	1792	4095	3050	1856	4069
3327	1792	4095	3288	1866	4070
3583	1792	4095	3528	1878	4070
3839	1792	4095	3769	1890	4071
4095	1792	4095	4010	1903	4072
0	2048	4095	911	2048	4069
256	2048	4095	933	2048	4069
512	2048	4095	1012	2049	4069
768	2048	4095	1138	2050	4069
1024	2048	4095	1302	2052	4069
1280	2048	4095	1489	2055	4069
1536	2048	4095	1692	2059	4069
1792	2048	4095	1907	2063	4069
2048	2048	4095	2129	2068	4069
2303	2048	4095	2355	2073	4070
2559	2048	4095	2587	2080	4070
2815	2048	4095	2821	2088	4070
3071	2048	4095	3057	2096	4071
3327	2048	4095	3295	2105	4071
3583	2048	4095	3534	2115	4072
3839	2048	4095	3775	2126	4073
4095	2048	4095	4016	2138	4073
0	2303	4095	949	2296	4070
256	2303	4095	969	2296	4070
512	2303	4095	1045	2297	4070
768	2303	4095	1168	2298	4070
1024	2303	4095	1327	2300	4070
1280	2303	4095	1510	2303	4070
1536	2303	4095	1710	2305	4071
1792	2303	4095	1923	2309	4071
2048	2303	4095	2144	2314	4071
2303	2303	4095	2369	2319	4072
2559	2303	4095	2598	2324	4072
2815	2303	4095	2831	2331	4072
3071	2303	4095	3066	2339	4073
3327	2303	4095	3304	2347	4073
3583	2303	4095	3542	2355	4074
3839	2303	4095	3782	2365	4074
4095	2303	4095	4022	2375	4075
0	2559	4095	990	2546	4072
256	2559	4095	1012	2546	4072
512	2559	4095	1082	2547	4072
768	2559	4095	1200	2548	4072
1024	2559	4095	1354	2550	4073
1280	2559	4095	1534	2552	4073
1536	2559	4095	1731	2554	4073
1792	2559	4095	1942	2558	4073
2048	2559	4095	2159	2562	4073
2303	2559	4095	2383	2566	4074
2559	2559	4095	2611	2571	4074
2815	2559	4095	2842	2578	4074
3071	2559	4095	3077	2584	4075
3327	2559	4095	3313	2591	4075
3583	2559	4095	3551	2599	4076
3839	2559	4095	3790	2607	4076
4095	2559	4095	4030	2616	4077
0	2815	4095	1033	2797	4074
256	2815	4095	1054	2798	4074
512	2815	4095	1121	2798	4074
768	2815	4095	1235	2799	4074
1024	2815	4095	1385	2800	4075
1280	2815	4095	1560	2802	4075
1536	2815	4095	1755	2805	4075
1792	2815	4095	1962	2808	4075
2048	2815	4095	2177	2811	4075
2303	2815	4095	2398	2815	4076
2559	2815	4095	2625	2820	4076
2815	2815	4095	2856	2825	4077
3071	2815	4095	3089	2830	4077
3327	2815	4095	3324	2837	4078
3583	2815	4095	3561	2844	4078
3839	2815	4095	3799	2852	4079
4095	2815	4095	4039	2860	4080
0	3071	4095	1082	3048	4077
256	3071	4095	1100	3048	4077
512	3071	4095	1165	3049	4077
768	3071	4095	1274	3050	4077
1024	3071	4095	1418	3051	4077
1280	3071	4095	1590	3053	4078
1536	3071	4095	1780	3055	4078
1792	3071	4095	1983	3057	4078
2048	3071	4095	2196	3061	4078
2303	3071	4095	2415	3064	4079
2559	3071	4095	2641	3068	4079
2815	3071	4095	2870	3073	4079
3071	3071	4095	3101	3079	4080
3327	3071	4095	3336	3084	4080
3583	3071	4095	3572	3091	4081
3839	3071	4095	3809	3097	4081
4095	3071	4095	4048	3105	4082
0	3327	4095	1130	3299	4080
256	3327	4095	1149	3299	4080
512	3327	4095	1210	3300	4080
768	3327	4095	1314	3301	4080
1024	3327	4095	1454	3302	4080
1280	3327	4095	1621	3304	4080
1536	3327	4095	1807	3305	4080
1792	3327	4095	2008	3308	4081
2048	3327	4095	2218	3311	4081
2303	3327	4095	2435	3314	4081
2559	3327	4095	2658	3318	4082
2815	3327	4095	2885	3322	4082
3071	3327	4095	3116	3327	4083
3327	3327	4095	3348	3332	4083
3583	3327	4095	3584	3338	4084
3839	3327	4095	3820	3344	4084
4095	3327	4095	4058	3351	4085
0	3583	4095	1182	3551	4083
256	3583	4095	1198	3551	4083
512	3583	4095	1258	3552	4083
768	3583	4095	1358	3552	4083
1024	3583	4095	1493	3553	4083
1280	3583	4095	1655	3555	4084
1536	3583	4095	1837	3557	4084
1792	3583	4095	2034	3559	4084
2048	3583	4095	2241	3561	4084
2303	3583	4095	2455	3565	4085
2559	3583	4095	2677	3568	4085
2815	3583	4095	2902	3572	4085
3071	3583	4095	3131	3576	4086
3327	3583	4095	3363	3581	4086
3583	3583	4095	3597	3587	4087
3839	3583	4095	3832	3592	4087
4095	3583	4095	4069	3598	4088
0	3839	4095	1235	3803	4086
256	3839	4095	1250	3803	4087
512	3839	4095	1307	3804	4087
768	3839	4095	1403	3804	4087
1024	3839	4095	1532	3805	4087
1280	3839	4095	1691	3806	4087
1536	3839	4095	1869	3808	4087
1792	3839	4095	2062	3810	4087
2048	3839	4095	2266	3812	4088
2303	3839	4095	2478	3815	4088
2559	3839	4095	2697	3818	4088
2815	3839	4095	2921	3822	4089
3071	3839	4095	3148	3826	4089
3327	3839	4095	3378	3830	4090
3583	3839	4095	3611	3835	4090
3839	3839	4095	3845	3841	4091
4095	3839	4095	4082	3846	4091
0	4095	4095	1289	4055	4090
256	4095	4095	1303	4055	4090
512	4095	4095	1358	4055	4090
768	4095	4095	1450	4056	4090
1024	4095	4095	1576	4057	4090
1280	4095	4095	1729	4058	4090
1536	4095	4095	1902	4059	4091
1792	4095	4095	2092	4061	4091
2048	4095	4095	2293	4063	4091
2303	4095	4095	2502	4066	4092
2559	4095	4095	2719	4069	4092
2815	4095	4095	2940	4073	4092
3071	4095	4095	3166	4076	4093
3327	4095	4095	3395	4080	4093
3583	4095	4095	3626	4085	4094
3839	4095	4095	3860	4090	4095
4095	4095	4095	4095	4095	4095