0 0 0 0 0 0
256 0 0 218 67 45
512 0 0 436 133 89
768 0 0 654 201 133
1024 0 0 871 269 177
1280 0 0 1086 340 222
1536 0 0 1301 412 266
1792 0 0 1514 485 310
2048 0 0 1727 560 352
2303 0 0 1940 632 390
2559 0 0 2156 703 426
2815 0 0 2372 773 462
3071 0 0 2588 843 500
3327 0 0 2803 913 542
3583 0 0 3019 984 584
3839 0 0 3235 1054 626
4095 0 0 3450 1124 667
0 256 0 138 247 90
256 256 0 251 254 98
512 256 0 451 275 123
768 256 0 662 310 157
1024 256 0 877 355 195
1280 256 0 1091 409 235
1536 256 0 1305 469 277
1792 256 0 1517 533 319
2048 256 0 1728 602 360
2303 256 0 1938 673 401
2559 256 0 2151 743 439
2815 256 0 2367 809 473
3071 256 0 2583 876 511
3327 256 0 2799 944 552
3583 256 0 3015 1012 593
3839 256 0 3231 1080 634
4095 256 0 3447 1148 675
0 512 0 275 495 178
256 512 0 340 497 182
512 512 0 501 507 195
768 512 0 696 525 216
1024 512 0 900 551 244
1280 512 0 1109 584 276
1536 512 0 1319 625 311
1792 512 0 1529 673 348
2048 512 0 1738 727 386
2303 512 0 1945 786 424
2559 512 0 2152 850 464
2815 512 0 2358 918 508
3071 512 0 2570 981 548
3327 512 0 2787 1041 586
3583 512 0 3003 1103 624
3839 512 0 3220 1165 663
4095 512 0 3437 1228 702
0 768 0 411 742 268
256 768 0 455 744 270
512 768 0 582 749 279
768 768 0 753 761 293
1024 768 0 943 777 312
1280 768 0 1142 800 336
1536 768 0 1346 829 364
1792 768 0 1551 864 395
2048 768 0 1757 905 427
2303 768 0 1961 951 462
2559 768 0 2166 1003 502
2815 768 0 2370 1060 546
3071 768 0 2573 1121 592
3327 768 0 2777 1184 639
3583 768 0 2988 1244 679
3839 768 0 3205 1299 714
4095 768 0 3425 1353 746
0 1024 0 556 988 355
256 1024 0 587 989 356
512 1024 0 686 993 362
768 1024 0 833 1001 372
1024 1024 0 1006 1013 387
1280 1024 0 1193 1030 406
1536 1024 0 1387 1052 428
1792 1024 0 1586 1078 454
2048 1024 0 1786 1110 484
2303 1024 0 1987 1147 520
2559 1024 0 2189 1189 558
2815 1024 0 2391 1235 598
3071 1024 0 2593 1286 640
3327 1024 0 2796 1339 683
3583 1024 0 2998 1396 727
3839 1024 0 3201 1456 773
4095 1024 0 3438 1489 782
0 1280 0 707 1233 443
256 1280 0 731 1234 444
512 1280 0 810 1237 449
768 1280 0 934 1243 457
1024 1280 0 1088 1253 470
1280 1280 0 1260 1266 487
1536 1280 0 1443 1283 508
1792 1280 0 1633 1304 533
2048 1280 0 1827 1330 561
2303 1280 0 2023 1359 591
2559 1280 0 2222 1393 624
2815 1280 0 2422 1431 660
3071 1280 0 2622 1473 697
3327 1280 0 2823 1518 736
3583 1280 0 3025 1567 777
3839 1280 0 3226 1619 819
4095 1280 0 3458 1650 827
0 1536 0 859 1477 542
256 1536 0 878 1478 543
512 1536 0 942 1481 547
768 1536 0 1047 1486 554
1024 1536 0 1183 1493 565
1280 1536 0 1341 1504 579
1536 1536 0 1513 1518 597
1792 1536 0 1694 1536 617
2048 1536 0 1881 1556 641
2303 1536 0 2071 1581 667
2559 1536 0 2266 1609 696
2815 1536 0 2462 1640 727
3071 1536 0 2660 1675 761
3327 1536 0 2859 1714 796
3583 1536 0 3059 1755 833
3839 1536 0 3259 1800 872
4095 1536 0 3483 1831 880
0 1792 0 1007 1722 639
256 1792 0 1023 1723 640
512 1792 0 1077 1725 643
768 1792 0 1168 1729 649
1024 1792 0 1289 1736 658
1280 1792 0 1433 1745 670
1536 1792 0 1593 1756 685
1792 1792 0 1765 1771 702
2048 1792 0 1945 1788 722
2303 1792 0 2130 1809 746
2559 1792 0 2319 1832 771
2815 1792 0 2512 1859 799
3071 1792 0 2706 1888 829
3327 1792 0 2903 1921 861
3583 1792 0 3100 1957 895
3839 1792 0 3298 1995 930
4095 1792 0 3514 2027 942
0 2048 0 1154 1968 733
256 2048 0 1167 1968 734
512 2048 0 1213 1970 737
768 2048 0 1293 1974 742
1024 2048 0 1402 1979 750
1280 2048 0 1534 1987 760
1536 2048 0 1683 1997 772
1792 2048 0 1846 2009 788
2048 2048 0 2018 2024 805
2303 2048 0 2196 2041 826
2559 2048 0 2380 2061 848
2815 2048 0 2568 2084 873
3071 2048 0 2759 2109 900
3327 2048 0 2952 2137 929
3583 2048 0 3147 2168 959
3839 2048 0 3344 2201 992
4095 2048 0 3550 2232 1009
0 2303 0 1298 2213 825
256 2303 0 1309 2213 825
512 2303 0 1350 2215 828
768 2303 0 1420 2218 832
1024 2303 0 1519 2223 839
1280 2303 0 1640 2229 848
1536 2303 0 1779 2238 859
1792 2303 0 1933 2248 872
2048 2303 0 2097 2261 888
2303 2303 0 2269 2276 906
2559 2303 0 2447 2293 926
2815 2303 0 2631 2312 948
3071 2303 0 2818 2334 973
3327 2303 0 3008 2359 999
3583 2303 0 3200 2385 1027
3839 2303 0 3394 2415 1057
4095 2303 0 3593 2444 1079
0 2559 0 1442 2459 917
256 2559 0 1452 2459 917
512 2559 0 1488 2461 919
768 2559 0 1551 2463 923
1024 2559 0 1640 2467 929
1280 2559 0 1752 2473 937
1536 2559 0 1882 2481 947
1792 2559 0 2027 2490 959
2048 2559 0 2183 2501 973
2303 2559 0 2348 2514 989
2559 2559 0 2521 2529 1006
2815 2559 0 2699 2546 1027
3071 2559 0 2882 2565 1048
3327 2559 0 3069 2586 1072
3583 2559 0 3258 2610 1098
3839 2559 0 3449 2635 1125
4095 2559 0 3643 2663 1150
0 2815 0 1586 2705 1008
256 2815 0 1595 2705 1009
512 2815 0 1627 2706 1011
768 2815 0 1684 2709 1014
1024 2815 0 1766 2712 1019
1280 2815 0 1868 2718 1026
1536 2815 0 1990 2724 1035
1792 2815 0 2126 2732 1046
2048 2815 0 2275 2742 1058
2303 2815 0 2433 2753 1073
2559 2815 0 2600 2766 1089
2815 2815 0 2773 2781 1107
3071 2815 0 2951 2798 1127
3327 2815 0 3134 2817 1149
3583 2815 0 3319 2838 1172
3839 2815 0 3507 2861 1197
4095 2815 0 3698 2886 1223
0 3071 0 1730 2951 1100
256 3071 0 1739 2951 1100
512 3071 0 1768 2952 1102
768 3071 0 1819 2954 1105
1024 3071 0 1894 2958 1110
1280 3071 0 1989 2962 1116
1536 3071 0 2102 2968 1124
1792 3071 0 2231 2975 1134
2048 3071 0 2372 2984 1145
2303 3071 0 2524 2994 1158
2559 3071 0 2684 3006 1173
2815 3071 0 2852 3019 1190
3071 3071 0 3025 3034 1208
3327 3071 0 3203 3051 1228
3583 3071 0 3385 3070 1249
3839 3071 0 3570 3090 1272
4095 3071 0 3758 3113 1297
0 3327 0 1875 3197 1192
256 3327 0 1882 3197 1192
512 3327 0 1908 3198 1194
768 3327 0 1956 3200 1196
1024 3327 0 2024 3203 1201
1280 3327 0 2113 3207 1206
1536 3327 0 2218 3212 1214
1792 3327 0 2340 3219 1222
2048 3327 0 2474 3227 1233
2303 3327 0 2619 3236 1245
2559 3327 0 2773 3246 1258
2815 3327 0 2936 3259 1274
3071 3327 0 3104 3272 1290
3327 3327 0 3278 3287 1308
3583 3327 0 3455 3304 1328
3839 3327 0 3637 3323 1349
4095 3327 0 3821 3343 1372
0 3583 0 2019 3443 1283
256 3583 0 2026 3443 1284
512 3583 0 2050 3444 1285
768 3583 0 2094 3446 1288
1024 3583 0 2157 3448 1292
1280 3583 0 2239 3452 1297
1536 3583 0 2338 3457 1303
1792 3583 0 2453 3463 1312
2048 3583 0 2580 3470 1321
2303 3583 0 2719 3478 1332
2559 3583 0 2867 3488 1345
2815 3583 0 3024 3499 1359
3071 3583 0 3187 3511 1374
3327 3583 0 3356 3525 1391
3583 3583 0 3530 3540 1409
3839 3583 0 3707 3557 1429
4095 3583 0 3889 3575 1450
0 3839 0 2163 3688 1375
256 3839 0 2169 3689 1375
512 3839 0 2192 3690 1377
768 3839 0 2232 3691 1379
1024 3839 0 2291 3694 1383
1280 3839 0 2367 3697 1387
1536 3839 0 2461 3702 1394
1792 3839 0 2569 3707 1401
2048 3839 0 2690 3714 1410
2303 3839 0 2822 3721 1420
2559 3839 0 2965 3730 1432
2815 3839 0 3116 3740 1445
3071 3839 0 3274 3751 1459
3327 3839 0 3438 3764 1474
3583 3839 0 3608 3778 1492
3839 3839 0 3782 3793 1510
4095 3839 0 3960 3810 1530
0 4095 0 2239 3949 1383
256 4095 0 2245 3949 1383
512 4095 0 2267 3950 1384
768 4095 0 2305 3952 1385
1024 4095 0 2361 3954 1386
1280 4095 0 2434 3958 1386
1536 4095 0 2524 3962 1389
1792 4095 0 2628 3967 1390
2048 4095 0 2746 3974 1393
2303 4095 0 2875 3981 1394
2559 4095 0 3015 3989 1397
2815 4095 0 3164 3999 1399
3071 4095 0 3322 4009 1400
3327 4095 0 3486 4020 1398
3583 4095 0 3656 4033 1391
3839 4095 0 3832 4046 1379
4095 4095 0 4001 4049 1343
0 0 256 57 46 239
256 0 256 222 80 236
512 0 256 436 141 247
768 0 256 654 205 264
1024 0 256 865 280 291
1280 0 256 1078 353 322
1536 0 256 1294 423 351
1792 0 256 1509 493 381
2048 0 256 1725 563 412
2303 0 256 1940 633 442
2559 0 256 2156 703 474
2815 0 256 2372 773 509
3071 0 256 2588 844 546
3327 0 256 2803 914 584
3583 0 256 3019 984 623
3839 0 256 3235 1055 662
4095 0 256 3450 1125 701
0 256 256 153 248 245
256 256 256 255 256 249
512 256 256 448 280 262
768 256 256 639 330 296
1024 256 256 853 379 321
1280 256 256 1068 434 347
1536 256 256 1285 492 373
1792 256 256 1501 552 399
2048 256 256 1718 615 427
2303 256 256 1934 679 455
2559 256 256 2151 744 486
2815 256 256 2367 810 520
3071 256 256 2583 877 557
3327 256 256 2799 944 594
3583 256 256 3015 1012 631
3839 256 256 3231 1080 670
4095 256 256 3447 1149 708
0 512 256 288 493 294
256 512 256 357 494 310
512 512 256 502 507 320
768 512 256 687 529 334
1024 512 256 887 559 353
1280 512 256 1093 596 375
1536 512 256 1301 640 400
1792 512 256 1511 690 427
2048 512 256 1719 745 457
2303 512 256 1926 805 490
2559 512 256 2137 866 525
2815 512 256 2353 924 558
3071 512 256 2570 982 591
3327 512 256 2787 1042 626
3583 512 256 3003 1103 661
3839 512 256 3220 1165 697
4095 512 256 3437 1228 734
0 768 256 430 739 368
256 768 256 471 741 369
512 768 256 590 747 375
768 768 256 754 760 385
1024 768 256 939 779 400
1280 768 256 1134 804 418
1536 768 256 1335 836 439
1792 768 256 1538 873 464
2048 768 256 1742 916 494
2303 768 256 1946 964 528
2559 768 256 2150 1017 566
2815 768 256 2354 1074 605
3071 768 256 2559 1134 647
3327 768 256 2771 1190 681
3583 768 256 2988 1244 713
3839 768 256 3204 1300 746
4095 768 256 3425 1353 777
0 1024 256 574 985 432
256 1024 256 604 986 433
512 1024 256 699 991 437
768 1024 256 840 999 445
1024 1024 256 1008 1013 458
1280 1024 256 1191 1031 474
1536 1024 256 1382 1054 496
1792 1024 256 1577 1083 521
2048 1024 256 1776 1116 549
2303 1024 256 1975 1155 581
2559 1024 256 2177 1197 615
2815 1024 256 2379 1244 651
3071 1024 256 2582 1294 689
3327 1024 256 2785 1348 729
3583 1024 256 2988 1405 770
3839 1024 256 3194 1463 810
4095 1024 256 3438 1489 811
0 1280 256 723 1230 510
256 1280 256 746 1231 512
512 1280 256 822 1234 516
768 1280 256 942 1241 524
1024 1280 256 1092 1251 535
1280 1280 256 1261 1265 550
1536 1280 256 1441 1283 569
1792 1280 256 1629 1306 591
2048 1280 256 1822 1332 616
2303 1280 256 2016 1363 644
2559 1280 256 2214 1398 674
2815 1280 256 2414 1436 706
3071 1280 256 2614 1478 741
3327 1280 256 2815 1524 778
3583 1280 256 3017 1573 816
3839 1280 256 3219 1625 856
4095 1280 256 3458 1650 854
0 1536 256 871 1475 597
256 1536 256 889 1476 598
512 1536 256 952 1479 602
768 1536 256 1055 1484 609
1024 1536 256 1188 1492 618
1280 1536 256 1344 1503 631
1536 1536 256 1513 1518 647
1792 1536 256 1692 1536 666
2048 1536 256 1878 1557 688
2303 1536 256 2068 1583 712
2559 1536 256 2261 1611 739
2815 1536 256 2457 1643 769
3071 1536 256 2654 1679 801
3327 1536 256 2853 1717 834
3583 1536 256 3053 1759 869
3839 1536 256 3253 1804 906
4095 1536 256 3483 1831 905
0 1792 256 1017 1720 685
256 1792 256 1032 1721 686
512 1792 256 1085 1723 689
768 1792 256 1174 1728 694
1024 1792 256 1294 1735 703
1280 1792 256 1436 1744 714
1536 1792 256 1595 1756 728
1792 1792 256 1766 1771 744
2048 1792 256 1944 1788 763
2303 1792 256 2128 1809 785
2559 1792 256 2316 1833 809
2815 1792 256 2508 1860 836
3071 1792 256 2702 1890 865
3327 1792 256 2898 1923 895
3583 1792 256 3095 1959 928
3839 1792 256 3293 1998 962
4095 1792 256 3514 2027 964
0 2048 256 1161 1966 772
256 2048 256 1175 1967 773
512 2048 256 1220 1969 776
768 2048 256 1299 1972 781
1024 2048 256 1407 1978 788
1280 2048 256 1537 1986 798
1536 2048 256 1686 1996 810
1792 2048 256 1847 2008 824
2048 2048 256 2018 2023 841
2303 2048 256 2195 2041 861
2559 2048 256 2379 2061 882
2815 2048 256 2566 2084 906
3071 2048 256 2757 2110 932
3327 2048 256 2949 2138 960
3583 2048 256 3144 2170 989
3839 2048 256 3340 2203 1021
4095 2048 256 3549 2233 1031
0 2303 256 1304 2211 859
256 2303 256 1316 2212 860
512 2303 256 1356 2214 862
768 2303 256 1426 2217 866
1024 2303 256 1523 2222 873
1280 2303 256 1644 2228 881
1536 2303 256 1782 2237 892
1792 2303 256 1935 2247 905
2048 2303 256 2098 2260 920
2303 2303 256 2269 2275 937
2559 2303 256 2447 2293 957
2815 2303 256 2630 2313 978
3071 2303 256 2816 2335 1002
3327 2303 256 3006 2359 1027
3583 2303 256 3198 2387 1055
3839 2303 256 3391 2416 1084
4095 2303 256 3592 2445 1101
0 2559 256 1448 2457 947
256 2559 256 1458 2458 948
512 2559 256 1494 2459 950
768 2559 256 1556 2462 954
1024 2559 256 1645 2466 959
1280 2559 256 1756 2472 967
1536 2559 256 1885 2480 976
1792 2559 256 2029 2489 988
2048 2559 256 2185 2500 1001
2303 2559 256 2349 2513 1017
2559 2559 256 2521 2528 1034
2815 2559 256 2699 2546 1054
3071 2559 256 2881 2565 1075
3327 2559 256 3067 2587 1098
3583 2559 256 3256 2610 1123
3839 2559 256 3447 2636 1150
4095 2559 256 3641 2664 1173
0 2815 256 1592 2704 1036
256 2815 256 1601 2704 1036
512 2815 256 1633 2705 1038
768 2815 256 1689 2708 1041
1024 2815 256 1770 2711 1046
1280 2815 256 1872 2717 1053
1536 2815 256 1993 2723 1062
1792 2815 256 2129 2731 1072
2048 2815 256 2277 2741 1084
2303 2815 256 2435 2753 1098
2559 2815 256 2601 2766 1114
2815 2815 256 2773 2781 1132
3071 2815 256 2951 2798 1152
3327 2815 256 3133 2818 1173
3583 2815 256 3318 2839 1195
3839 2815 256 3506 2862 1220
4095 2815 256 3696 2886 1246
0 3071 256 1735 2950 1125
256 3071 256 1743 2950 1125
512 3071 256 1772 2951 1127
768 3071 256 1824 2953 1130
1024 3071 256 1898 2957 1134
1280 3071 256 1993 2961 1141
1536 3071 256 2105 2967 1148
1792 3071 256 2233 2974 1158
2048 3071 256 2374 2983 1169
2303 3071 256 2525 2994 1182
2559 3071 256 2685 3005 1196
2815 3071 256 2853 3019 1213
3071 3071 256 3026 3034 1231
3327 3071 256 3203 3051 1250
3583 3071 256 3385 3070 1271
3839 3071 256 3569 3091 1293
4095 3071 256 3757 3113 1317
0 3327 256 1879 3196 1214
256 3327 256 1887 3196 1215
512 3327 256 1913 3197 1216
768 3327 256 1960 3199 1219
1024 3327 256 2028 3202 1223
1280 3327 256 2116 3206 1229
1536 3327 256 2222 3212 1236
1792 3327 256 2342 3218 1244
2048 3327 256 2476 3226 1255
2303 3327 256 2621 3235 1266
2559 3327 256 2775 3246 1280
2815 3327 256 2937 3258 1295
3071 3327 256 3105 3272 1311
3327 3327 256 3278 3287 1329
3583 3327 256 3455 3304 1348
3839 3327 256 3636 3323 1369
4095 3327 256 3821 3343 1392
0 3583 256 2023 3442 1304
256 3583 256 2030 3442 1304
512 3583 256 2054 3443 1306
768 3583 256 2097 3445 1308
1024 3583 256 2161 3448 1312
1280 3583 256 2242 3451 1317
1536 3583 256 2341 3456 1324
1792 3583 256 2455 3462 1332
2048 3583 256 2582 3469 1341
2303 3583 256 2721 3478 1352
2559 3583 256 2869 3487 1364
2815 3583 256 3025 3499 1378
3071 3583 256 3188 3511 1393
3327 3583 256 3356 3525 1410
3583 3583 256 3530 3540 1428
3839 3583 256 3707 3557 1447
4095 3583 256 3888 3575 1468
0 3839 256 2167 3688 1394
256 3839 256 2173 3688 1394
512 3839 256 2195 3689 1396
768 3839 256 2236 3691 1398
1024 3839 256 2294 3693 1402
1280 3839 256 2371 3697 1406
1536 3839 256 2463 3701 1412
1792 3839 256 2571 3706 1420
2048 3839 256 2692 3713 1428
2303 3839 256 2824 3721 1439
2559 3839 256 2966 3730 1450
2815 3839 256 3117 3740 1463
3071 3839 256 3275 3751 1477
3327 3839 256 3439 3764 1492
3583 3839 256 3608 3778 1509
3839 3839 256 3782 3793 1527
4095 3839 256 3959 3810 1547
0 4095 256 2240 3949 1397
256 4095 256 2246 3949 1397
512 4095 256 2267 3950 1398
768 4095 256 2305 3952 1399
1024 4095 256 2361 3954 1400
1280 4095 256 2434 3958 1400
1536 4095 256 2524 3962 1403
1792 4095 256 2628 3967 1404
2048 4095 256 2746 3974 1407
2303 4095 256 2875 3981 1408
2559 4095 256 3015 3989 1410
2815 4095 256 3165 3999 1412
3071 4095 256 3322 4009 1413
3327 4095 256 3486 4020 1412
3583 4095 256 3656 4033 1405
3839 4095 256 3832 4046 1393
4095 4095 256 4001 4049 1356
0 0 512 183 173 492
256 0 512 239 108 469
512 0 512 445 157 473
768 0 512 657 219 482
1024 0 512 867 289 494
1280 0 512 1081 359 511
1536 0 512 1296 428 529
1792 0 512 1511 497 550
2048 0 512 1726 567 573
2303 0 512 1941 636 597
2559 0 512 2157 706 623
2815 0 512 2372 776 651
3071 0 512 2588 846 679
3327 0 512 2803 916 710
3583 0 512 3019 986 741
3839 0 512 3235 1056 773
4095 0 512 3450 1126 806
0 256 512 189 273 487
256 256 512 271 267 456
512 256 512 450 293 467
768 256 512 645 338 482
1024 256 512 855 387 502
1280 256 512 1070 439 521
1536 256 512 1286 496 540
1792 256 512 1503 556 561
2048 256 512 1719 618 583
2303 256 512 1935 682 607
2559 256 512 2151 747 632
2815 256 512 2367 813 659
3071 256 512 2583 879 688
3327 256 512 2799 946 717
3583 256 512 3015 1014 748
3839 256 512 3231 1082 780
4095 256 512 3447 1150 813
0 512 512 288 500 493
256 512 512 366 499 491
512 512 512 509 512 498
768 512 512 706 527 503
1024 512 512 888 564 525
1280 512 512 1073 614 554
1536 512 512 1277 662 577
1792 512 512 1489 711 598
2048 512 512 1704 762 619
2303 512 512 1919 814 641
2559 512 512 2136 869 665
2815 512 512 2353 926 690
3071 512 512 2570 984 717
3327 512 512 2786 1044 745
3583 512 512 3003 1105 774
3839 512 512 3220 1167 805
4095 512 512 3437 1230 836
0 768 512 441 741 534
256 768 512 490 740 541
512 768 512 588 753 530
768 768 512 757 763 549
1024 768 512 936 784 570
1280 768 512 1122 813 592
1536 768 512 1313 850 616
1792 768 512 1510 893 642
2048 768 512 1710 940 668
2303 768 512 1915 989 694
2559 768 512 2126 1038 718
2815 768 512 2339 1088 742
3071 768 512 2555 1139 767
3327 768 512 2771 1192 793
3583 768 512 2987 1246 820
3839 768 512 3204 1301 848
4095 768 512 3425 1353 873
0 1024 512 587 985 592
256 1024 512 623 984 599
512 1024 512 715 988 608
768 1024 512 849 998 617
1024 1024 512 1009 1013 630
1280 1024 512 1184 1035 647
1536 1024 512 1368 1061 666
1792 1024 512 1559 1093 687
2048 1024 512 1754 1130 711
2303 1024 512 1951 1170 737
2559 1024 512 2151 1215 765
2815 1024 512 2353 1263 795
3071 1024 512 2556 1315 826
3327 1024 512 2764 1365 854
3583 1024 512 2977 1415 880
3839 1024 512 3191 1466 907
4095 1024 512 3438 1490 904
0 1280 512 733 1229 655
256 1280 512 760 1229 661
512 1280 512 842 1231 676
768 1280 512 955 1238 684
1024 1280 512 1099 1249 694
1280 1280 512 1261 1265 707
1536 1280 512 1436 1286 723
1792 1280 512 1619 1310 741
2048 1280 512 1808 1339 762
2303 1280 512 2000 1372 786
2559 1280 512 2196 1409 811
2815 1280 512 2394 1449 839
3071 1280 512 2593 1492 869
3327 1280 512 2794 1539 900
3583 1280 512 2995 1589 934
3839 1280 512 3203 1637 962
4095 1280 512 3458 1651 941
0 1536 512 877 1475 724
256 1536 512 900 1475 729
512 1536 512 970 1475 745
768 1536 512 1070 1480 752
1024 1536 512 1199 1489 761
1280 1536 512 1349 1502 772
1536 1536 512 1514 1518 786
1792 1536 512 1689 1537 802
2048 1536 512 1871 1561 821
2303 1536 512 2057 1587 842
2559 1536 512 2248 1618 865
2815 1536 512 2442 1651 891
3071 1536 512 2638 1688 919
3327 1536 512 2836 1728 948
3583 1536 512 3035 1771 979
3839 1536 512 3235 1816 1011
4095 1536 512 3483 1832 987
0 1792 512 1022 1720 797
256 1792 512 1041 1720 801
512 1792 512 1103 1720 816
768 1792 512 1191 1724 824
1024 1792 512 1307 1731 831
1280 1792 512 1445 1741 841
1536 1792 512 1600 1754 853
1792 1792 512 1766 1770 868
2048 1792 512 1941 1789 884
2303 1792 512 2122 1812 904
2559 1792 512 2308 1837 925
2815 1792 512 2498 1865 948
3071 1792 512 2690 1896 974
3327 1792 512 2885 1931 1001
3583 1792 512 3081 1967 1030
3839 1792 512 3279 2007 1061
4095 1792 512 3514 2027 1040
0 2048 512 1168 1966 873
256 2048 512 1184 1966 878
512 2048 512 1238 1965 891
768 2048 512 1316 1969 898
1024 2048 512 1420 1975 904
1280 2048 512 1547 1983 913
1536 2048 512 1692 1994 924
1792 2048 512 1850 2007 937
2048 2048 512 2018 2023 952
2303 2048 512 2193 2042 969
2559 2048 512 2374 2063 989
2815 2048 512 2560 2087 1010
3071 2048 512 2748 2114 1033
3327 2048 512 2940 2143 1059
3583 2048 512 3133 2175 1086
3839 2048 512 3328 2210 1115
4095 2048 512 3550 2233 1101
0 2303 512 1312 2210 953
256 2303 512 1326 2210 957
512 2303 512 1373 2210 967
768 2303 512 1442 2213 973
1024 2303 512 1537 2218 979
1280 2303 512 1655 2225 986
1536 2303 512 1790 2234 996
1792 2303 512 1940 2246 1008
2048 2303 512 2101 2259 1022
2303 2303 512 2270 2275 1037
2559 2303 512 2445 2293 1055
2815 2303 512 2626 2314 1075
3071 2303 512 2811 2337 1096
3327 2303 512 2999 2362 1119
3583 2303 512 3190 2390 1145
3839 2303 512 3382 2421 1172
4095 2303 512 3590 2447 1170
0 2559 512 1458 2456 1035
256 2559 512 1470 2456 1038
512 2559 512 1510 2456 1046
768 2559 512 1572 2459 1051
1024 2559 512 1659 2463 1056
1280 2559 512 1767 2469 1063
1536 2559 512 1894 2477 1072
1792 2559 512 2036 2487 1082
2048 2559 512 2189 2499 1095
2303 2559 512 2352 2512 1109
2559 2559 512 2522 2528 1125
2815 2559 512 2698 2546 1143
3071 2559 512 2878 2566 1163
3327 2559 512 3063 2588 1184
3583 2559 512 3250 2613 1207
3839 2559 512 3440 2639 1232
4095 2559 512 3636 2666 1247
0 2815 512 1604 2701 1119
256 2815 512 1614 2701 1121
512 2815 512 1648 2702 1126
768 2815 512 1704 2705 1130
1024 2815 512 1784 2708 1135
1280 2815 512 1884 2714 1141
1536 2815 512 2003 2721 1149
1792 2815 512 2137 2729 1159
2048 2815 512 2283 2739 1170
2303 2815 512 2439 2751 1183
2559 2815 512 2603 2765 1198
2815 2815 512 2774 2781 1215
3071 2815 512 2950 2799 1233
3327 2815 512 3131 2818 1253
3583 2815 512 3315 2840 1274
3839 2815 512 3501 2863 1297
4095 2815 512 3691 2889 1321
0 3071 512 1748 2947 1203
256 3071 512 1756 2948 1204
512 3071 512 1787 2948 1208
768 3071 512 1838 2950 1212
1024 3071 512 1911 2954 1216
1280 3071 512 2004 2959 1222
1536 3071 512 2115 2965 1229
1792 3071 512 2242 2972 1238
2048 3071 512 2381 2981 1248
2303 3071 512 2530 2992 1261
2559 3071 512 2689 3004 1274
2815 3071 512 2855 3018 1289
3071 3071 512 3026 3034 1306
3327 3071 512 3202 3051 1324
3583 3071 512 3383 3071 1344
3839 3071 512 3566 3092 1366
4095 3071 512 3753 3115 1388
0 3327 512 1891 3193 1286
256 3327 512 1899 3194 1288
512 3327 512 1927 3194 1291
768 3327 512 1974 3196 1295
1024 3327 512 2041 3199 1298
1280 3327 512 2128 3204 1304
1536 3327 512 2232 3209 1310
1792 3327 512 2351 3216 1319
2048 3327 512 2484 3224 1328
2303 3327 512 2627 3234 1339
2559 3327 512 2779 3245 1352
2815 3327 512 2940 3257 1366
3071 3327 512 3106 3271 1382
3327 3327 512 3278 3287 1399
3583 3327 512 3455 3304 1417
3839 3327 512 3635 3323 1437
4095 3327 512 3818 3344 1458
0 3583 512 2034 3440 1371
256 3583 512 2042 3440 1372
512 3583 512 2067 3440 1376
768 3583 512 2110 3442 1378
1024 3583 512 2173 3445 1382
1280 3583 512 2253 3449 1387
1536 3583 512 2351 3454 1393
1792 3583 512 2464 3460 1401
2048 3583 512 2590 3467 1410
2303 3583 512 2727 3476 1420
2559 3583 512 2874 3486 1432
2815 3583 512 3029 3497 1445
3071 3583 512 3190 3510 1459
3327 3583 512 3358 3524 1475
3583 3583 512 3530 3540 1492
3839 3583 512 3707 3557 1511
4095 3583 512 3887 3576 1531
0 3839 512 2178 3686 1457
256 3839 512 2185 3686 1458
512 3839 512 2208 3686 1461
768 3839 512 2248 3688 1463
1024 3839 512 2306 3691 1467
1280 3839 512 2381 3694 1471
1536 3839 512 2473 3699 1477
1792 3839 512 2580 3704 1484
2048 3839 512 2700 3711 1492
2303 3839 512 2831 3719 1502
2559 3839 512 2972 3728 1513
2815 3839 512 3122 3738 1525
3071 3839 512 3279 3750 1539
3327 3839 512 3442 3763 1553
3583 3839 512 3610 3777 1570
3839 3839 512 3783 3793 1587
4095 3839 512 3959 3810 1606
0 4095 512 2240 3949 1446
256 4095 512 2246 3950 1446
512 4095 512 2267 3951 1446
768 4095 512 2306 3952 1447
1024 4095 512 2362 3955 1448
1280 4095 512 2434 3958 1448
1536 4095 512 2524 3962 1451
1792 4095 512 2629 3968 1452
2048 4095 512 2747 3974 1455
2303 4095 512 2875 3981 1456
2559 4095 512 3015 3990 1458
2815 4095 512 3165 3999 1460
3071 4095 512 3322 4009 1460
3327 4095 512 3486 4021 1459
3583 4095 512 3656 4033 1452
3839 4095 512 3832 4047 1440
4095 4095 512 4001 4049 1404
0 0 768 213 208 733
256 0 768 269 139 707
512 0 768 462 178 707
768 0 768 670 230 714
1024 0 768 874 302 715
1280 0 768 1087 368 727
1536 0 768 1300 435 741
1792 0 768 1514 504 757
2048 0 768 1729 572 775
2303 0 768 1943 641 794
2559 0 768 2158 710 814
2815 0 768 2374 780 836
3071 0 768 2589 849 859
3327 0 768 2805 919 883
3583 0 768 3020 989 908
3839 0 768 3236 1059 934
4095 0 768 3451 1129 962
0 256 768 222 291 726
256 256 768 308 282 678
512 256 768 470 311 666
768 256 768 659 350 689
1024 256 768 864 396 710
1280 256 768 1077 447 728
1536 256 768 1291 503 746
1792 256 768 1506 562 763
2048 256 768 1722 623 781
2303 256 768 1937 686 801
2559 256 768 2153 751 821
2815 256 768 2369 816 842
3071 256 768 2584 882 865
3327 256 768 2800 949 889
3583 256 768 3016 1017 914
3839 256 768 3232 1084 940
4095 256 768 3448 1153 967
0 512 768 315 506 715
256 512 768 388 508 696
512 512 768 520 518 729
768 512 768 714 533 732
1024 512 768 885 577 726
1280 512 768 1076 623 744
1536 512 768 1280 669 766
1792 512 768 1491 716 786
2048 512 768 1706 766 805
2303 512 768 1921 819 825
2559 512 768 2137 873 845
2815 512 768 2354 929 866
3071 512 768 2570 987 888
3327 512 768 2787 1047 911
3583 512 768 3004 1108 936
3839 512 768 3220 1169 961
4095 512 768 3437 1232 987
0 768 768 455 746 735
256 768 768 502 746 734
512 768 768 602 756 741
768 768 768 764 768 748
1024 768 768 958 782 752
1280 768 768 1163 800 758
1536 768 768 1332 846 788
1792 768 768 1512 897 818
2048 768 768 1709 945 843
2303 768 768 1915 993 865
2559 768 768 2126 1042 886
2815 768 768 2340 1091 907
3071 768 768 2555 1142 929
3327 768 768 2771 1195 951
3583 768 768 2987 1249 974
3839 768 768 3204 1304 998
4095 768 768 3427 1354 1018
0 1024 768 593 989 778
256 1024 768 628 989 781
512 1024 768 723 992 788
768 1024 768 833 1010 770
1024 1024 768 1011 1020 774
1280 1024 768 1205 1034 780
1536 1024 768 1408 1050 788
1792 1024 768 1595 1081 819
2048 1024 768 1780 1120 852
2303 1024 768 1955 1172 896
2559 1024 768 2145 1222 929
2815 1024 768 2346 1271 956
3071 1024 768 2553 1319 980
3327 1024 768 2764 1368 1002
3583 1024 768 2977 1418 1025
3839 1024 768 3191 1468 1048
4095 1024 768 3439 1491 1044
0 1280 768 737 1233 830
256 1280 768 764 1232 834
512 1280 768 846 1234 845
768 1280 768 944 1246 834
1024 1280 768 1088 1258 828
1280 1280 768 1261 1270 847
1536 1280 768 1441 1288 868
1792 1280 768 1624 1312 891
2048 1280 768 1811 1341 915
2303 1280 768 2000 1375 940
2559 1280 768 2193 1413 966
2815 1280 768 2388 1455 993
3071 1280 768 2585 1500 1022
3327 1280 768 2782 1549 1052
3583 1280 768 2985 1598 1080
3839 1280 768 3202 1639 1096
4095 1280 768 3459 1652 1076
0 1536 768 881 1477 887
256 1536 768 903 1477 892
512 1536 768 973 1477 904
768 1536 768 1073 1483 912
1024 1536 768 1196 1493 912
1280 1536 768 1348 1505 925
1536 1536 768 1513 1521 940
1792 1536 768 1687 1540 957
2048 1536 768 1868 1564 977
2303 1536 768 2052 1592 998
2559 1536 768 2241 1623 1020
2815 1536 768 2433 1658 1044
3071 1536 768 2627 1696 1070
3327 1536 768 2823 1737 1097
3583 1536 768 3021 1781 1126
3839 1536 768 3232 1820 1141
4095 1536 768 3484 1833 1115
0 1792 768 1025 1722 949
256 1792 768 1044 1722 953
512 1792 768 1105 1722 966
768 1792 768 1199 1724 980
1024 1792 768 1312 1732 987
1280 1792 768 1449 1742 997
1536 1792 768 1601 1755 1009
1792 1792 768 1766 1772 1023
2048 1792 768 1938 1792 1039
2303 1792 768 2117 1815 1058
2559 1792 768 2301 1841 1078
2815 1792 768 2488 1871 1099
3071 1792 768 2679 1903 1123
3327 1792 768 2872 1938 1148
3583 1792 768 3067 1976 1174
3839 1792 768 3269 2014 1195
4095 1792 768 3514 2028 1161
0 2048 768 1170 1967 1015
256 2048 768 1186 1967 1019
512 2048 768 1240 1967 1031
768 2048 768 1326 1968 1048
1024 2048 768 1431 1973 1058
1280 2048 768 1556 1982 1066
1536 2048 768 1698 1993 1076
1792 2048 768 1853 2007 1089
2048 2048 768 2018 2024 1103
2303 2048 768 2190 2043 1119
2559 2048 768 2369 2066 1137
2815 2048 768 2552 2091 1157
3071 2048 768 2739 2119 1178
3327 2048 768 2928 2149 1201
3583 2048 768 3120 2182 1226
3839 2048 768 3314 2218 1251
4095 2048 768 3550 2234 1215
0 2303 768 1315 2211 1084
256 2303 768 1329 2211 1088
512 2303 768 1376 2211 1099
768 2303 768 1455 2211 1116
1024 2303 768 1552 2216 1128
1280 2303 768 1667 2223 1135
1536 2303 768 1799 2233 1144
1792 2303 768 1946 2244 1155
2048 2303 768 2104 2259 1168
2303 2303 768 2270 2275 1182
2559 2303 768 2443 2295 1198
2815 2303 768 2621 2316 1216
3071 2303 768 2804 2340 1236
3327 2303 768 2990 2367 1257
3583 2303 768 3179 2396 1280
3839 2303 768 3370 2427 1305
4095 2303 768 3591 2447 1276
0 2559 768 1460 2457 1157
256 2559 768 1472 2457 1160
512 2559 768 1515 2456 1171
768 2559 768 1587 2456 1188
1024 2559 768 1676 2460 1199
1280 2559 768 1782 2466 1205
1536 2559 768 1906 2475 1213
1792 2559 768 2044 2485 1223
2048 2559 768 2195 2497 1234
2303 2559 768 2354 2511 1247
2559 2559 768 2522 2528 1262
2815 2559 768 2696 2547 1279
3071 2559 768 2874 2568 1297
3327 2559 768 3056 2591 1316
3583 2559 768 3242 2616 1338
3839 2559 768 3430 2644 1360
4095 2559 768 3637 2667 1345
0 2815 768 1606 2702 1232
256 2815 768 1617 2702 1235
512 2815 768 1655 2702 1245
768 2815 768 1721 2702 1261
1024 2815 768 1802 2705 1271
1280 2815 768 1900 2710 1276
1536 2815 768 2016 2718 1284
1792 2815 768 2147 2727 1293
2048 2815 768 2291 2737 1303
2303 2815 768 2444 2750 1315
2559 2815 768 2606 2764 1329
2815 2815 768 2774 2781 1344
3071 2815 768 2948 2799 1361
3327 2815 768 3127 2820 1379
3583 2815 768 3309 2842 1399
3839 2815 768 3494 2867 1420
4095 2815 768 3688 2891 1423
0 3071 768 1751 2948 1310
256 3071 768 1761 2947 1312
512 3071 768 1796 2947 1322
768 3071 768 1856 2947 1337
1024 3071 768 1930 2950 1344
1280 3071 768 2021 2955 1350
1536 3071 768 2130 2961 1356
1792 3071 768 2254 2969 1364
2048 3071 768 2391 2979 1374
2303 3071 768 2537 2990 1385
2559 3071 768 2694 3003 1398
2815 3071 768 2857 3017 1412
3071 3071 768 3027 3034 1428
3327 3071 768 3201 3052 1444
3583 3071 768 3379 3072 1463
3839 3071 768 3561 3094 1483
4095 3071 768 3747 3117 1499
0 3327 768 1896 3193 1389
256 3327 768 1906 3193 1392
512 3327 768 1937 3193 1400
768 3327 768 1991 3193 1412
1024 3327 768 2060 3196 1419
1280 3327 768 2144 3200 1424
1536 3327 768 2247 3206 1431
1792 3327 768 2364 3213 1438
2048 3327 768 2494 3221 1447
2303 3327 768 2635 3231 1457
2559 3327 768 2786 3243 1469
2815 3327 768 2944 3256 1482
3071 3327 768 3109 3270 1497
3327 3327 768 3279 3287 1513
3583 3327 768 3454 3305 1530
3839 3327 768 3632 3324 1548
4095 3327 768 3814 3345 1568
0 3583 768 2042 3439 1470
256 3583 768 2050 3439 1472
512 3583 768 2079 3438 1480
768 3583 768 2128 3439 1490
1024 3583 768 2191 3441 1496
1280 3583 768 2270 3445 1501
1536 3583 768 2366 3450 1507
1792 3583 768 2477 3457 1514
2048 3583 768 2601 3464 1522
2303 3583 768 2736 3473 1532
2559 3583 768 2881 3484 1543
2815 3583 768 3034 3495 1555
3071 3583 768 3194 3509 1568
3327 3583 768 3360 3523 1583
3583 3583 768 3531 3540 1599
3839 3583 768 3706 3557 1617
4095 3583 768 3885 3577 1636
0 3839 768 2187 3684 1553
256 3839 768 2195 3684 1555
512 3839 768 2222 3684 1562
768 3839 768 2265 3685 1569
1024 3839 768 2324 3687 1574
1280 3839 768 2398 3691 1579
1536 3839 768 2488 3695 1584
1792 3839 768 2594 3701 1591
2048 3839 768 2712 3708 1599
2303 3839 768 2841 3716 1607
2559 3839 768 2980 3726 1618
2815 3839 768 3128 3736 1629
3071 3839 768 3284 3748 1642
3327 3839 768 3445 3762 1656
3583 3839 768 3612 3776 1671
3839 3839 768 3783 3792 1688
4095 3839 768 3958 3810 1705
0 4095 768 2241 3950 1529
256 4095 768 2247 3950 1530
512 4095 768 2268 3951 1530
768 4095 768 2307 3953 1531
1024 4095 768 2363 3955 1531
1280 4095 768 2435 3959 1532
1536 4095 768 2525 3963 1534
1792 4095 768 2629 3968 1535
2048 4095 768 2747 3975 1538
2303 4095 768 2876 3982 1539
2559 4095 768 3016 3990 1541
2815 4095 768 3165 3999 1542
3071 4095 768 3323 4010 1543
3327 4095 768 3487 4021 1541
3583 4095 768 3657 4034 1535
3839 4095 768 3833 4047 1522
4095 4095 768 4000 4048 1486
0 0 1024 243 218 965
256 0 1024 304 187 958
512 0 1024 482 203 957
768 0 1024 681 260 938
1024 0 1024 886 319 941
1280 0 1024 1096 381 950
1536 0 1024 1307 447 961
1792 0 1024 1520 513 974
2048 0 1024 1734 581 989
2303 0 1024 1947 648 1004
2559 0 1024 2162 717 1021
2815 0 1024 2376 786 1039
3071 0 1024 2591 855 1058
3327 0 1024 2806 924 1078
3583 0 1024 3022 994 1100
3839 0 1024 3237 1063 1122
4095 0 1024 3452 1133 1145
0 256 1024 249 290 953
256 256 1024 341 301 919
512 256 1024 498 333 883
768 256 1024 679 367 905
1024 256 1024 879 410 925
1280 256 1024 1087 459 943
1536 256 1024 1299 513 959
1792 256 1024 1512 571 975
2048 256 1024 1727 631 992
2303 256 1024 1940 693 1008
2559 256 1024 2156 757 1026
2815 256 1024 2371 822 1044
3071 256 1024 2587 888 1063
3327 256 1024 2802 954 1083
3583 256 1024 3018 1021 1104
3839 256 1024 3233 1089 1126
4095 256 1024 3449 1156 1149
0 512 1024 343 516 949
256 512 1024 410 519 929
512 512 1024 552 534 893
768 512 1024 718 550 935
1024 512 1024 893 592 922
1280 512 1024 1084 634 941
1536 512 1024 1288 678 963
1792 512 1024 1497 724 985
2048 512 1024 1711 773 1004
2303 512 1024 1924 825 1023
2559 512 1024 2140 879 1042
2815 512 1024 2356 934 1061
3071 512 1024 2572 992 1081
3327 512 1024 2789 1051 1101
3583 512 1024 3005 1112 1122
3839 512 1024 3222 1173 1143
4095 512 1024 3438 1236 1166
0 768 1024 470 754 952
256 768 1024 518 755 944
512 768 1024 634 761 933
768 768 1024 774 773 977
1024 768 1024 966 787 981
1280 768 1024 1169 806 985
1536 768 1024 1328 859 989
1792 768 1024 1513 906 1009
2048 768 1024 1712 953 1031
2303 768 1024 1917 999 1052
2559 768 1024 2128 1047 1072
2815 768 1024 2342 1096 1092
3071 768 1024 2556 1147 1112
3327 768 1024 2772 1199 1132
3583 768 1024 2989 1252 1153
3839 768 1024 3205 1307 1174
4095 768 1024 3429 1357 1191
0 1024 1024 601 996 981
256 1024 1024 638 996 980
512 1024 1024 738 998 979
768 1024 1024 841 1014 993
1024 1024 1024 1019 1024 997
1280 1024 1024 1211 1037 1001
1536 1024 1024 1413 1054 1007
1792 1024 1024 1619 1074 1013
2048 1024 1024 1776 1128 1050
2303 1024 1024 1952 1180 1082
2559 1024 1024 2145 1228 1108
2815 1024 1024 2346 1276 1132
3071 1024 1024 2553 1324 1154
3327 1024 1024 2764 1372 1175
3583 1024 1024 2977 1422 1196
3839 1024 1024 3191 1472 1217
4095 1024 1024 3440 1494 1214
0 1280 1024 747 1237 1022
256 1280 1024 774 1237 1024
512 1280 1024 855 1238 1030
768 1280 1024 950 1250 1028
1024 1280 1024 1085 1266 1018
1280 1280 1024 1266 1276 1022
1536 1280 1024 1458 1289 1028
1792 1280 1024 1659 1305 1034
2048 1280 1024 1864 1323 1042
2303 1280 1024 2072 1344 1051
2559 1280 1024 2227 1399 1110
2815 1280 1024 2397 1454 1156
3071 1280 1024 2584 1504 1190
3327 1280 1024 2781 1554 1218
3583 1280 1024 2984 1602 1243
3839 1280 1024 3203 1642 1257
4095 1280 1024 3460 1655 1241
0 1536 1024 888 1480 1072
256 1536 1024 910 1480 1075
512 1536 1024 981 1481 1083
768 1536 1024 1077 1487 1088
1024 1536 1024 1163 1510 1045
1280 1536 1024 1332 1518 1049
1536 1536 1024 1514 1529 1054
1792 1536 1024 1707 1542 1060
2048 1536 1024 1899 1559 1082
2303 1536 1024 2088 1582 1110
2559 1536 1024 2277 1611 1138
2815 1536 1024 2468 1645 1167
3071 1536 1024 2660 1682 1195
3327 1536 1024 2845 1728 1233
3583 1536 1024 3020 1784 1282
3839 1536 1024 3232 1823 1296
4095 1536 1024 3485 1835 1274
0 1792 1024 1032 1724 1126
256 1792 1024 1051 1724 1130
512 1792 1024 1112 1724 1140
768 1792 1024 1203 1727 1150
1024 1792 1024 1303 1739 1141
1280 1792 1024 1427 1754 1118
1536 1792 1024 1592 1764 1135
1792 1792 1024 1765 1778 1153
2048 1792 1024 1944 1795 1173
2303 1792 1024 2125 1816 1194
2559 1792 1024 2310 1841 1216
2815 1792 1024 2498 1870 1239
3071 1792 1024 2688 1902 1263
3327 1792 1024 2880 1937 1288
3583 1792 1024 3069 1978 1321
3839 1792 1024 3268 2017 1343
4095 1792 1024 3516 2030 1314
0 2048 1024 1177 1969 1185
256 2048 1024 1193 1969 1188
512 2048 1024 1246 1968 1198
768 2048 1024 1329 1970 1210
1024 2048 1024 1431 1977 1216
1280 2048 1024 1546 1988 1208
1536 2048 1024 1692 1999 1221
1792 2048 1024 1850 2012 1234
2048 2048 1024 2017 2028 1250
2303 2048 1024 2190 2047 1267
2559 2048 1024 2369 2069 1286
2815 2048 1024 2552 2094 1306
3071 2048 1024 2738 2122 1328
3327 2048 1024 2926 2153 1350
3583 2048 1024 3117 2186 1374
3839 2048 1024 3311 2221 1397
4095 2048 1024 3552 2236 1360
0 2303 1024 1320 2213 1246
256 2303 1024 1334 2213 1249
512 2303 1024 1381 2212 1259
768 2303 1024 1458 2213 1272
1024 2303 1024 1556 2217 1284
1280 2303 1024 1667 2225 1287
1536 2303 1024 1800 2235 1297
1792 2303 1024 1947 2247 1308
2048 2303 1024 2104 2261 1321
2303 2303 1024 2269 2278 1336
2559 2303 1024 2441 2297 1352
2815 2303 1024 2618 2319 1370
3071 2303 1024 2800 2344 1389
3327 2303 1024 2984 2371 1410
3583 2303 1024 3172 2400 1432
3839 2303 1024 3362 2432 1454
4095 2303 1024 3592 2449 1413
0 2559 1024 1465 2458 1311
256 2559 1024 1477 2458 1313
512 2559 1024 1519 2458 1322
768 2559 1024 1589 2458 1336
1024 2559 1024 1682 2460 1352
1280 2559 1024 1789 2466 1360
1536 2559 1024 1911 2475 1369
1792 2559 1024 2049 2485 1378
2048 2559 1024 2198 2498 1390
2303 2559 1024 2356 2512 1403
2559 2559 1024 2521 2529 1417
2815 2559 1024 2693 2549 1433
3071 2559 1024 2870 2570 1451
3327 2559 1024 3051 2594 1470
3583 2559 1024 3235 2621 1490
3839 2559 1024 3421 2649 1511
4095 2559 1024 3638 2668 1474
0 2815 1024 1610 2703 1378
256 2815 1024 1620 2703 1380
512 2815 1024 1658 2703 1389
768 2815 1024 1723 2703 1403
1024 2815 1024 1810 2704 1419
1280 2815 1024 1912 2709 1431
1536 2815 1024 2026 2716 1439
1792 2815 1024 2155 2725 1447
2048 2815 1024 2297 2737 1458
2303 2815 1024 2448 2750 1469
2559 2815 1024 2607 2765 1482
2815 2815 1024 2774 2782 1497
3071 2815 1024 2946 2801 1513
3327 2815 1024 3123 2822 1530
3583 2815 1024 3303 2845 1549
3839 2815 1024 3486 2870 1569
4095 2815 1024 3689 2892 1543
0 3071 1024 1754 2949 1447
256 3071 1024 1764 2948 1449
512 3071 1024 1798 2948 1457
768 3071 1024 1858 2948 1471
1024 3071 1024 1940 2949 1489
1280 3071 1024 2036 2952 1502
1536 3071 1024 2143 2959 1508
1792 3071 1024 2264 2967 1516
2048 3071 1024 2399 2977 1525
2303 3071 1024 2544 2989 1536
2559 3071 1024 2698 3002 1548
2815 3071 1024 2859 3017 1561
3071 3071 1024 3027 3034 1576
3327 3071 1024 3199 3053 1592
3583 3071 1024 3376 3074 1610
3839 3071 1024 3556 3096 1628
4095 3071 1024 3745 3119 1625
0 3327 1024 1899 3194 1519
256 3327 1024 1908 3194 1521
512 3327 1024 1940 3194 1529
768 3327 1024 1995 3193 1542
1024 3327 1024 2072 3194 1560
1280 3327 1024 2161 3197 1573
1536 3327 1024 2262 3203 1579
1792 3327 1024 2377 3210 1586
2048 3327 1024 2505 3219 1594
2303 3327 1024 2643 3229 1604
2559 3327 1024 2792 3241 1615
2815 3327 1024 2948 3255 1628
3071 3327 1024 3111 3270 1641
3327 3327 1024 3279 3287 1656
3583 3327 1024 3452 3305 1672
3839 3327 1024 3628 3326 1690
4095 3327 1024 3809 3348 1707
0 3583 1024 2044 3439 1593
256 3583 1024 2053 3439 1595
512 3583 1024 2082 3439 1602
768 3583 1024 2133 3439 1615
1024 3583 1024 2205 3439 1632
1280 3583 1024 2289 3442 1644
1536 3583 1024 2383 3447 1650
1792 3583 1024 2492 3454 1656
2048 3583 1024 2614 3462 1664
2303 3583 1024 2747 3471 1673
2559 3583 1024 2889 3482 1684
2815 3583 1024 3040 3494 1695
3071 3583 1024 3198 3508 1708
3327 3583 1024 3362 3523 1722
3583 3583 1024 3531 3540 1737
3839 3583 1024 3704 3558 1754
4095 3583 1024 3881 3578 1771
0 3839 1024 2190 3685 1669
256 3839 1024 2197 3685 1671
512 3839 1024 2224 3685 1678
768 3839 1024 2272 3684 1690
1024 3839 1024 2339 3684 1706
1280 3839 1024 2417 3687 1717
1536 3839 1024 2506 3692 1722
1792 3839 1024 2609 3698 1728
2048 3839 1024 2725 3705 1736
2303 3839 1024 2853 3713 1744
2559 3839 1024 2990 3723 1754
2815 3839 1024 3136 3734 1765
3071 3839 1024 3289 3747 1777
3327 3839 1024 3449 3760 1790
3583 3839 1024 3614 3776 1804
3839 3839 1024 3784 3792 1820
4095 3839 1024 3957 3810 1836
0 4095 1024 2243 3951 1644
256 4095 1024 2249 3951 1644
512 4095 1024 2270 3952 1645
768 4095 1024 2308 3954 1645
1024 4095 1024 2364 3956 1646
1280 4095 1024 2437 3960 1647
1536 4095 1024 2527 3964 1649
1792 4095 1024 2631 3969 1650
2048 4095 1024 2748 3975 1652
2303 4095 1024 2877 3983 1653
2559 4095 1024 3017 3991 1655
2815 4095 1024 3167 4000 1656
3071 4095 1024 3324 4011 1657
3327 4095 1024 3488 4022 1655
3583 4095 1024 3658 4034 1649
3839 4095 1024 3834 4048 1636
4095 4095 1024 4000 4047 1600
0 0 1280 291 227 1198
256 0 1280 342 218 1195
512 0 1280 506 240 1184
768 0 1280 700 285 1174
1024 0 1280 902 339 1173
1280 0 1280 1109 398 1178
1536 0 1280 1318 461 1186
1792 0 1280 1529 525 1196
2048 0 1280 1741 591 1208
2303 0 1280 1953 657 1221
2559 0 1280 2167 725 1236
2815 0 1280 2381 793 1251
3071 0 1280 2595 861 1268
3327 0 1280 2810 930 1285
3583 0 1280 3025 999 1304
3839 0 1280 3240 1068 1323
4095 0 1280 3455 1138 1343
0 256 1280 299 314 1187
256 256 1280 379 325 1156
512 256 1280 532 355 1115
768 256 1280 704 386 1131
1024 256 1280 898 426 1148
1280 256 1280 1102 473 1164
1536 256 1280 1310 525 1178
1792 256 1280 1522 581 1193
2048 256 1280 1734 641 1207
2303 256 1280 1947 702 1222
2559 256 1280 2161 764 1238
2815 256 1280 2376 829 1254
3071 256 1280 2590 894 1271
3327 256 1280 2805 960 1289
3583 256 1280 3021 1027 1307
3839 256 1280 3236 1094 1326
4095 256 1280 3451 1161 1347
0 512 1280 380 529 1182
256 512 1280 442 533 1161
512 512 1280 583 550 1110
768 512 1280 737 573 1115
1024 512 1280 910 608 1121
1280 512 1280 1099 647 1143
1536 512 1280 1300 689 1167
1792 512 1280 1507 734 1189
2048 512 1280 1719 782 1210
2303 512 1280 1931 832 1229
2559 512 1280 2146 885 1247
2815 512 1280 2361 941 1265
3071 512 1280 2576 998 1283
3327 512 1280 2792 1057 1302
3583 512 1280 3008 1117 1320
3839 512 1280 3224 1178 1340
4095 512 1280 3440 1240 1360
0 768 1280 495 764 1179
256 768 1280 540 765 1168
512 768 1280 659 772 1140
768 768 1280 796 786 1161
1024 768 1280 976 794 1213
1280 768 1280 1158 826 1192
1536 768 1280 1330 873 1187
1792 768 1280 1518 917 1204
2048 768 1280 1717 961 1225
2303 768 1280 1923 1007 1246
2559 768 1280 2133 1054 1267
2815 768 1280 2346 1102 1287
3071 768 1280 2560 1152 1306
3327 768 1280 2775 1204 1325
3583 768 1280 2991 1257 1345
3839 768 1280 3207 1312 1364
4095 768 1280 3430 1362 1381
0 1024 1280 622 1003 1195
256 1024 1280 656 1003 1190
512 1024 1280 756 1006 1179
768 1024 1280 875 1017 1191
1024 1024 1280 1028 1029 1226
1280 1024 1280 1219 1043 1229
1536 1024 1280 1419 1059 1233
1792 1024 1280 1610 1087 1238
2048 1024 1280 1771 1141 1252
2303 1024 1280 1952 1189 1274
2559 1024 1280 2146 1236 1296
2815 1024 1280 2348 1283 1318
3071 1024 1280 2556 1330 1339
3327 1024 1280 2766 1378 1360
3583 1024 1280 2979 1427 1380
3839 1024 1280 3193 1476 1400
4095 1024 1280 3442 1498 1400
0 1280 1280 762 1243 1224
256 1280 1280 788 1243 1223
512 1280 1280 870 1244 1223
768 1280 1280 975 1253 1229
1024 1280 1280 1094 1270 1243
1280 1280 1280 1273 1280 1246
1536 1280 1280 1465 1293 1250
1792 1280 1280 1664 1309 1255
2048 1280 1280 1869 1327 1261
2303 1280 1280 2069 1352 1272
2559 1280 1280 2219 1410 1313
2815 1280 1280 2394 1462 1345
3071 1280 1280 2583 1511 1373
3327 1280 1280 2781 1560 1397
3583 1280 1280 2984 1607 1420
3839 1280 1280 3204 1647 1434
4095 1280 1280 3462 1658 1423
0 1536 1280 901 1485 1266
256 1536 1280 923 1485 1268
512 1536 1280 993 1485 1272
768 1536 1280 1089 1491 1277
1024 1536 1280 1172 1513 1264
1280 1536 1280 1338 1521 1267
1536 1536 1280 1520 1532 1271
1792 1536 1280 1712 1545 1276
2048 1536 1280 1910 1560 1282
2303 1536 1280 2113 1577 1289
2559 1536 1280 2320 1597 1297
2815 1536 1280 2527 1619 1307
3071 1536 1280 2671 1681 1373
3327 1536 1280 2840 1736 1417
3583 1536 1280 3019 1790 1456
3839 1536 1280 3233 1826 1469
4095 1536 1280 3487 1838 1452
0 1792 1280 1043 1728 1315
256 1792 1280 1061 1728 1317
512 1792 1280 1120 1728 1323
768 1792 1280 1211 1731 1331
1024 1792 1280 1307 1743 1326
1280 1792 1280 1414 1765 1292
1536 1792 1280 1585 1774 1296
1792 1792 1280 1769 1784 1301
2048 1792 1280 1960 1797 1307
2303 1792 1280 2157 1812 1313
2559 1792 1280 2359 1828 1321
2815 1792 1280 2565 1847 1330
3071 1792 1280 2773 1867 1339
3327 1792 1280 2918 1923 1421
3583 1792 1280 3066 1984 1493
3839 1792 1280 3269 2020 1510
4095 1792 1280 3518 2033 1486
0 2048 1280 1185 1972 1368
256 2048 1280 1200 1972 1370
512 2048 1280 1252 1972 1377
768 2048 1280 1336 1974 1387
1024 2048 1280 1434 1981 1390
1280 2048 1280 1528 1999 1360
1536 2048 1280 1658 2017 1325
1792 2048 1280 1833 2026 1330
2048 2048 1280 2018 2037 1347
2303 2048 1280 2204 2050 1370
2559 2048 1280 2391 2068 1393
2815 2048 1280 2579 2089 1417
3071 2048 1280 2769 2114 1440
3327 2048 1280 2960 2142 1465
3583 2048 1280 3125 2186 1526
3839 2048 1280 3312 2225 1558
4095 2048 1280 3553 2238 1527
0 2303 1280 1327 2215 1423
256 2303 1280 1340 2215 1425
512 2303 1280 1387 2215 1433
768 2303 1280 1463 2216 1444
1024 2303 1280 1559 2220 1453
1280 2303 1280 1661 2231 1445
1536 2303 1280 1774 2248 1417
1792 2303 1280 1931 2257 1432
2048 2303 1280 2097 2269 1448
2303 2303 1280 2269 2283 1465
2559 2303 1280 2445 2301 1484
2815 2303 1280 2625 2321 1504
3071 2303 1280 2809 2345 1524
3327 2303 1280 2995 2371 1546
3583 2303 1280 3183 2399 1568
3839 2303 1280 3361 2436 1611
4095 2303 1280 3594 2451 1573
0 2559 1280 1470 2460 1481
256 2559 1280 1482 2460 1483
512 2559 1280 1524 2460 1491
768 2559 1280 1594 2460 1503
1024 2559 1280 1686 2463 1516
1280 2559 1280 1788 2470 1519
1536 2559 1280 1898 2482 1507
1792 2559 1280 2040 2492 1519
2048 2559 1280 2193 2503 1532
2303 2559 1280 2353 2517 1547
2559 2559 1280 2521 2533 1562
2815 2559 1280 2694 2552 1579
3071 2559 1280 2871 2573 1598
3327 2559 1280 3052 2597 1617
3583 2559 1280 3236 2623 1637
3839 2559 1280 3420 2652 1664
4095 2559 1280 3640 2670 1626
0 2815 1280 1614 2705 1542
256 2815 1280 1625 2705 1544
512 2815 1280 1663 2705 1552
768 2815 1280 1728 2705 1564
1024 2815 1280 1814 2706 1579
1280 2815 1280 1914 2711 1588
1536 2815 1280 2022 2720 1588
1792 2815 1280 2153 2729 1597
2048 2815 1280 2295 2740 1608
2303 2815 1280 2447 2753 1621
2559 2815 1280 2607 2767 1634
2815 2815 1280 2773 2784 1649
3071 2815 1280 2945 2804 1666
3327 2815 1280 3121 2825 1683
3583 2815 1280 3301 2848 1702
3839 2815 1280 3483 2874 1721
4095 2815 1280 3691 2894 1686
0 3071 1280 1758 2950 1605
256 3071 1280 1768 2950 1607
512 3071 1280 1802 2950 1615
768 3071 1280 1862 2950 1627
1024 3071 1280 1943 2951 1642
1280 3071 1280 2040 2954 1656
1536 3071 1280 2146 2960 1663
1792 3071 1280 2267 2969 1671
2048 3071 1280 2402 2978 1680
2303 3071 1280 2546 2990 1691
2559 3071 1280 2699 3004 1703
2815 3071 1280 2859 3019 1717
3071 3071 1280 3026 3036 1732
3327 3071 1280 3197 3055 1748
3583 3071 1280 3373 3076 1765
3839 3071 1280 3552 3099 1783
4095 3071 1280 3746 3121 1759
0 3327 1280 1903 3195 1671
256 3327 1280 1912 3195 1673
512 3327 1280 1944 3195 1680
768 3327 1280 1999 3195 1692
1024 3327 1280 2075 3195 1708
1280 3327 1280 2167 3197 1723
1536 3327 1280 2270 3202 1734
1792 3327 1280 2384 3210 1742
2048 3327 1280 2511 3219 1750
2303 3327 1280 2648 3229 1760
2559 3327 1280 2796 3241 1771
2815 3327 1280 2950 3255 1784
3071 3327 1280 3112 3271 1797
3327 3327 1280 3278 3288 1812
3583 3327 1280 3450 3307 1827
3839 3327 1280 3625 3328 1844
4095 3327 1280 3806 3350 1849
0 3583 1280 2048 3441 1739
256 3583 1280 2056 3440 1741
512 3583 1280 2085 3440 1748
768 3583 1280 2136 3440 1759
1024 3583 1280 2207 3440 1775
1280 3583 1280 2295 3442 1792
1536 3583 1280 2395 3446 1805
1792 3583 1280 2502 3452 1812
2048 3583 1280 2623 3460 1820
2303 3583 1280 2754 3470 1829
2559 3583 1280 2895 3481 1839
2815 3583 1280 3045 3493 1850
3071 3583 1280 3201 3508 1863
3327 3583 1280 3364 3523 1876
3583 3583 1280 3531 3540 1891
3839 3583 1280 3703 3559 1907
4095 3583 1280 3878 3580 1924
0 3839 1280 2193 3686 1809
256 3839 1280 2200 3686 1811
512 3839 1280 2227 3686 1817
768 3839 1280 2275 3685 1828
1024 3839 1280 2342 3685 1843
1280 3839 1280 2425 3686 1861
1536 3839 1280 2520 3689 1875
1792 3839 1280 2622 3696 1882
2048 3839 1280 2737 3703 1889
2303 3839 1280 2863 3712 1897
2559 3839 1280 2998 3722 1907
2815 3839 1280 3143 3733 1917
3071 3839 1280 3294 3746 1929
3327 3839 1280 3452 3760 1942
3583 3839 1280 3615 3776 1955
3839 3839 1280 3783 3793 1970
4095 3839 1280 3955 3812 1986
0 4095 1280 2246 3952 1784
256 4095 1280 2251 3952 1784
512 4095 1280 2272 3953 1785
768 4095 1280 2311 3955 1785
1024 4095 1280 2366 3957 1785
1280 4095 1280 2439 3961 1787
1536 4095 1280 2529 3965 1788
1792 4095 1280 2632 3970 1789
2048 4095 1280 2750 3977 1791
2303 4095 1280 2879 3984 1793
2559 4095 1280 3019 3992 1794
2815 4095 1280 3168 4001 1796
3071 4095 1280 3325 4012 1796
3327 4095 1280 3490 4023 1794
3583 4095 1280 3660 4036 1788
3839 4095 1280 3836 4049 1776
4095 4095 1280 3999 4045 1740
0 0 1536 344 258 1435
256 0 1536 385 255 1433
512 0 1536 535 276 1421
768 0 1536 722 315 1410
1024 0 1536 920 364 1407
1280 0 1536 1124 418 1409
1536 0 1536 1330 478 1413
1792 0 1536 1539 540 1421
2048 0 1536 1750 604 1431
2303 0 1536 1961 669 1442
2559 0 1536 2173 735 1455
2815 0 1536 2386 802 1468
3071 0 1536 2600 870 1483
3327 0 1536 2814 938 1498
3583 0 1536 3028 1006 1515
3839 0 1536 3243 1075 1532
4095 0 1536 3458 1144 1549
0 256 1536 346 340 1428
256 256 1536 416 351 1402
512 256 1536 567 380 1354
768 256 1536 732 408 1364
1024 256 1536 920 445 1377
1280 256 1536 1119 490 1389
1536 256 1536 1324 540 1401
1792 256 1536 1533 595 1414
2048 256 1536 1744 652 1427
2303 256 1536 1955 713 1441
2559 256 1536 2168 774 1455
2815 256 1536 2382 838 1469
3071 256 1536 2595 902 1485
3327 256 1536 2810 968 1500
3583 256 1536 3024 1034 1517
3839 256 1536 3239 1100 1534
4095 256 1536 3454 1167 1552
0 512 1536 416 544 1423
256 512 1536 474 548 1402
512 512 1536 616 567 1343
768 512 1536 769 596 1308
1024 512 1536 935 627 1327
1280 512 1536 1119 662 1352
1536 512 1536 1316 702 1376
1792 512 1536 1520 745 1399
2048 512 1536 1729 792 1420
2303 512 1536 1940 842 1439
2559 512 1536 2153 894 1457
2815 512 1536 2367 949 1474
3071 512 1536 2582 1006 1492
3327 512 1536 2797 1064 1509
3583 512 1536 3012 1123 1526
3839 512 1536 3228 1184 1544
4095 512 1536 3443 1246 1563
0 768 1536 525 775 1412
256 768 1536 569 776 1398
512 768 1536 686 785 1363
768 768 1536 828 801 1340
1024 768 1536 989 804 1448
1280 768 1536 1163 846 1384
1536 768 1536 1340 888 1383
1792 768 1536 1529 929 1401
2048 768 1536 1727 972 1423
2303 768 1536 1931 1016 1445
2559 768 1536 2140 1062 1466
2815 768 1536 2352 1110 1487
3071 768 1536 2565 1159 1506
3327 768 1536 2780 1211 1526
3583 768 1536 2995 1263 1544
3839 768 1536 3211 1318 1563
4095 768 1536 3429 1371 1581
0 1024 1536 644 1012 1418
256 1024 1536 679 1012 1410
512 1024 1536 778 1016 1390
768 1024 1536 906 1026 1379
1024 1024 1536 1040 1036 1458
1280 1024 1536 1229 1049 1461
1536 1024 1536 1427 1066 1464
1792 1024 1536 1600 1106 1448
2048 1024 1536 1771 1154 1451
2303 1024 1536 1955 1200 1468
2559 1024 1536 2151 1245 1489
2815 1024 1536 2353 1291 1510
3071 1024 1536 2560 1337 1531
3327 1024 1536 2770 1384 1552
3583 1024 1536 2982 1433 1572
3839 1024 1536 3196 1482 1591
4095 1024 1536 3444 1503 1596
0 1280 1536 778 1251 1436
256 1280 1536 805 1251 1433
512 1280 1536 888 1253 1424
768 1280 1536 1000 1259 1422
1024 1280 1536 1107 1274 1468
1280 1280 1536 1282 1285 1475
1536 1280 1536 1472 1298 1478
1792 1280 1536 1671 1314 1482
2048 1280 1536 1874 1332 1487
2303 1280 1536 2052 1369 1496
2559 1280 1536 2214 1422 1515
2815 1280 1536 2393 1472 1538
3071 1280 1536 2584 1520 1561
3327 1280 1536 2782 1567 1584
3583 1280 1536 2986 1614 1606
3839 1280 1536 3206 1652 1621
4095 1280 1536 3464 1663 1616
0 1536 1536 914 1492 1469
256 1536 1536 936 1492 1468
512 1536 1536 1006 1492 1467
768 1536 1536 1107 1497 1469
1024 1536 1536 1203 1512 1483
1280 1536 1536 1347 1525 1492
1536 1536 1536 1528 1536 1495
1792 1536 1536 1718 1549 1499
2048 1536 1536 1916 1564 1504
2303 1536 1536 2118 1581 1510
2559 1536 1536 2324 1601 1516
2815 1536 1536 2509 1635 1536
3071 1536 1536 2663 1692 1576
3327 1536 1536 2837 1745 1608
3583 1536 1536 3019 1797 1639
3839 1536 1536 3235 1831 1652
4095 1536 1536 3489 1842 1642
0 1792 1536 1052 1734 1510
256 1792 1536 1070 1734 1511
512 1792 1536 1131 1734 1514
768 1792 1536 1223 1736 1519
1024 1792 1536 1322 1747 1522
1280 1792 1536 1422 1768 1512
1536 1792 1536 1592 1777 1516
1792 1792 1536 1775 1788 1520
2048 1792 1536 1966 1801 1525
2303 1792 1536 2162 1815 1530
2559 1792 1536 2364 1832 1537
2815 1792 1536 2569 1850 1544
3071 1792 1536 2777 1870 1552
3327 1792 1536 2908 1934 1623
3583 1792 1536 3065 1990 1674
3839 1792 1536 3271 2025 1688
4095 1792 1536 3520 2036 1672
0 2048 1536 1194 1976 1558
256 2048 1536 1210 1976 1560
512 2048 1536 1262 1976 1564
768 2048 1536 1346 1978 1572
1024 2048 1536 1442 1985 1575
1280 2048 1536 1530 2005 1555
1536 2048 1536 1665 2020 1540
1792 2048 1536 1839 2029 1544
2048 2048 1536 2023 2040 1548
2303 2048 1536 2213 2053 1554
2559 2048 1536 2410 2067 1560
2815 2048 1536 2611 2083 1567
3071 2048 1536 2815 2101 1575
3327 2048 1536 2997 2131 1612
3583 2048 1536 3121 2193 1709
3839 2048 1536 3313 2229 1732
4095 2048 1536 3556 2241 1708
0 2303 1536 1335 2219 1609
256 2303 1536 1348 2219 1610
512 2303 1536 1395 2219 1616
768 2303 1536 1471 2220 1625
1024 2303 1536 1566 2224 1633
1280 2303 1536 1663 2236 1625
1536 2303 1536 1745 2263 1567
1792 2303 1536 1910 2271 1571
2048 2303 1536 2086 2281 1575
2303 2303 1536 2271 2292 1581
2559 2303 1536 2462 2305 1587
2815 2303 1536 2658 2319 1594
3071 2303 1536 2858 2334 1602
3327 2303 1536 3053 2354 1624
3583 2303 1536 3192 2400 1730
3839 2303 1536 3362 2440 1780
4095 2303 1536 3596 2454 1748
0 2559 1536 1478 2463 1663
256 2559 1536 1490 2463 1665
512 2559 1536 1532 2463 1671
768 2559 1536 1602 2463 1681
1024 2559 1536 1691 2466 1691
1280 2559 1536 1791 2474 1693
1536 2559 1536 1888 2491 1668
1792 2559 1536 1993 2514 1610
2048 2559 1536 2165 2520 1629
2303 2559 1536 2341 2529 1648
2559 2559 1536 2521 2542 1668
2815 2559 1536 2703 2557 1689
3071 2559 1536 2887 2575 1710
3327 2559 1536 3072 2596 1732
3583 2559 1536 3260 2619 1754
3839 2559 1536 3418 2656 1831
4095 2559 1536 3642 2673 1794
0 2815 1536 1622 2707 1720
256 2815 1536 1633 2707 1721
512 2815 1536 1670 2707 1728
768 2815 1536 1734 2707 1738
1024 2815 1536 1819 2709 1750
1280 2815 1536 1917 2714 1757
1536 2815 1536 2019 2725 1750
1792 2815 1536 2124 2743 1717
2048 2815 1536 2276 2752 1731
2303 2815 1536 2435 2762 1746
2559 2815 1536 2601 2775 1762
2815 2815 1536 2773 2790 1779
3071 2815 1536 2948 2808 1798
3327 2815 1536 3127 2828 1817
3583 2815 1536 3309 2850 1837
3839 2815 1536 3487 2876 1870
4095 2815 1536 3694 2896 1847
0 3071 1536 1765 2952 1778
256 3071 1536 1775 2952 1780
512 3071 1536 1809 2952 1786
768 3071 1536 1868 2952 1797
1024 3071 1536 1948 2953 1809
1280 3071 1536 2043 2956 1821
1536 3071 1536 2145 2964 1823
1792 3071 1536 2252 2977 1808
2048 3071 1536 2390 2986 1818
2303 3071 1536 2538 2997 1830
2559 3071 1536 2694 3009 1844
2815 3071 1536 2857 3024 1859
3071 3071 1536 3025 3040 1875
3327 3071 1536 3198 3059 1892
3583 3071 1536 3374 3079 1910
3839 3071 1536 3553 3102 1929
4095 3071 1536 3749 3123 1908
0 3327 1536 1909 3197 1839
256 3327 1536 1918 3197 1841
512 3327 1536 1950 3197 1847
768 3327 1536 2004 3197 1857
1024 3327 1536 2079 3197 1870
1280 3327 1536 2170 3200 1884
1536 3327 1536 2271 3205 1893
1792 3327 1536 2378 3215 1889
2048 3327 1536 2506 3224 1897
2303 3327 1536 2645 3234 1908
2559 3327 1536 2793 3245 1920
2815 3327 1536 2949 3259 1933
3071 3327 1536 3111 3274 1947
3327 3327 1536 3278 3291 1962
3583 3327 1536 3449 3310 1979
3839 3327 1536 3624 3331 1996
4095 3327 1536 3809 3353 1987
0 3583 1536 2054 3442 1902
256 3583 1536 2062 3442 1903
512 3583 1536 2090 3442 1909
768 3583 1536 2141 3442 1920
1024 3583 1536 2211 3442 1933
1280 3583 1536 2298 3444 1948
1536 3583 1536 2397 3447 1960
1792 3583 1536 2503 3455 1965
2048 3583 1536 2623 3463 1972
2303 3583 1536 2755 3472 1982
2559 3583 1536 2896 3483 1992
2815 3583 1536 3045 3496 2004
3071 3583 1536 3201 3510 2017
3327 3583 1536 3363 3525 2031
3583 3583 1536 3530 3543 2046
3839 3583 1536 3701 3562 2061
4095 3583 1536 3876 3583 2078
0 3839 1536 2198 3687 1966
256 3839 1536 2205 3687 1968
512 3839 1536 2232 3687 1974
768 3839 1536 2279 3687 1984
1024 3839 1536 2345 3687 1997
1280 3839 1536 2428 3688 2013
1536 3839 1536 2524 3691 2028
1792 3839 1536 2628 3696 2037
2048 3839 1536 2742 3704 2044
2303 3839 1536 2867 3712 2053
2559 3839 1536 3002 3722 2063
2815 3839 1536 3146 3734 2073
3071 3839 1536 3296 3747 2085
3327 3839 1536 3453 3761 2098
3583 3839 1536 3616 3777 2111
3839 3839 1536 3783 3795 2126
4095 3839 1536 3954 3814 2142
0 4095 1536 2249 3953 1943
256 4095 1536 2255 3954 1943
512 4095 1536 2276 3954 1943
768 4095 1536 2314 3956 1944
1024 4095 1536 2369 3959 1944
1280 4095 1536 2443 3962 1946
1536 4095 1536 2532 3966 1947
1792 4095 1536 2635 3972 1948
2048 4095 1536 2753 3978 1950
2303 4095 1536 2882 3985 1951
2559 4095 1536 3022 3993 1953
2815 4095 1536 3171 4003 1955
3071 4095 1536 3327 4013 1954
3327 4095 1536 3492 4024 1953
3583 4095 1536 3662 4037 1948
3839 4095 1536 3838 4050 1936
4095 4095 1536 3999 4044 1900
0 0 1792 402 301 1672
256 0 1792 432 296 1671
512 0 1792 567 313 1659
768 0 1792 747 346 1649
1024 0 1792 940 390 1643
1280 0 1792 1141 441 1642
1536 0 1792 1345 498 1643
1792 0 1792 1552 557 1649
2048 0 1792 1761 619 1656
2303 0 1792 1970 683 1666
2559 0 1792 2182 747 1677
2815 0 1792 2394 814 1689
3071 0 1792 2607 880 1702
3327 0 1792 2820 947 1715
3583 0 1792 3034 1015 1730
3839 0 1792 3248 1083 1745
4095 0 1792 3462 1151 1761
0 256 1792 396 369 1667
256 256 1792 459 379 1644
512 256 1792 601 406 1601
768 256 1792 762 433 1602
1024 256 1792 944 468 1609
1280 256 1792 1139 509 1619
1536 256 1792 1341 558 1628
1792 256 1792 1547 610 1639
2048 256 1792 1756 667 1650
2303 256 1792 1965 725 1662
2559 256 1792 2177 786 1675
2815 256 1792 2389 849 1688
3071 256 1792 2602 912 1702
3327 256 1792 2816 977 1716
3583 256 1792 3030 1042 1731
3839 256 1792 3244 1108 1747
4095 256 1792 3459 1175 1764
0 512 1792 460 562 1659
256 512 1792 512 566 1640
512 512 1792 649 585 1584
768 512 1792 804 617 1525
1024 512 1792 964 646 1541
1280 512 1792 1143 679 1567
1536 512 1792 1336 717 1591
1792 512 1792 1536 759 1613
2048 512 1792 1743 804 1634
2303 512 1792 1951 853 1652
2559 512 1792 2163 905 1670
2815 512 1792 2375 959 1687
3071 512 1792 2589 1014 1704
3327 512 1792 2803 1072 1720
3583 512 1792 3018 1131 1737
3839 512 1792 3233 1192 1754
4095 512 1792 3448 1253 1771
0 768 1792 557 787 1649
256 768 1792 598 789 1636
512 768 1792 715 798 1595
768 768 1792 859 817 1552
1024 768 1792 1010 836 1571
1280 768 1792 1178 867 1573
1536 768 1792 1355 904 1581
1792 768 1792 1543 943 1602
2048 768 1792 1740 984 1625
2303 768 1792 1942 1027 1648
2559 768 1792 2150 1072 1670
2815 768 1792 2360 1119 1691
3071 768 1792 2572 1168 1711
3327 768 1792 2786 1218 1730
3583 768 1792 3001 1271 1749
3839 768 1792 3216 1324 1767
4095 768 1792 3437 1374 1784
0 1024 1792 668 1022 1651
256 1024 1792 701 1023 1642
512 1024 1792 801 1027 1614
768 1024 1792 933 1038 1584
1024 1024 1792 1072 1053 1602
1280 1024 1792 1240 1057 1695
1536 1024 1792 1435 1076 1691
1792 1024 1792 1600 1124 1647
2048 1024 1792 1776 1168 1648
2303 1024 1792 1962 1212 1664
2559 1024 1792 2158 1256 1684
2815 1024 1792 2360 1300 1706
3071 1024 1792 2566 1345 1727
3327 1024 1792 2776 1392 1748
3583 1024 1792 2987 1440 1768
3839 1024 1792 3201 1489 1788
4095 1024 1792 3448 1510 1798
0 1280 1792 798 1260 1656
256 1280 1792 824 1260 1652
512 1280 1792 906 1262 1637
768 1280 1792 1024 1269 1622
1024 1280 1792 1149 1281 1637
1280 1280 1792 1294 1291 1706
1536 1280 1792 1482 1304 1709
1792 1280 1792 1679 1320 1713
2048 1280 1792 1881 1338 1717
2303 1280 1792 2043 1386 1706
2559 1280 1792 2212 1435 1715
2815 1280 1792 2395 1483 1733
3071 1280 1792 2587 1529 1753
3327 1280 1792 2786 1575 1775
3583 1280 1792 2990 1621 1796
3839 1280 1792 3209 1659 1814
4095 1280 1792 3468 1668 1816
0 1536 1792 929 1500 1680
256 1536 1792 951 1500 1678
512 1536 1792 1022 1500 1671
768 1536 1792 1127 1504 1665
1024 1536 1792 1240 1515 1675
1280 1536 1792 1358 1530 1720
1536 1536 1792 1537 1541 1723
1792 1536 1792 1726 1554 1727
2048 1536 1792 1923 1569 1731
2303 1536 1792 2124 1586 1736
2559 1536 1792 2330 1605 1741
2815 1536 1792 2495 1651 1755
3071 1536 1792 2658 1705 1778
3327 1536 1792 2835 1755 1802
3583 1536 1792 3021 1804 1827
3839 1536 1792 3239 1837 1841
4095 1536 1792 3493 1847 1839
0 1792 1792 1065 1740 1714
256 1792 1792 1083 1740 1713
512 1792 1792 1144 1741 1712
768 1792 1792 1238 1743 1712
1024 1792 1792 1344 1751 1718
1280 1792 1792 1432 1772 1738
1536 1792 1792 1601 1781 1741
1792 1792 1792 1782 1792 1744
2048 1792 1792 1973 1805 1748
2303 1792 1792 2168 1819 1753
2559 1792 1792 2369 1836 1759
2815 1792 1792 2574 1854 1765
3071 1792 1792 2781 1874 1771
3327 1792 1792 2903 1943 1824
3583 1792 1792 3066 1997 1861
3839 1792 1792 3274 2030 1875
4095 1792 1792 3524 2041 1866
0 2048 1792 1207 1982 1755
256 2048 1792 1222 1982 1755
512 2048 1792 1275 1982 1757
768 2048 1792 1358 1983 1761
1024 2048 1792 1457 1990 1766
1280 2048 1792 1546 2007 1766
1536 2048 1792 1673 2024 1761
1792 2048 1792 1846 2033 1765
2048 2048 1792 2029 2044 1769
2303 2048 1792 2219 2056 1773
2559 2048 1792 2415 2071 1779
2815 2048 1792 2615 2087 1785
3071 2048 1792 2819 2104 1791
3327 2048 1792 2982 2143 1834
3583 2048 1792 3120 2200 1896
3839 2048 1792 3315 2234 1914
4095 2048 1792 3559 2245 1897
0 2303 1792 1345 2224 1801
256 2303 1792 1359 2224 1802
512 2303 1792 1406 2223 1806
768 2303 1792 1482 2224 1812
1024 2303 1792 1577 2229 1818
1280 2303 1792 1672 2241 1817
1536 2303 1792 1752 2266 1784
1792 2303 1792 1917 2275 1788
2048 2303 1792 2093 2284 1792
2303 2303 1792 2276 2295 1796
2559 2303 1792 2467 2308 1802
2815 2303 1792 2663 2322 1808
3071 2303 1792 2862 2337 1814
3327 2303 1792 3065 2354 1821
3583 2303 1792 3186 2408 1926
3839 2303 1792 3363 2444 1958
4095 2303 1792 3600 2457 1934
0 2559 1792 1488 2467 1852
256 2559 1792 1500 2467 1853
512 2559 1792 1542 2466 1858
768 2559 1792 1611 2467 1865
1024 2559 1792 1700 2470 1873
1280 2559 1792 1798 2478 1875
1536 2559 1792 1888 2496 1854
1792 2559 1792 1994 2518 1814
2048 2559 1792 2163 2527 1818
2303 2559 1792 2340 2537 1822
2559 2559 1792 2525 2548 1827
2815 2559 1792 2715 2560 1833
3071 2559 1792 2911 2574 1840
3327 2559 1792 3110 2589 1847
3583 2559 1792 3274 2619 1919
3839 2559 1792 3419 2661 2006
4095 2559 1792 3646 2676 1974
0 2815 1792 1631 2710 1905
256 2815 1792 1642 2710 1906
512 2815 1792 1679 2710 1911
768 2815 1792 1742 2711 1919
1024 2815 1792 1826 2713 1929
1280 2815 1792 1922 2718 1935
1536 2815 1792 2020 2730 1927
1792 2815 1792 2109 2753 1882
2048 2815 1792 2239 2771 1847
2303 2815 1792 2409 2779 1851
2559 2815 1792 2588 2789 1856
2815 2815 1792 2774 2801 1862
3071 2815 1792 2963 2813 1880
3327 2815 1792 3152 2828 1904
3583 2815 1792 3342 2846 1927
3839 2815 1792 3484 2881 2051
4095 2815 1792 3697 2899 2021
0 3071 1792 1773 2955 1959
256 3071 1792 1783 2955 1961
512 3071 1792 1816 2955 1966
768 3071 1792 1875 2955 1975
1024 3071 1792 1954 2956 1985
1280 3071 1792 2048 2960 1995
1536 3071 1792 2148 2968 1995
1792 3071 1792 2246 2984 1974
2048 3071 1792 2344 3007 1917
2303 3071 1792 2506 3014 1931
2559 3071 1792 2675 3023 1949
2815 3071 1792 2849 3034 1967
3071 3071 1792 3025 3048 1986
3327 3071 1792 3204 3064 2006
3583 3071 1792 3386 3082 2026
3839 3071 1792 3568 3103 2052
4095 3071 1792 3752 3126 2075
0 3327 1792 1916 3199 2016
256 3327 1792 1925 3199 2017
512 3327 1792 1956 3199 2022
768 3327 1792 2010 3199 2032
1024 3327 1792 2084 3200 2043
1280 3327 1792 2175 3202 2055
1536 3327 1792 2274 3208 2061
1792 3327 1792 2376 3219 2054
2048 3327 1792 2478 3237 2021
2303 3327 1792 2622 3246 2030
2559 3327 1792 2778 3256 2044
2815 3327 1792 2939 3268 2059
3071 3327 1792 3106 3281 2076
3327 3327 1792 3277 3297 2093
3583 3327 1792 3452 3315 2111
3839 3327 1792 3629 3334 2129
4095 3327 1792 3812 3355 2139
0 3583 1792 2060 3444 2074
256 3583 1792 2068 3444 2076
512 3583 1792 2096 3444 2081
768 3583 1792 2147 3444 2090
1024 3583 1792 2217 3444 2103
1280 3583 1792 2303 3446 2116
1536 3583 1792 2400 3450 2126
1792 3583 1792 2503 3458 2127
2048 3583 1792 2607 3472 2111
2303 3583 1792 2740 3481 2117
2559 3583 1792 2885 3491 2129
2815 3583 1792 3038 3502 2142
3071 3583 1792 3197 3516 2156
3327 3583 1792 3361 3531 2172
3583 3583 1792 3529 3547 2188
3839 3583 1792 3702 3566 2204
4095 3583 1792 3876 3586 2234
0 3839 1792 2203 3689 2135
256 3839 1792 2211 3689 2136
512 3839 1792 2237 3689 2141
768 3839 1792 2284 3689 2150
1024 3839 1792 2350 3689 2163
1280 3839 1792 2433 3690 2177
1536 3839 1792 2527 3693 2189
1792 3839 1792 2629 3699 2197
2048 3839 1792 2735 3709 2192
2303 3839 1792 2859 3718 2198
2559 3839 1792 2996 3728 2208
2815 3839 1792 3141 3739 2219
3071 3839 1792 3293 3751 2232
3327 3839 1792 3451 3765 2246
3583 3839 1792 3614 3781 2260
3839 3839 1792 3782 3798 2275
4095 3839 1792 3953 3817 2292
0 4095 1792 2254 3955 2116
256 4095 1792 2260 3955 2116
512 4095 1792 2281 3956 2116
768 4095 1792 2318 3958 2116
1024 4095 1792 2375 3960 2118
1280 4095 1792 2447 3964 2119
1536 4095 1792 2536 3968 2120
1792 4095 1792 2640 3973 2122
2048 4095 1792 2757 3980 2123
2303 4095 1792 2886 3987 2125
2559 4095 1792 3025 3995 2127
2815 4095 1792 3174 4004 2128
3071 4095 1792 3330 4015 2129
3327 4095 1792 3495 4026 2128
3583 4095 1792 3664 4039 2122
3839 4095 1792 3840 4052 2112
4095 4095 1792 4000 4043 2075
0 0 2048 459 343 1909
256 0 2048 485 339 1909
512 0 2048 603 351 1899
768 0 2048 774 380 1889
1024 0 2048 963 420 1881
1280 0 2048 1160 467 1877
1536 0 2048 1362 520 1877
1792 0 2048 1567 576 1880
2048 0 2048 1774 636 1885
2303 0 2048 1982 698 1892
2559 0 2048 2192 761 1901
2815 0 2048 2403 826 1911
3071 0 2048 2615 891 1923
3327 0 2048 2827 958 1935
3583 0 2048 3040 1025 1948
3839 0 2048 3254 1092 1962
4095 0 2048 3467 1160 1977
0 256 2048 448 401 1906
256 256 2048 503 410 1886
512 256 2048 636 434 1847
768 256 2048 792 460 1842
1024 256 2048 970 492 1846
1280 256 2048 1161 532 1852
1536 256 2048 1360 578 1858
1792 256 2048 1563 628 1867
2048 256 2048 1770 683 1876
2303 256 2048 1977 740 1886
2559 256 2048 2188 799 1897
2815 256 2048 2399 860 1909
3071 256 2048 2611 923 1922
3327 256 2048 2823 987 1935
3583 256 2048 3037 1051 1949
3839 256 2048 3250 1117 1963
4095 256 2048 3464 1183 1978
0 512 2048 503 581 1899
256 512 2048 552 586 1881
512 512 2048 683 605 1826
768 512 2048 840 638 1759
1024 512 2048 996 667 1764
1280 512 2048 1170 697 1788
1536 512 2048 1358 734 1810
1792 512 2048 1555 774 1832
2048 512 2048 1759 818 1851
2303 512 2048 1965 866 1869
2559 512 2048 2174 916 1887
2815 512 2048 2385 969 1903
3071 512 2048 2598 1025 1919
3327 512 2048 2811 1081 1935
3583 512 2048 3025 1140 1951
3839 512 2048 3239 1200 1967
4095 512 2048 3453 1261 1983
0 768 2048 594 801 1885
256 768 2048 633 804 1873
512 768 2048 745 813 1833
768 768 2048 891 833 1779
1024 768 2048 1042 859 1753
1280 768 2048 1203 887 1767
1536 768 2048 1376 921 1783
1792 768 2048 1562 958 1806
2048 768 2048 1756 997 1831
2303 768 2048 1957 1039 1855
2559 768 2048 2162 1083 1877
2815 768 2048 2371 1129 1899
3071 768 2048 2582 1177 1919
3327 768 2048 2794 1227 1938
3583 768 2048 3008 1279 1957
3839 768 2048 3222 1332 1975
4095 768 2048 3439 1385 1992
0 1024 2048 701 1033 1881
256 1024 2048 732 1034 1872
512 1024 2048 828 1039 1844
768 1024 2048 961 1051 1804
1024 1024 2048 1103 1069 1786
1280 1024 2048 1256 1077 1873
1536 1024 2048 1436 1100 1870
1792 1024 2048 1608 1142 1840
2048 1024 2048 1786 1184 1845
2303 1024 2048 1973 1225 1861
2559 1024 2048 2168 1267 1882
2815 1024 2048 2369 1310 1905
3071 1024 2048 2575 1355 1927
3327 1024 2048 2784 1401 1948
3583 1024 2048 2995 1448 1969
3839 1024 2048 3207 1496 1989
4095 1024 2048 3452 1517 2005
0 1280 2048 824 1269 1882
256 1280 2048 849 1270 1876
512 1280 2048 929 1273 1858
768 1280 2048 1048 1280 1833
1024 1280 2048 1180 1292 1825
1280 1280 2048 1315 1303 1891
1536 1280 2048 1493 1311 1942
1792 1280 2048 1689 1327 1945
2048 1280 2048 1878 1354 1933
2303 1280 2048 2040 1403 1908
2559 1280 2048 2215 1449 1913
2815 1280 2048 2400 1494 1928
3071 1280 2048 2593 1539 1948
3327 1280 2048 2792 1584 1969
3583 1280 2048 2996 1629 1990
3839 1280 2048 3213 1667 2010
4095 1280 2048 3472 1675 2021
0 1536 2048 949 1508 1898
256 1536 2048 971 1508 1895
512 1536 2048 1040 1510 1884
768 1536 2048 1147 1514 1870
1024 1536 2048 1268 1523 1866
1280 1536 2048 1388 1536 1912
1536 1536 2048 1548 1547 1954
1792 1536 2048 1736 1560 1957
2048 1536 2048 1931 1575 1961
2303 1536 2048 2132 1592 1965
2559 1536 2048 2336 1611 1970
2815 1536 2048 2486 1667 1966
3071 1536 2048 2655 1717 1978
3327 1536 2048 2836 1765 1997
3583 1536 2048 3024 1813 2018
3839 1536 2048 3242 1845 2035
4095 1536 2048 3497 1853 2041
0 1792 2048 1083 1748 1923
256 1792 2048 1101 1748 1922
512 1792 2048 1161 1749 1917
768 1792 2048 1255 1751 1911
1024 1792 2048 1368 1758 1911
1280 1792 2048 1475 1772 1937
1536 1792 2048 1611 1786 1969
1792 1792 2048 1791 1797 1972
2048 1792 2048 1981 1810 1976
2303 1792 2048 2175 1824 1980
2559 1792 2048 2376 1841 1985
2815 1792 2048 2580 1859 1990
3071 1792 2048 2786 1879 1996
3327 1792 2048 2902 1953 2025
3583 1792 2048 3068 2005 2050
3839 1792 2048 3278 2037 2066
4095 1792 2048 3527 2046 2066
0 2048 2048 1222 1988 1958
256 2048 2048 1237 1988 1957
512 2048 2048 1289 1989 1956
768 2048 2048 1373 1990 1956
1024 2048 2048 1476 1995 1959
1280 2048 2048 1577 2008 1969
1536 2048 2048 1683 2028 1987
1792 2048 2048 1855 2037 1990
2048 2048 2048 2037 2048 1993
2303 2048 2048 2226 2061 1997
2559 2048 2048 2421 2075 2002
2815 2048 2048 2621 2091 2007
3071 2048 2048 2824 2108 2013
3327 2048 2048 2975 2154 2046
3583 2048 2048 3121 2207 2086
3839 2048 2048 3319 2240 2102
4095 2048 2048 3563 2250 2095
0 2303 2048 1360 2229 1999
256 2303 2048 1373 2229 1999
512 2303 2048 1419 2229 2001
768 2303 2048 1495 2230 2004
1024 2303 2048 1591 2234 2008
1280 2303 2048 1690 2244 2013
1536 2303 2048 1764 2270 2007
1792 2303 2048 1925 2278 2010
2048 2303 2048 2100 2288 2013
2303 2303 2048 2283 2299 2017
2559 2303 2048 2473 2311 2022
2815 2303 2048 2668 2325 2027
3071 2303 2048 2867 2341 2033
3327 2303 2048 3070 2358 2039
3583 2303 2048 3184 2416 2119
3839 2303 2048 3366 2450 2142
4095 2303 2048 3603 2462 2127
0 2559 2048 1499 2472 2045
256 2559 2048 1511 2472 2046
512 2559 2048 1552 2472 2049
768 2559 2048 1621 2472 2054
1024 2559 2048 1711 2475 2060
1280 2559 2048 1810 2482 2064
1536 2559 2048 1898 2500 2055
1792 2559 2048 2002 2522 2033
2048 2559 2048 2170 2530 2036
2303 2559 2048 2346 2540 2040
2559 2559 2048 2531 2551 2045
2815 2559 2048 2721 2563 2050
3071 2559 2048 2916 2577 2055
3327 2559 2048 3115 2592 2062
3583 2559 2048 3262 2628 2136
3839 2559 2048 3421 2666 2187
4095 2559 2048 3649 2680 2164
0 2815 2048 1641 2715 2094
256 2815 2048 1651 2715 2096
512 2815 2048 1688 2715 2099
768 2815 2048 1752 2715 2106
1024 2815 2048 1836 2717 2113
1280 2815 2048 1931 2722 2119
1536 2815 2048 2027 2735 2114
1792 2815 2048 2107 2759 2077
2048 2815 2048 2245 2774 2061
2303 2815 2048 2415 2782 2065
2559 2815 2048 2594 2792 2070
2815 2815 2048 2779 2804 2075
3071 2815 2048 2969 2816 2080
3327 2815 2048 3164 2830 2087
3583 2815 2048 3362 2844 2093
3839 2815 2048 3484 2887 2234
4095 2815 2048 3700 2903 2206
0 3071 2048 1781 2959 2146
256 3071 2048 1791 2959 2147
512 3071 2048 1825 2958 2151
768 3071 2048 1883 2959 2158
1024 3071 2048 1963 2960 2167
1280 3071 2048 2055 2964 2175
1536 3071 2048 2153 2972 2176
1792 3071 2048 2246 2989 2156
2048 3071 2048 2326 3018 2089
2303 3071 2048 2489 3026 2093
2559 3071 2048 2662 3035 2097
2815 3071 2048 2842 3045 2102
3071 3071 2048 3028 3056 2108
3327 3071 2048 3218 3069 2114
3583 3071 2048 3413 3082 2120
3839 3071 2048 3562 3109 2256
4095 3071 2048 3756 3129 2252
0 3327 2048 1924 3203 2199
256 3327 2048 1933 3203 2201
512 3327 2048 1964 3202 2205
768 3327 2048 2018 3202 2213
1024 3327 2048 2092 3203 2223
1280 3327 2048 2181 3206 2233
1536 3327 2048 2279 3212 2238
1792 3327 2048 2378 3224 2229
2048 3327 2048 2471 3244 2193
2303 3327 2048 2569 3270 2123
2559 3327 2048 2735 3279 2127
2815 3327 2048 2912 3287 2138
3071 3327 2048 3094 3296 2160
3327 3327 2048 3278 3307 2182
3583 3327 2048 3462 3320 2204
3839 3327 2048 3648 3336 2226
4095 3327 2048 3816 3358 2306
0 3583 2048 2067 3447 2255
256 3583 2048 2075 3447 2256
512 3583 2048 2104 3447 2261
768 3583 2048 2154 3447 2269
1024 3583 2048 2224 3447 2280
1280 3583 2048 2309 3449 2291
1536 3583 2048 2405 3454 2299
1792 3583 2048 2505 3462 2299
2048 3583 2048 2605 3477 2280
2303 3583 2048 2699 3500 2226
2559 3583 2048 2851 3509 2233
2815 3583 2048 3015 3517 2249
3071 3583 2048 3183 3528 2266
3327 3583 2048 3355 3540 2284
3583 3583 2048 3529 3555 2302
3839 3583 2048 3707 3571 2322
4095 3583 2048 3880 3589 2381
0 3839 2048 2210 3692 2312
256 3839 2048 2218 3692 2313
512 3839 2048 2244 3691 2318
768 3839 2048 2291 3691 2326
1024 3839 2048 2357 3691 2337
1280 3839 2048 2438 3693 2349
1536 3839 2048 2531 3696 2360
1792 3839 2048 2631 3702 2365
2048 3839 2048 2734 3713 2358
2303 3839 2048 2843 3728 2340
2559 3839 2048 2977 3739 2340
2815 3839 2048 3124 3750 2346
3071 3839 2048 3281 3761 2357
3327 3839 2048 3443 3774 2373
3583 3839 2048 3611 3788 2389
3839 3839 2048 3781 3804 2406
4095 3839 2048 3955 3821 2424
0 4095 2048 2261 3957 2299
256 4095 2048 2267 3957 2300
512 4095 2048 2288 3958 2300
768 4095 2048 2326 3960 2301
1024 4095 2048 2381 3962 2302
1280 4095 2048 2454 3966 2303
1536 4095 2048 2542 3970 2304
1792 4095 2048 2645 3975 2306
2048 4095 2048 2762 3982 2308
2303 4095 2048 2891 3989 2310
2559 4095 2048 3030 3997 2312
2815 4095 2048 3178 4006 2313
3071 4095 2048 3334 4017 2313
3327 4095 2048 3498 4028 2313
3583 4095 2048 3667 4041 2308
3839 4095 2048 3843 4054 2298
4095 4095 2048 4006 4049 2263
0 0 2303 515 385 2144
256 0 2303 539 382 2145
512 0 2303 640 389 2138
768 0 2303 803 415 2128
1024 0 2303 987 451 2119
1280 0 2303 1181 494 2113
1536 0 2303 1380 545 2110
1792 0 2303 1583 598 2111
2048 0 2303 1788 656 2114
2303 0 2303 1995 716 2119
2559 0 2303 2204 777 2127
2815 0 2303 2413 841 2135
3071 0 2303 2624 905 2145
3327 0 2303 2836 970 2157
3583 0 2303 3048 1036 2168
3839 0 2303 3261 1103 2181
4095 0 2303 3474 1170 2195
0 256 2303 499 434 2143
256 256 2303 549 442 2126
512 256 2303 672 464 2093
768 256 2303 824 488 2082
1024 256 2303 997 518 2083
1280 256 2303 1184 556 2086
1536 256 2303 1380 600 2090
1792 256 2303 1581 648 2096
2048 256 2303 1785 701 2103
2303 256 2303 1991 756 2112
2559 256 2303 2200 814 2121
2815 256 2303 2409 875 2132
3071 256 2303 2620 936 2143
3327 256 2303 2832 999 2155
3583 256 2303 3044 1063 2168
3839 256 2303 3257 1127 2181
4095 256 2303 3470 1193 2195
0 512 2303 549 604 2136
256 512 2303 594 608 2121
512 512 2303 719 626 2070
768 512 2303 876 659 1999
1024 512 2303 1029 689 1992
1280 512 2303 1198 718 2013
1536 512 2303 1382 752 2034
1792 512 2303 1576 791 2053
2048 512 2303 1777 834 2072
2303 512 2303 1980 880 2089
2559 512 2303 2188 930 2105
2815 512 2303 2397 982 2121
3071 512 2303 2608 1036 2136
3327 512 2303 2820 1092 2151
3583 512 2303 3033 1150 2166
3839 512 2303 3246 1210 2182
4095 512 2303 3460 1270 2197
0 768 2303 632 817 2124
256 768 2303 669 819 2112
512 768 2303 778 830 2071
768 768 2303 923 850 2014
1024 768 2303 1076 879 1965
1280 768 2303 1232 908 1968
1536 768 2303 1402 940 1989
1792 768 2303 1584 974 2014
2048 768 2303 1776 1012 2039
2303 768 2303 1973 1052 2064
2559 768 2303 2177 1095 2087
2815 768 2303 2384 1140 2109
3071 768 2303 2593 1188 2129
3327 768 2303 2804 1237 2148
3583 768 2303 3017 1288 2166
3839 768 2303 3230 1341 2184
4095 768 2303 3448 1391 2202
0 1024 2303 731 1045 2119
256 1024 2303 761 1046 2109
512 1024 2303 857 1052 2076
768 1024 2303 990 1065 2032
1024 1024 2303 1135 1084 1994
1280 1024 2303 1283 1104 2012
1536 1024 2303 1451 1123 2047
1792 1024 2303 1622 1161 2032
2048 1024 2303 1801 1200 2041
2303 1024 2303 1987 1239 2060
2559 1024 2303 2182 1280 2082
2815 1024 2303 2382 1322 2106
3071 1024 2303 2586 1365 2129
3327 1024 2303 2793 1410 2151
3583 1024 2303 3003 1457 2172
3839 1024 2303 3215 1505 2192
4095 1024 2303 3456 1528 2213
0 1280 2303 850 1280 2113
256 1280 2303 874 1280 2106
512 1280 2303 955 1284 2084
768 1280 2303 1073 1291 2053
1024 1280 2303 1208 1304 2028
1280 1280 2303 1348 1320 2045
1536 1280 2303 1506 1320 2175
1792 1280 2303 1700 1335 2178
2048 1280 2303 1875 1375 2126
2303 1280 2303 2043 1420 2104
2559 1280 2303 2221 1464 2108
2815 1280 2303 2408 1507 2123
3071 1280 2303 2601 1550 2143
3327 1280 2303 2800 1594 2165
3583 1280 2303 3003 1639 2186
3839 1280 2303 3218 1677 2208
4095 1280 2303 3476 1684 2228
0 1536 2303 972 1517 2121
256 1536 2303 994 1518 2117
512 1536 2303 1062 1519 2102
768 1536 2303 1168 1524 2082
1024 1536 2303 1294 1533 2066
1280 1536 2303 1424 1546 2081
1536 1536 2303 1560 1554 2186
1792 1536 2303 1746 1566 2189
2048 1536 2303 1941 1581 2192
2303 1536 2303 2140 1598 2196
2559 1536 2303 2321 1633 2181
2815 1536 2303 2482 1683 2169
3071 1536 2303 2656 1731 2176
3327 1536 2303 2839 1777 2192
3583 1536 2303 3029 1822 2211
3839 1536 2303 3247 1854 2232
4095 1536 2303 3501 1861 2247
0 1792 2303 1102 1756 2140
256 1792 2303 1120 1756 2137
512 1792 2303 1180 1757 2128
768 1792 2303 1275 1760 2116
1024 1792 2303 1390 1766 2108
1280 1792 2303 1510 1778 2120
1536 1792 2303 1623 1792 2199
1792 1792 2303 1802 1803 2202
2048 1792 2303 1990 1815 2205
2303 1792 2303 2184 1830 2209
2559 1792 2303 2383 1846 2213
2815 1792 2303 2586 1864 2217
3071 1792 2303 2777 1893 2220
3327 1792 2303 2905 1963 2224
3583 1792 2303 3073 2014 2242
3839 1792 2303 3282 2045 2260
4095 1792 2303 3532 2053 2269
0 2048 2303 1238 1996 2166
256 2048 2303 1253 1996 2165
512 2048 2303 1305 1996 2161
768 2048 2303 1390 1998 2155
1024 2048 2303 1496 2003 2153
1280 2048 2303 1607 2013 2162
1536 2048 2303 1703 2031 2206
1792 2048 2303 1865 2042 2217
2048 2048 2303 2046 2053 2220
2303 2048 2303 2234 2065 2224
2559 2048 2303 2429 2080 2228
2815 2048 2303 2628 2095 2233
3071 2048 2303 2830 2113 2238
3327 2048 2303 2974 2163 2253
3583 2048 2303 3124 2215 2276
3839 2048 2303 3323 2247 2293
4095 2048 2303 3567 2256 2295
0 2303 2303 1372 2236 2202
256 2303 2303 1386 2236 2201
512 2303 2303 1432 2236 2200
768 2303 2303 1509 2237 2199
1024 2303 2303 1607 2241 2200
1280 2303 2303 1712 2249 2206
1536 2303 2303 1804 2267 2223
1792 2303 2303 1935 2283 2235
2048 2303 2303 2109 2292 2238
2303 2303 2303 2291 2303 2242
2559 2303 2303 2480 2315 2246
2815 2303 2303 2675 2329 2250
3071 2303 2303 2873 2345 2255
3327 2303 2303 3063 2367 2266
3583 2303 2303 3185 2423 2312
3839 2303 2303 3371 2456 2330
4095 2303 2303 3608 2467 2325
0 2559 2303 1510 2478 2243
256 2559 2303 1522 2478 2243
512 2559 2303 1564 2478 2244
768 2559 2303 1634 2478 2246
1024 2559 2303 1725 2481 2250
1280 2559 2303 1826 2487 2255
1536 2559 2303 1921 2502 2259
1792 2559 2303 2011 2526 2255
2048 2559 2303 2178 2534 2258
2303 2559 2303 2354 2544 2262
2559 2559 2303 2537 2555 2266
2815 2559 2303 2727 2567 2270
3071 2559 2303 2922 2581 2275
3327 2559 2303 3120 2596 2281
3583 2559 2303 3258 2637 2340
3839 2559 2303 3424 2672 2372
4095 2559 2303 3654 2684 2359
0 2815 2303 1652 2720 2288
256 2815 2303 1663 2720 2289
512 2815 2303 1700 2720 2291
768 2815 2303 1763 2720 2295
1024 2815 2303 1848 2722 2301
1280 2815 2303 1944 2727 2306
1536 2815 2303 2040 2739 2307
1792 2815 2303 2119 2762 2290
2048 2815 2303 2253 2777 2280
2303 2815 2303 2422 2786 2284
2559 2815 2303 2600 2796 2288
2815 2815 2303 2785 2807 2292
3071 2815 2303 2975 2819 2297
3327 2815 2303 3169 2833 2303
3583 2815 2303 3358 2850 2322
3839 2815 2303 3486 2892 2418
4095 2815 2303 3705 2907 2396
0 3071 2303 1791 2963 2336
256 3071 2303 1801 2963 2337
512 3071 2303 1835 2963 2340
768 3071 2303 1894 2963 2346
1024 3071 2303 1973 2964 2353
1280 3071 2303 2066 2968 2360
1536 3071 2303 2163 2977 2362
1792 3071 2303 2253 2994 2349
2048 3071 2303 2334 3021 2305
2303 3071 2303 2496 3029 2308
2559 3071 2303 2669 3038 2312
2815 3071 2303 2848 3048 2317
3071 3071 2303 3033 3059 2322
3327 3071 2303 3223 3072 2327
3583 3071 2303 3417 3085 2333
3839 3071 2303 3558 3115 2456
4095 3071 2303 3760 3133 2438
0 3327 2303 1934 3207 2387
256 3327 2303 1943 3206 2388
512 3327 2303 1974 3206 2392
768 3327 2303 2028 3206 2398
1024 3327 2303 2102 3207 2406
1280 3327 2303 2190 3210 2414
1536 3327 2303 2287 3216 2419
1792 3327 2303 2383 3229 2413
2048 3327 2303 2470 3250 2380
2303 3327 2303 2575 3273 2335
2559 3327 2303 2742 3281 2339
2815 3327 2303 2916 3291 2343
3071 3327 2303 3096 3301 2348
3327 3327 2303 3282 3312 2354
3583 3327 2303 3472 3324 2359
3839 3327 2303 3666 3338 2366
4095 3327 2303 3821 3362 2484
0 3583 2303 2077 3450 2440
256 3583 2303 2085 3450 2441
512 3583 2303 2113 3450 2445
768 3583 2303 2163 3450 2452
1024 3583 2303 2232 3451 2461
1280 3583 2303 2317 3453 2470
1536 3583 2303 2411 3457 2477
1792 3583 2303 2510 3466 2477
2048 3583 2303 2605 3482 2459
2303 3583 2303 2691 3507 2404
2559 3583 2303 2819 3525 2368
2815 3583 2303 2988 3534 2372
3071 3583 2303 3163 3543 2377
3327 3583 2303 3345 3554 2382
3583 3583 2303 3531 3565 2388
3839 3583 2303 3721 3577 2394
4095 3583 2303 3885 3593 2543
0 3839 2303 2219 3694 2495
256 3839 2303 2227 3694 2496
512 3839 2303 2253 3694 2500
768 3839 2303 2299 3694 2507
1024 3839 2303 2364 3695 2516
1280 3839 2303 2445 3696 2526
1536 3839 2303 2537 3699 2536
1792 3839 2303 2636 3706 2540
2048 3839 2303 2735 3718 2532
2303 3839 2303 2846 3731 2519
2559 3839 2303 2976 3744 2513
2815 3839 2303 3116 3758 2506
3071 3839 2303 3264 3773 2487
3327 3839 2303 3424 3789 2463
3583 3839 2303 3602 3800 2482
3839 3839 2303 3782 3813 2503
4095 3839 2303 3963 3827 2523
0 4095 2303 2270 3959 2490
256 4095 2303 2276 3959 2490
512 4095 2303 2297 3960 2491
768 4095 2303 2334 3962 2492
1024 4095 2303 2389 3965 2492
1280 4095 2303 2460 3968 2493
1536 4095 2303 2549 3972 2495
1792 4095 2303 2652 3978 2497
2048 4095 2303 2769 3984 2499
2303 4095 2303 2896 3991 2501
2559 4095 2303 3035 3999 2503
2815 4095 2303 3183 4009 2506
3071 4095 2303 3339 4019 2507
3327 4095 2303 3502 4030 2507
3583 4095 2303 3672 4043 2503
3839 4095 2303 3847 4056 2495
4095 4095 2303 4024 4065 2462
0 0 2559 572 428 2380
256 0 2559 592 425 2382
512 0 2559 679 427 2379
768 0 2559 834 451 2368
1024 0 2559 1013 484 2359
1280 0 2559 1203 524 2351
1536 0 2559 1400 571 2346
1792 0 2559 1601 622 2345
2048 0 2559 1804 677 2346
2303 0 2559 2009 735 2350
2559 0 2559 2217 795 2355
2815 0 2559 2425 857 2362
3071 0 2559 2635 920 2371
3327 0 2559 2846 984 2381
3583 0 2559 3057 1049 2391
3839 0 2559 3269 1114 2403
4095 0 2559 3481 1181 2415
0 256 2559 551 469 2382
256 256 2559 596 476 2367
512 256 2559 710 495 2339
768 256 2559 857 519 2324
1024 256 2559 1025 547 2323
1280 256 2559 1209 582 2323
1536 256 2559 1401 624 2324
1792 256 2559 1600 670 2328
2048 256 2559 1802 721 2333
2303 256 2559 2006 775 2340
2559 256 2559 2213 831 2348
2815 256 2559 2422 890 2357
3071 256 2559 2631 950 2367
3327 256 2559 2842 1012 2378
3583 256 2559 3053 1075 2390
3839 256 2559 3266 1139 2402
4095 256 2559 3478 1204 2415
0 512 2559 597 628 2375
256 512 2559 638 632 2360
512 512 2559 756 650 2314
768 512 2559 911 682 2244
1024 512 2559 1064 712 2227
1280 512 2559 1229 739 2244
1536 512 2559 1409 772 2262
1792 512 2559 1599 809 2279
2048 512 2559 1796 851 2296
2303 512 2559 1997 896 2312
2559 512 2559 2203 945 2327
2815 512 2559 2411 996 2342
3071 512 2559 2620 1049 2356
3327 512 2559 2831 1105 2371
3583 512 2559 3042 1162 2385
3839 512 2559 3255 1220 2399
4095 512 2559 3468 1280 2414
0 768 2559 673 834 2363
256 768 2559 707 837 2352
512 768 2559 812 847 2313
768 768 2559 957 868 2253
1024 768 2559 1111 898 2193
1280 768 2559 1265 930 2178
1536 768 2559 1430 959 2202
1792 768 2559 1609 992 2228
2048 768 2559 1797 1028 2253
2303 768 2559 1992 1067 2278
2559 768 2559 2193 1109 2300
2815 768 2559 2399 1153 2322
3071 768 2559 2606 1200 2342
3327 768 2559 2816 1248 2361
3583 768 2559 3027 1299 2380
3839 768 2559 3239 1351 2397
4095 768 2559 3452 1405 2414
0 1024 2559 767 1058 2355
256 1024 2559 796 1060 2346
512 1024 2559 887 1066 2315
768 1024 2559 1020 1079 2265
1024 1024 2559 1167 1100 2217
1280 1024 2559 1316 1125 2198
1536 1024 2559 1474 1146 2229
1792 1024 2559 1643 1181 2227
2048 1024 2559 1820 1217 2241
2303 1024 2559 2005 1254 2262
2559 1024 2559 2198 1293 2286
2815 1024 2559 2396 1334 2310
3071 1024 2559 2599 1377 2334
3327 1024 2559 2805 1421 2356
3583 1024 2559 3014 1467 2378
3839 1024 2559 3224 1514 2399
4095 1024 2559 3462 1539 2424
0 1280 2559 880 1291 2347
256 1280 2559 904 1292 2339
512 1280 2559 982 1296 2316
768 1280 2559 1100 1304 2280
1024 1280 2559 1237 1318 2244
1280 1280 2559 1379 1336 2232
1536 1280 2559 1528 1348 2297
1792 1280 2559 1703 1365 2329
2048 1280 2559 1881 1397 2314
2303 1280 2559 2053 1438 2299
2559 1280 2559 2232 1479 2305
2815 1280 2559 2419 1521 2321
3071 1280 2559 2612 1563 2341
3327 1280 2559 2810 1605 2363
3583 1280 2559 3013 1649 2386
3839 1280 2559 3225 1689 2409
4095 1280 2559 3482 1694 2437
0 1536 2559 996 1527 2352
256 1536 2559 1017 1528 2347
512 1536 2559 1085 1530 2329
768 1536 2559 1192 1535 2302
1024 1536 2559 1319 1544 2277
1280 1536 2559 1454 1558 2270
1536 1536 2559 1592 1571 2324
1792 1536 2559 1759 1576 2409
2048 1536 2559 1952 1589 2425
2303 1536 2559 2149 1606 2429
2559 1536 2559 2315 1653 2382
2815 1536 2559 2483 1700 2368
3071 1536 2559 2660 1745 2373
3327 1536 2559 2845 1789 2388
3583 1536 2559 3036 1833 2407
3839 1536 2559 3253 1864 2431
4095 1536 2559 3507 1870 2455
0 1792 2559 1122 1765 2363
256 1792 2559 1140 1766 2359
512 1792 2559 1199 1767 2348
768 1792 2559 1295 1770 2330
1024 1792 2559 1413 1776 2313
1280 1792 2559 1539 1787 2311
1536 1792 2559 1665 1800 2353
1792 1792 2559 1814 1809 2434
2048 1792 2559 2000 1822 2437
2303 1792 2559 2193 1836 2440
2559 1792 2559 2391 1852 2444
2815 1792 2559 2594 1871 2448
3071 1792 2559 2764 1913 2434
3327 1792 2559 2912 1972 2426
3583 1792 2559 3079 2024 2436
3839 1792 2559 3288 2054 2457
4095 1792 2559 3537 2061 2476
0 2048 2559 1256 2004 2381
256 2048 2559 1271 2004 2379
512 2048 2559 1323 2005 2373
768 2048 2559 1408 2007 2363
1024 2048 2559 1516 2012 2353
1280 2048 2559 1633 2020 2354
1536 2048 2559 1748 2034 2385
1792 2048 2559 1876 2048 2448
2048 2048 2559 2056 2058 2451
2303 2048 2559 2243 2071 2454
2559 2048 2559 2437 2085 2457
2815 2048 2559 2635 2101 2462
3071 2048 2559 2837 2118 2466
3327 2048 2559 2979 2172 2459
3583 2048 2559 3130 2224 2470
3839 2048 2559 3329 2255 2488
4095 2048 2559 3573 2263 2500
0 2303 2559 1387 2244 2411
256 2303 2559 1401 2244 2410
512 2303 2559 1447 2244 2407
768 2303 2559 1525 2245 2402
1024 2303 2559 1625 2248 2397
1280 2303 2559 1735 2255 2400
1536 2303 2559 1843 2269 2418
1792 2303 2559 1946 2287 2464
2048 2303 2559 2118 2297 2466
2303 2303 2559 2300 2308 2469
2559 2303 2559 2488 2320 2473
2815 2303 2559 2682 2334 2477
3071 2303 2559 2880 2350 2482
3327 2303 2559 3062 2376 2487
3583 2303 2559 3189 2432 2506
3839 2303 2559 3376 2463 2523
4095 2303 2559 3613 2473 2528
0 2559 2559 1525 2485 2446
256 2559 2559 1537 2485 2446
512 2559 2559 1578 2485 2445
768 2559 2559 1648 2485 2444
1024 2559 2559 1740 2488 2444
1280 2559 2559 1845 2493 2447
1536 2559 2559 1948 2505 2457
1792 2559 2559 2027 2529 2480
2048 2559 2559 2188 2538 2484
2303 2559 2559 2362 2548 2487
2559 2559 2559 2545 2559 2491
2815 2559 2559 2734 2571 2495
3071 2559 2559 2928 2585 2499
3327 2559 2559 3126 2600 2504
3583 2559 2559 3260 2645 2539
3839 2559 2559 3429 2679 2562
4095 2559 2559 3659 2690 2559
0 2815 2559 1665 2726 2487
256 2815 2559 1676 2726 2487
512 2815 2559 1713 2726 2488
768 2815 2559 1776 2726 2490
1024 2815 2559 1861 2728 2492
1280 2815 2559 1959 2733 2497
1536 2815 2559 2059 2743 2502
1792 2815 2559 2144 2763 2505
2048 2815 2559 2262 2781 2504
2303 2815 2559 2431 2790 2507
2559 2815 2559 2608 2800 2511
2815 2815 2559 2792 2811 2515
3071 2815 2559 2981 2823 2519
3327 2815 2559 3175 2837 2524
3583 2815 2559 3347 2860 2553
3839 2815 2559 3490 2899 2605
4095 2815 2559 3710 2912 2593
0 3071 2559 1804 2969 2532
256 3071 2559 1814 2968 2533
512 3071 2559 1848 2968 2534
768 3071 2559 1906 2968 2538
1024 3071 2559 1985 2970 2543
1280 3071 2559 2079 2973 2548
1536 3071 2559 2177 2981 2552
1792 3071 2559 2268 2997 2550
2048 3071 2559 2342 3025 2526
2303 3071 2559 2504 3033 2529
2559 3071 2559 2676 3041 2533
2815 3071 2559 2855 3052 2537
3071 3071 2559 3040 3063 2541
3327 3071 2559 3229 3075 2546
3583 3071 2559 3423 3089 2551
3839 3071 2559 3559 3121 2647
4095 3071 2559 3765 3137 2631
0 3327 2559 1946 3211 2580
256 3327 2559 1954 3211 2581
512 3327 2559 1985 3211 2583
768 3327 2559 2039 3211 2588
1024 3327 2559 2112 3212 2594
1280 3327 2559 2201 3215 2601
1536 3327 2559 2298 3221 2606
1792 3327 2559 2393 3233 2604
2048 3327 2559 2476 3255 2581
2303 3327 2559 2583 3276 2553
2559 3327 2559 2749 3284 2557
2815 3327 2559 2922 3294 2560
3071 3327 2559 3102 3304 2565
3327 3327 2559 3288 3315 2570
3583 3327 2559 3477 3327 2575
3839 3327 2559 3649 3345 2643
4095 3327 2559 3826 3366 2672
0 3583 2559 2087 3454 2630
256 3583 2559 2095 3454 2631
512 3583 2559 2123 3454 2634
768 3583 2559 2173 3454 2639
1024 3583 2559 2242 3455 2646
1280 3583 2559 2326 3457 2654
1536 3583 2559 2421 3462 2661
1792 3583 2559 2518 3471 2662
2048 3583 2559 2610 3487 2648
2303 3583 2559 2686 3514 2598
2559 3583 2559 2826 3528 2583
2815 3583 2559 2994 3537 2586
3071 3583 2559 3169 3546 2591
3327 3583 2559 3350 3556 2595
3583 3583 2559 3536 3568 2601
3839 3583 2559 3726 3580 2606
4095 3583 2559 3890 3597 2720
0 3839 2559 2228 3698 2682
256 3839 2559 2235 3698 2683
512 3839 2559 2262 3698 2686
768 3839 2559 2308 3698 2692
1024 3839 2559 2373 3698 2700
1280 3839 2559 2454 3700 2709
1536 3839 2559 2545 3703 2717
1792 3839 2559 2643 3710 2721
2048 3839 2559 2741 3722 2715
2303 3839 2559 2847 3737 2702
2559 3839 2559 2975 3750 2695
2815 3839 2559 3114 3764 2685
3071 3839 2559 3260 3781 2662
3327 3839 2559 3417 3799 2623
3583 3839 2559 3599 3809 2628
3839 3839 2559 3785 3821 2634
4095 3839 2559 3968 3831 2703
0 4095 2559 2281 3962 2687
256 4095 2559 2287 3962 2687
512 4095 2559 2307 3963 2688
768 4095 2559 2344 3965 2688
1024 4095 2559 2399 3967 2689
1280 4095 2559 2471 3971 2691
1536 4095 2559 2558 3975 2693
1792 4095 2559 2661 3980 2694
2048 4095 2559 2777 3986 2697
2303 4095 2559 2904 3994 2699
2559 4095 2559 3042 4002 2702
2815 4095 2559 3189 4011 2704
3071 4095 2559 3345 4021 2707
3327 4095 2559 3508 4033 2708
3583 4095 2559 3677 4045 2706
3839 4095 2559 3852 4059 2699
4095 4095 2559 4026 4065 2666
0 0 2815 628 470 2616
256 0 2815 647 468 2618
512 0 2815 718 465 2621
768 0 2815 868 488 2608
1024 0 2815 1041 518 2598
1280 0 2815 1227 555 2590
1536 0 2815 1421 599 2583
1792 0 2815 1620 648 2581
2048 0 2815 1822 700 2580
2303 0 2815 2025 756 2581
2559 0 2815 2231 814 2585
2815 0 2815 2439 874 2591
3071 0 2815 2647 936 2598
3327 0 2815 2857 999 2606
3583 0 2815 3067 1063 2616
3839 0 2815 3278 1127 2626
4095 0 2815 3490 1193 2637
0 256 2815 604 504 2621
256 256 2815 644 511 2607
512 256 2815 749 527 2585
768 256 2815 892 551 2567
1024 256 2815 1055 577 2564
1280 256 2815 1235 610 2562
1536 256 2815 1424 649 2561
1792 256 2815 1620 694 2563
2048 256 2815 1820 743 2566
2303 256 2815 2023 795 2571
2559 256 2815 2228 849 2577
2815 256 2815 2435 907 2585
3071 256 2815 2644 966 2593
3327 256 2815 2854 1027 2603
3583 256 2815 3064 1089 2613
3839 256 2815 3275 1151 2625
4095 256 2815 3487 1215 2636
0 512 2815 645 653 2615
256 512 2815 682 658 2601
512 512 2815 794 675 2557
768 512 2815 947 706 2490
1024 512 2815 1099 736 2465
1280 512 2815 1259 762 2479
1536 512 2815 1436 793 2494
1792 512 2815 1623 829 2509
2048 512 2815 1818 870 2523
2303 512 2815 2016 914 2537
2559 512 2815 2220 961 2551
2815 512 2815 2426 1011 2565
3071 512 2815 2634 1064 2579
3327 512 2815 2843 1118 2592
3583 512 2815 3054 1174 2606
3839 512 2815 3265 1232 2619
4095 512 2815 3477 1292 2633
0 768 2815 715 853 2603
256 768 2815 747 856 2592
512 768 2815 848 866 2554
768 768 2815 990 887 2496
1024 768 2815 1146 918 2429
1280 768 2815 1301 951 2398
1536 768 2815 1461 979 2421
1792 768 2815 1636 1010 2446
2048 768 2815 1821 1045 2471
2303 768 2815 2013 1083 2495
2559 768 2815 2212 1124 2517
2815 768 2815 2415 1167 2538
3071 768 2815 2621 1213 2558
3327 768 2815 2829 1261 2577
3583 768 2815 3039 1311 2595
3839 768 2815 3250 1362 2612
4095 768 2815 3462 1415 2629
0 1024 2815 804 1073 2593
256 1024 2815 832 1075 2584
512 1024 2815 921 1082 2552
768 1024 2815 1051 1095 2504
1024 1024 2815 1199 1116 2448
1280 1024 2815 1350 1143 2408
1536 1024 2815 1504 1170 2415
1792 1024 2815 1669 1201 2426
2048 1024 2815 1843 1234 2445
2303 1024 2815 2026 1270 2468
2559 1024 2815 2217 1308 2493
2815 1024 2815 2413 1348 2518
3071 1024 2815 2614 1389 2542
3327 1024 2815 2819 1433 2565
3583 1024 2815 3026 1478 2587
3839 1024 2815 3235 1525 2608
4095 1024 2815 3468 1552 2636
0 1280 2815 912 1303 2582
256 1280 2815 935 1304 2575
512 1280 2815 1011 1309 2551
768 1280 2815 1128 1317 2512
1024 1280 2815 1267 1332 2469
1280 1280 2815 1411 1351 2439
1536 1280 2815 1559 1371 2451
1792 1280 2815 1720 1395 2469
2048 1280 2815 1892 1421 2488
2303 1280 2815 2067 1456 2492
2559 1280 2815 2246 1495 2502
2815 1280 2815 2433 1535 2520
3071 1280 2815 2625 1576 2541
3327 1280 2815 2823 1617 2564
3583 1280 2815 3025 1660 2587
3839 1280 2815 3233 1701 2612
4095 1280 2815 3488 1705 2649
0 1536 2815 1025 1538 2582
256 1536 2815 1045 1538 2577
512 1536 2815 1111 1541 2559
768 1536 2815 1217 1547 2530
1024 1536 2815 1346 1557 2496
1280 1536 2815 1483 1571 2474
1536 1536 2815 1624 1587 2489
1792 1536 2815 1779 1605 2517
2048 1536 2815 1949 1625 2538
2303 1536 2815 2130 1646 2563
2559 1536 2815 2316 1673 2576
2815 1536 2815 2488 1717 2564
3071 1536 2815 2667 1760 2569
3327 1536 2815 2853 1803 2584
3583 1536 2815 3045 1845 2603
3839 1536 2815 3260 1876 2631
4095 1536 2815 3513 1880 2665
0 1792 2815 1148 1775 2588
256 1792 2815 1165 1775 2584
512 1792 2815 1223 1777 2571
768 1792 2815 1317 1780 2551
1024 1792 2815 1436 1787 2527
1280 1792 2815 1566 1798 2511
1536 1792 2815 1698 1812 2527
1792 1792 2815 1841 1825 2581
2048 1792 2815 2010 1840 2604
2303 1792 2815 2194 1853 2632
2559 1792 2815 2397 1863 2668
2815 1792 2815 2601 1879 2678
3071 1792 2815 2757 1932 2638
3327 1792 2815 2921 1982 2629
3583 1792 2815 3087 2034 2632
3839 1792 2815 3295 2064 2656
4095 1792 2815 3543 2070 2684
0 2048 2815 1277 2013 2601
256 2048 2815 1292 2013 2599
512 2048 2815 1343 2014 2590
768 2048 2815 1428 2017 2576
1024 2048 2815 1537 2021 2561
1280 2048 2815 1658 2030 2552
1536 2048 2815 1782 2042 2566
1792 2048 2815 1903 2055 2640
2048 2048 2815 2067 2065 2682
2303 2048 2815 2253 2077 2685
2559 2048 2815 2446 2091 2688
2815 2048 2815 2644 2107 2692
3071 2048 2815 2845 2124 2696
3327 2048 2815 2989 2179 2668
3583 2048 2815 3138 2234 2665
3839 2048 2815 3336 2264 2684
4095 2048 2815 3579 2271 2707
0 2303 2815 1407 2252 2625
256 2303 2815 1420 2252 2624
512 2303 2815 1465 2253 2618
768 2303 2815 1542 2254 2610
1024 2303 2815 1643 2257 2600
1280 2303 2815 1758 2263 2596
1536 2303 2815 1874 2274 2607
1792 2303 2815 1983 2290 2657
2048 2303 2815 2129 2302 2696
2303 2303 2815 2309 2313 2699
2559 2303 2815 2497 2326 2703
2815 2303 2815 2690 2340 2706
3071 2303 2815 2888 2355 2710
3327 2303 2815 3070 2382 2708
3583 2303 2815 3196 2440 2701
3839 2303 2815 3382 2472 2717
4095 2303 2815 3619 2480 2733
0 2559 2815 1542 2492 2655
256 2559 2815 1554 2492 2654
512 2559 2815 1595 2492 2651
768 2559 2815 1664 2493 2647
1024 2559 2815 1757 2496 2643
1280 2559 2815 1864 2501 2642
1536 2559 2815 1974 2510 2650
1792 2559 2815 2075 2527 2679
2048 2559 2815 2198 2543 2712
2303 2559 2815 2372 2553 2715
2559 2559 2815 2554 2564 2718
2815 2559 2815 2742 2576 2722
3071 2559 2815 2936 2590 2726
3327 2559 2815 3133 2605 2731
3583 2559 2815 3264 2652 2738
3839 2559 2815 3435 2686 2754
4095 2559 2815 3665 2696 2762
0 2815 2815 1680 2733 2691
256 2815 2815 1691 2733 2690
512 2815 2815 1727 2733 2689
768 2815 2815 1791 2733 2688
1024 2815 2815 1876 2735 2688
1280 2815 2815 1976 2739 2690
1536 2815 2815 2081 2748 2696
1792 2815 2815 2179 2763 2710
2048 2815 2815 2272 2785 2730
2303 2815 2815 2440 2794 2733
2559 2815 2815 2617 2804 2736
2815 2815 2815 2800 2815 2740
3071 2815 2815 2989 2827 2744
3327 2815 2815 3182 2841 2748
3583 2815 2815 3347 2868 2766
3839 2815 2815 3495 2906 2795
4095 2815 2815 3715 2918 2794
0 3071 2815 1818 2975 2732
256 3071 2815 1827 2975 2732
512 3071 2815 1861 2975 2732
768 3071 2815 1919 2975 2733
1024 3071 2815 1999 2976 2736
1280 3071 2815 2093 2979 2739
1536 3071 2815 2194 2986 2744
1792 3071 2815 2291 3000 2750
2048 3071 2815 2364 3026 2751
2303 3071 2815 2513 3036 2753
2559 3071 2815 2684 3045 2756
2815 3071 2815 2862 3055 2760
3071 3071 2815 3047 3067 2764
3327 3071 2815 3236 3079 2768
3583 3071 2815 3429 3092 2773
3839 3071 2815 3563 3128 2837
4095 3071 2815 3770 3143 2829
0 3327 2815 1957 3217 2776
256 3327 2815 1966 3217 2777
512 3327 2815 1996 3217 2778
768 3327 2815 2050 3217 2781
1024 3327 2815 2124 3218 2785
1280 3327 2815 2214 3220 2790
1536 3327 2815 2312 3226 2795
1792 3327 2815 2409 3237 2798
2048 3327 2815 2493 3257 2791
2303 3327 2815 2592 3280 2775
2559 3327 2815 2757 3288 2778
2815 3327 2815 2930 3297 2781
3071 3327 2815 3109 3307 2785
3327 3327 2815 3294 3319 2790
3583 3327 2815 3483 3331 2794
3839 3327 2815 3644 3352 2864
4095 3327 2815 3831 3371 2867
0 3583 2815 2098 3460 2824
256 3583 2815 2106 3459 2824
512 3583 2815 2134 3459 2826
768 3583 2815 2184 3459 2830
1024 3583 2815 2253 3460 2835
1280 3583 2815 2338 3462 2842
1536 3583 2815 2432 3466 2848
1792 3583 2815 2530 3475 2851
2048 3583 2815 2621 3491 2844
2303 3583 2815 2692 3519 2809
2559 3583 2815 2834 3532 2801
2815 3583 2815 3001 3540 2805
3071 3583 2815 3176 3549 2809
3327 3583 2815 3357 3560 2813
3583 3583 2815 3542 3571 2818
3839 3583 2815 3732 3583 2823
4095 3583 2815 3895 3602 2909
0 3839 2815 2238 3703 2873
256 3839 2815 2245 3703 2873
512 3839 2815 2271 3703 2876
768 3839 2815 2318 3703 2881
1024 3839 2815 2383 3703 2887
1280 3839 2815 2464 3704 2895
1536 3839 2815 2556 3708 2902
1792 3839 2815 2652 3715 2906
2048 3839 2815 2748 3727 2902
2303 3839 2815 2844 3744 2886
2559 3839 2815 2973 3757 2883
2815 3839 2815 3110 3772 2872
3071 3839 2815 3253 3790 2845
3327 3839 2815 3423 3802 2838
3583 3839 2815 3604 3812 2843
3839 3839 2815 3790 3824 2848
4095 3839 2815 3962 3834 2976
0 4095 2815 2293 3965 2888
256 4095 2815 2299 3965 2889
512 4095 2815 2319 3966 2889
768 4095 2815 2356 3968 2890
1024 4095 2815 2411 3970 2891
1280 4095 2815 2482 3973 2892
1536 4095 2815 2569 3978 2894
1792 4095 2815 2671 3983 2897
2048 4095 2815 2786 3989 2899
2303 4095 2815 2913 3996 2902
2559 4095 2815 3050 4005 2905
2815 4095 2815 3197 4014 2908
3071 4095 2815 3352 4024 2910
3327 4095 2815 3514 4036 2913
3583 4095 2815 3682 4048 2912
3839 4095 2815 3857 4061 2907
4095 4095 2815 4030 4068 2876
0 0 3071 685 512 2851
256 0 3071 702 510 2853
512 0 3071 760 504 2863
768 0 3071 904 526 2847
1024 0 3071 1071 553 2838
1280 0 3071 1253 588 2829
1536 0 3071 1444 629 2821
1792 0 3071 1640 675 2817
2048 0 3071 1840 726 2814
2303 0 3071 2042 779 2814
2559 0 3071 2247 835 2817
2815 0 3071 2453 894 2821
3071 0 3071 2660 954 2827
3327 0 3071 2869 1016 2833
3583 0 3071 3078 1078 2842
3839 0 3071 3289 1142 2851
4095 0 3071 3499 1206 2861
0 256 3071 656 540 2860
256 256 3071 693 547 2848
512 256 3071 789 561 2830
768 256 3071 928 584 2809
1024 256 3071 1086 608 2805
1280 256 3071 1262 639 2801
1536 256 3071 1448 677 2798
1792 256 3071 1642 719 2799
2048 256 3071 1840 766 2799
2303 256 3071 2040 816 2803
2559 256 3071 2244 869 2808
2815 256 3071 2450 926 2813
3071 256 3071 2657 983 2821
3327 256 3071 2866 1043 2829
3583 256 3071 3075 1104 2838
3839 256 3071 3286 1166 2849
4095 256 3071 3497 1229 2859
0 512 3071 695 681 2853
256 512 3071 729 685 2841
512 512 3071 834 701 2801
768 512 3071 983 731 2736
1024 512 3071 1133 760 2708
1280 512 3071 1291 786 2717
1536 512 3071 1464 816 2728
1792 512 3071 1648 851 2741
2048 512 3071 1840 890 2753
2303 512 3071 2037 933 2765
2559 512 3071 2238 979 2778
2815 512 3071 2442 1028 2790
3071 512 3071 2648 1079 2803
3327 512 3071 2857 1133 2815
3583 512 3071 3066 1189 2828
3839 512 3071 3276 1246 2841
4095 512 3071 3487 1304 2854
0 768 3071 759 873 2842
256 768 3071 789 876 2832
512 768 3071 885 887 2796
768 768 3071 1025 907 2739
1024 768 3071 1181 938 2670
1280 768 3071 1337 973 2626
1536 768 3071 1494 1000 2644
1792 768 3071 1665 1030 2669
2048 768 3071 1847 1063 2692
2303 768 3071 2036 1100 2715
2559 768 3071 2233 1140 2737
2815 768 3071 2433 1182 2757
3071 768 3071 2637 1227 2776
3327 768 3071 2844 1274 2795
3583 768 3071 3052 1323 2812
3839 768 3071 3262 1374 2829
4095 768 3071 3473 1426 2846
0 1024 3071 842 1089 2833
256 1024 3071 869 1091 2824
512 1024 3071 954 1098 2794
768 1024 3071 1083 1112 2743
1024 1024 3071 1232 1133 2684
1280 1024 3071 1384 1162 2632
1536 1024 3071 1537 1191 2622
1792 1024 3071 1698 1221 2633
2048 1024 3071 1869 1253 2653
2303 1024 3071 2049 1287 2677
2559 1024 3071 2238 1324 2703
2815 1024 3071 2432 1362 2728
3071 1024 3071 2631 1403 2752
3327 1024 3071 2834 1446 2775
3583 1024 3071 3040 1490 2798
3839 1024 3071 3248 1536 2819
4095 1024 3071 3475 1567 2848
0 1280 3071 945 1316 2820
256 1280 3071 968 1318 2813
512 1280 3071 1042 1322 2788
768 1280 3071 1158 1331 2748
1024 1280 3071 1296 1346 2700
1280 1280 3071 1443 1367 2658
1536 1280 3071 1591 1390 2647
1792 1280 3071 1746 1415 2657
2048 1280 3071 1912 1444 2670
2303 1280 3071 2085 1476 2685
2559 1280 3071 2264 1512 2701
2815 1280 3071 2450 1550 2721
3071 1280 3071 2641 1590 2744
3327 1280 3071 2838 1630 2767
3583 1280 3071 3038 1672 2791
3839 1280 3071 3243 1714 2815
4095 1280 3071 3494 1719 2860
0 1536 3071 1054 1549 2818
256 1536 3071 1074 1550 2812
512 1536 3071 1140 1553 2792
768 1536 3071 1244 1559 2760
1024 1536 3071 1373 1569 2722
1280 1536 3071 1513 1585 2688
1536 1536 3071 1655 1603 2679
1792 1536 3071 1805 1623 2690
2048 1536 3071 1967 1647 2703
2303 1536 3071 2136 1674 2718
2559 1536 3071 2313 1704 2736
2815 1536 3071 2497 1735 2756
3071 1536 3071 2678 1775 2766
3327 1536 3071 2865 1816 2781
3583 1536 3071 3056 1858 2801
3839 1536 3071 3268 1889 2832
4095 1536 3071 3519 1892 2875
0 1792 3071 1172 1785 2820
256 1792 3071 1189 1786 2815
512 1792 3071 1248 1787 2800
768 1792 3071 1342 1792 2775
1024 1792 3071 1461 1799 2747
1280 1792 3071 1593 1810 2721
1536 1792 3071 1729 1824 2716
1792 1792 3071 1873 1841 2730
2048 1792 3071 2029 1861 2744
2303 1792 3071 2195 1883 2760
2559 1792 3071 2370 1907 2779
2815 1792 3071 2555 1932 2802
3071 1792 3071 2750 1955 2828
3327 1792 3071 2927 1996 2828
3583 1792 3071 3098 2046 2829
3839 1792 3071 3303 2076 2855
4095 1792 3071 3549 2080 2894
0 2048 3071 1300 2023 2826
256 2048 3071 1315 2023 2823
512 2048 3071 1365 2024 2812
768 2048 3071 1450 2027 2795
1024 2048 3071 1559 2032 2775
1280 2048 3071 1683 2040 2758
1536 2048 3071 1812 2052 2757
1792 2048 3071 1946 2066 2780
2048 2048 3071 2098 2082 2795
2303 2048 3071 2261 2100 2813
2559 2048 3071 2436 2119 2835
2815 2048 3071 2623 2136 2860
3071 2048 3071 2826 2149 2892
3327 2048 3071 3006 2183 2885
3583 2048 3071 3148 2244 2861
3839 2048 3071 3344 2274 2882
4095 2048 3071 3585 2280 2916
0 2303 3071 1427 2261 2844
256 2303 3071 1440 2261 2842
512 2303 3071 1486 2261 2835
768 2303 3071 1562 2263 2823
1024 2303 3071 1663 2267 2809
1280 2303 3071 1780 2273 2798
1536 2303 3071 1902 2283 2799
1792 2303 3071 2023 2296 2830
2048 2303 3071 2164 2310 2862
2303 2303 3071 2326 2323 2883
2559 2303 3071 2504 2336 2909
2815 2303 3071 2699 2346 2937
3071 2303 3071 2896 2361 2941
3327 2303 3071 3087 2383 2937
3583 2303 3071 3206 2449 2898
3839 2303 3071 3390 2481 2913
4095 2303 3071 3625 2488 2940
0 2559 3071 1559 2500 2869
256 2559 3071 1571 2500 2867
512 2559 3071 1612 2501 2862
768 2559 3071 1682 2502 2855
1024 2559 3071 1775 2504 2847
1280 2559 3071 1884 2509 2841
1536 2559 3071 2000 2517 2843
1792 2559 3071 2113 2531 2866
2048 2559 3071 2212 2548 2939
2303 2559 3071 2383 2558 2945
2559 2559 3071 2564 2569 2948
2815 2559 3071 2751 2582 2951
3071 2559 3071 2944 2595 2955
3327 2559 3071 3140 2610 2959
3583 2559 3071 3273 2660 2938
3839 2559 3071 3443 2695 2948
4095 2559 3071 3671 2703 2968
0 2815 3071 1695 2740 2899
256 2815 3071 1706 2741 2898
512 2815 3071 1743 2741 2896
768 2815 3071 1807 2741 2892
1024 2815 3071 1893 2743 2888
1280 2815 3071 1995 2747 2886
1536 2815 3071 2104 2754 2889
1792 2815 3071 2211 2766 2904
2048 2815 3071 2302 2787 2945
2303 2815 3071 2450 2799 2961
2559 2815 3071 2626 2809 2964
2815 2815 3071 2809 2820 2968
3071 2815 3071 2997 2832 2971
3327 2815 3071 3190 2846 2975
3583 2815 3071 3354 2874 2976
3839 2815 3071 3502 2913 2987
4095 2815 3071 3721 2924 2998
0 3071 3071 1831 2982 2936
256 3071 3071 1841 2982 2935
512 3071 3071 1874 2982 2935
768 3071 3071 1933 2982 2933
1024 3071 3071 2013 2983 2933
1280 3071 3071 2109 2986 2933
1536 3071 3071 2213 2992 2937
1792 3071 3071 2317 3003 2946
2048 3071 3071 2405 3023 2965
2303 3071 3071 2523 3041 2979
2559 3071 3071 2693 3050 2982
2815 3071 3071 2871 3060 2986
3071 3071 3071 3055 3071 2989
3327 3071 3071 3243 3083 2993
3583 3071 3071 3436 3097 2998
3839 3071 3071 3569 3135 3028
4095 3071 3071 3777 3149 3031
0 3327 3071 1970 3223 2976
256 3327 3071 1979 3223 2976
512 3327 3071 2009 3223 2977
768 3327 3071 2063 3223 2978
1024 3327 3071 2137 3224 2979
1280 3327 3071 2228 3226 2982
1536 3327 3071 2328 3231 2986
1792 3327 3071 2429 3241 2992
2048 3327 3071 2520 3258 2998
2303 3327 3071 2601 3284 2999
2559 3327 3071 2766 3292 3002
2815 3327 3071 2938 3301 3005
3071 3327 3071 3117 3311 3009
3327 3327 3071 3301 3323 3013
3583 3327 3071 3490 3335 3017
3839 3327 3071 3646 3359 3065
4095 3327 3071 3837 3376 3066
0 3583 3071 2110 3465 3020
256 3583 3071 2118 3465 3021
512 3583 3071 2146 3465 3022
768 3583 3071 2196 3465 3024
1024 3583 3071 2265 3466 3028
1280 3583 3071 2351 3468 3032
1536 3583 3071 2446 3472 3037
1792 3583 3071 2545 3480 3042
2048 3583 3071 2638 3494 3043
2303 3583 3071 2713 3519 3030
2559 3583 3071 2842 3535 3024
2815 3583 3071 3009 3544 3027
3071 3583 3071 3184 3553 3030
3327 3583 3071 3364 3563 3034
3583 3583 3071 3549 3575 3038
3839 3583 3071 3738 3587 3043
4095 3583 3071 3902 3607 3104
0 3839 3071 2249 3708 3067
256 3839 3071 2257 3708 3068
512 3839 3071 2283 3708 3069
768 3839 3071 2329 3708 3073
1024 3839 3071 2395 3708 3077
1280 3839 3071 2476 3709 3083
1536 3839 3071 2568 3713 3089
1792 3839 3071 2665 3719 3094
2048 3839 3071 2761 3731 3094
2303 3839 3071 2856 3748 3087
2559 3839 3071 2971 3764 3078
2815 3839 3071 3105 3780 3067
3071 3839 3071 3254 3796 3053
3327 3839 3071 3430 3805 3057
3583 3839 3071 3611 3816 3062
3839 3839 3071 3796 3827 3066
4095 3839 3071 3971 3839 3145
0 4095 3071 2308 3968 3093
256 4095 3071 2314 3968 3093
512 4095 3071 2334 3969 3093
768 4095 3071 2371 3971 3094
1024 4095 3071 2425 3973 3095
1280 4095 3071 2495 3977 3097
1536 4095 3071 2581 3981 3099
1792 4095 3071 2683 3986 3101
2048 4095 3071 2797 3993 3104
2303 4095 3071 2923 4000 3107
2559 4095 3071 3060 4008 3111
2815 4095 3071 3206 4017 3115
3071 4095 3071 3360 4028 3118
3327 4095 3071 3521 4039 3120
3583 4095 3071 3689 4051 3121
3839 4095 3071 3863 4065 3118
4095 4095 3071 4043 4078 3095
0 0 3327 741 554 3086
256 0 3327 757 553 3088
512 0 3327 811 547 3099
768 0 3327 941 564 3087
1024 0 3327 1102 589 3078
1280 0 3327 1280 621 3069
1536 0 3327 1468 660 3060
1792 0 3327 1662 703 3054
2048 0 3327 1860 752 3050
2303 0 3327 2060 803 3049
2559 0 3327 2263 857 3050
2815 0 3327 2468 914 3052
3071 0 3327 2675 973 3057
3327 0 3327 2882 1033 3062
3583 0 3327 3091 1095 3069
3839 0 3327 3300 1157 3077
4095 0 3327 3510 1221 3086
0 256 3327 709 577 3099
256 256 3327 742 583 3088
512 256 3327 830 595 3075
768 256 3327 964 617 3054
1024 256 3327 1118 641 3046
1280 256 3327 1290 670 3041
1536 256 3327 1474 705 3037
1792 256 3327 1665 746 3036
2048 256 3327 1861 791 3035
2303 256 3327 2059 839 3036
2559 256 3327 2262 891 3039
2815 256 3327 2466 945 3044
3071 256 3327 2672 1002 3050
3327 256 3327 2879 1060 3057
3583 256 3327 3088 1120 3065
3839 256 3327 3297 1181 3074
4095 256 3327 3507 1243 3084
0 512 3327 744 709 3092
256 512 3327 776 714 3081
512 512 3327 876 729 3044
768 512 3327 1020 758 2982
1024 512 3327 1168 786 2953
1280 512 3327 1323 811 2956
1536 512 3327 1493 840 2965
1792 512 3327 1674 873 2975
2048 512 3327 1864 911 2985
2303 512 3327 2058 953 2996
2559 512 3327 2257 998 3007
2815 512 3327 2460 1046 3017
3071 512 3327 2664 1096 3029
3327 512 3327 2871 1149 3040
3583 512 3327 3079 1204 3052
3839 512 3327 3288 1260 3064
4095 512 3327 3498 1318 3076
0 768 3327 804 895 3081
256 768 3327 833 898 3072
512 768 3327 924 908 3039
768 768 3327 1060 929 2983
1024 768 3327 1216 959 2914
1280 768 3327 1373 995 2860
1536 768 3327 1527 1022 2873
1792 768 3327 1695 1050 2895
2048 768 3327 1874 1083 2917
2303 768 3327 2061 1118 2939
2559 768 3327 2254 1157 2959
2815 768 3327 2453 1198 2978
3071 768 3327 2655 1242 2997
3327 768 3327 2860 1289 3015
3583 768 3327 3067 1337 3032
3839 768 3327 3275 1388 3048
4095 768 3327 3485 1440 3064
0 1024 3327 883 1106 3071
256 1024 3327 909 1108 3062
512 1024 3327 991 1115 3034
768 1024 3327 1116 1129 2985
1024 1024 3327 1265 1151 2923
1280 1024 3327 1419 1180 2865
1536 1024 3327 1569 1206 2861
1792 1024 3327 1729 1235 2868
2048 1024 3327 1899 1268 2876
2303 1024 3327 2075 1304 2891
2559 1024 3327 2261 1340 2916
2815 1024 3327 2453 1378 2941
3071 1024 3327 2650 1418 2965
3327 1024 3327 2851 1459 2989
3583 1024 3327 3056 1503 3011
3839 1024 3327 3262 1548 3032
4095 1024 3327 3482 1584 3060
0 1280 3327 981 1330 3058
256 1280 3327 1003 1332 3051
512 1280 3327 1075 1337 3027
768 1280 3327 1189 1346 2986
1024 1280 3327 1327 1362 2935
1280 1280 3327 1475 1383 2885
1536 1280 3327 1621 1405 2878
1792 1280 3327 1776 1429 2885
2048 1280 3327 1941 1457 2893
2303 1280 3327 2112 1489 2903
2559 1280 3327 2289 1525 2914
2815 1280 3327 2471 1565 2927
3071 1280 3327 2660 1604 2949
3327 1280 3327 2855 1644 2973
3583 1280 3327 3054 1685 2997
3839 1280 3327 3256 1727 3021
4095 1280 3327 3502 1734 3072
0 1536 3327 1086 1561 3054
256 1536 3327 1105 1562 3048
512 1536 3327 1169 1565 3028
768 1536 3327 1272 1572 2994
1024 1536 3327 1402 1583 2952
1280 1536 3327 1542 1599 2911
1536 1536 3327 1683 1617 2899
1792 1536 3327 1833 1637 2906
2048 1536 3327 1992 1661 2915
2303 1536 3327 2159 1688 2924
2559 1536 3327 2332 1719 2936
2815 1536 3327 2511 1754 2948
3071 1536 3327 2693 1791 2963
3327 1536 3327 2879 1831 2980
3583 1536 3327 3070 1872 3001
3839 1536 3327 3277 1904 3033
4095 1536 3327 3526 1905 3086
0 1792 3327 1201 1796 3052
256 1792 3327 1218 1796 3047
512 1792 3327 1274 1799 3032
768 1792 3327 1367 1803 3005
1024 1792 3327 1487 1811 2971
1280 1792 3327 1620 1822 2939
1536 1792 3327 1757 1837 2926
1792 1792 3327 1900 1855 2933
2048 1792 3327 2053 1875 2941
2303 1792 3327 2215 1898 2951
2559 1792 3327 2384 1925 2963
2815 1792 3327 2559 1955 2976
3071 1792 3327 2739 1987 2992
3327 1792 3327 2923 2021 3010
3583 1792 3327 3110 2058 3027
3839 1792 3327 3312 2089 3055
4095 1792 3327 3557 2092 3104
0 2048 3327 1324 2033 3055
256 2048 3327 1339 2033 3051
512 2048 3327 1389 2034 3039
768 2048 3327 1473 2037 3019
1024 2048 3327 1583 2043 2994
1280 2048 3327 1708 2051 2970
1536 2048 3327 1839 2064 2958
1792 2048 3327 1976 2078 2965
2048 2048 3327 2123 2096 2974
2303 2048 3327 2280 2116 2984
2559 2048 3327 2445 2139 2997
2815 2048 3327 2616 2164 3011
3071 2048 3327 2794 2192 3028
3327 2048 3327 2978 2220 3047
3583 2048 3327 3160 2254 3060
3839 2048 3327 3352 2286 3080
4095 2048 3327 3592 2291 3125
0 2303 3327 1448 2270 3069
256 2303 3327 1461 2270 3066
512 2303 3327 1506 2271 3057
768 2303 3327 1583 2273 3042
1024 2303 3327 1685 2277 3023
1280 2303 3327 1802 2283 3006
1536 2303 3327 1928 2293 2997
1792 2303 3327 2058 2306 3004
2048 2303 3327 2200 2321 3013
2303 2303 3327 2352 2338 3025
2559 2303 3327 2512 2358 3038
2815 2303 3327 2681 2379 3054
3071 2303 3327 2858 2402 3073
3327 2303 3327 3044 2423 3095
3583 2303 3327 3219 2457 3098
3839 2303 3327 3399 2491 3110
4095 2303 3327 3632 2497 3148
0 2559 3327 1579 2509 3087
256 2559 3327 1590 2509 3085
512 2559 3327 1631 2510 3079
768 2559 3327 1700 2511 3069
1024 2559 3327 1794 2514 3056
1280 2559 3327 1905 2518 3045
1536 2559 3327 2024 2526 3040
1792 2559 3327 2145 2538 3051
2048 2559 3327 2280 2551 3063
2303 2559 3327 2427 2566 3076
2559 2559 3327 2584 2582 3092
2815 2559 3327 2752 2600 3111
3071 2559 3327 2932 2616 3133
3327 2559 3327 3128 2629 3161
3583 2559 3327 3286 2667 3142
3839 2559 3327 3451 2704 3143
4095 2559 3327 3678 2712 3175
0 2815 3327 1712 2749 3112
256 2815 3327 1723 2749 3111
512 2815 3327 1760 2749 3107
768 2815 3327 1823 2750 3101
1024 2815 3327 1910 2752 3093
1280 2815 3327 2013 2755 3086
1536 2815 3327 2126 2762 3085
1792 2815 3327 2240 2772 3095
2048 2815 3327 2351 2787 3127
2303 2815 3327 2492 2800 3144
2559 2815 3327 2648 2814 3164
2815 2815 3327 2819 2826 3190
3071 2815 3327 3006 2837 3200
3327 2815 3327 3198 2851 3204
3583 2815 3327 3366 2879 3189
3839 2815 3327 3510 2922 3180
4095 2815 3327 3728 2931 3203
0 3071 3327 1846 2989 3144
256 3071 3327 1856 2989 3143
512 3071 3327 1889 2989 3141
768 3071 3327 1948 2990 3138
1024 3071 3327 2028 2991 3134
1280 3071 3327 2126 2994 3131
1536 3071 3327 2233 2999 3131
1792 3071 3327 2342 3009 3139
2048 3071 3327 2445 3024 3161
2303 3071 3327 2534 3046 3208
2559 3071 3327 2704 3055 3210
2815 3071 3327 2880 3065 3213
3071 3071 3327 3063 3076 3217
3327 3071 3327 3251 3088 3220
3583 3071 3327 3443 3101 3224
3839 3071 3327 3577 3142 3221
4095 3071 3327 3784 3155 3235
0 3327 3327 1985 3230 3180
256 3327 3327 1993 3230 3180
512 3327 3327 2024 3230 3179
768 3327 3327 2078 3230 3178
1024 3327 3327 2152 3231 3177
1280 3327 3327 2243 3233 3177
1536 3327 3327 2345 3238 3179
1792 3327 3327 2451 3246 3185
2048 3327 3327 2550 3260 3198
2303 3327 3327 2628 3284 3221
2559 3327 3327 2775 3296 3228
2815 3327 3327 2947 3306 3231
3071 3327 3327 3125 3316 3235
3327 3327 3327 3309 3327 3238
3583 3327 3327 3498 3339 3242
3839 3327 3327 3653 3366 3261
4095 3327 3327 3844 3382 3268
0 3583 3327 2123 3472 3221
256 3583 3327 2131 3472 3221
512 3583 3327 2159 3472 3221
768 3583 3327 2209 3472 3222
1024 3583 3327 2279 3472 3223
1280 3583 3327 2365 3474 3225
1536 3583 3327 2462 3478 3229
1792 3583 3327 2563 3485 3234
2048 3583 3327 2661 3498 3240
2303 3583 3327 2744 3519 3246
2559 3583 3327 2852 3539 3248
2815 3583 3327 3018 3548 3251
3071 3583 3327 3192 3557 3254
3327 3583 3327 3371 3567 3258
3583 3583 3327 3556 3579 3262
3839 3583 3327 3745 3591 3266
4095 3583 3327 3908 3612 3304
0 3839 3327 2263 3714 3265
256 3839 3327 2270 3714 3265
512 3839 3327 2296 3714 3266
768 3839 3327 2342 3714 3268
1024 3839 3327 2407 3714 3271
1280 3839 3327 2489 3715 3274
1536 3839 3327 2581 3718 3279
1792 3839 3327 2680 3724 3284
2048 3839 3327 2778 3735 3288
2303 3839 3327 2866 3753 3287
2559 3839 3327 2966 3773 3280
2815 3839 3327 3094 3791 3272
3071 3839 3327 3262 3799 3276
3327 3839 3327 3437 3809 3279
3583 3839 3327 3618 3819 3283
3839 3839 3327 3803 3831 3287
4095 3839 3327 3977 3844 3343
0 4095 3327 2326 3972 3299
256 4095 3327 2331 3972 3299
512 4095 3327 2351 3973 3300
768 4095 3327 2388 3974 3301
1024 4095 3327 2440 3977 3302
1280 4095 3327 2511 3980 3304
1536 4095 3327 2597 3985 3306
1792 4095 3327 2697 3990 3309
2048 4095 3327 2811 3996 3312
2303 4095 3327 2935 4003 3315
2559 4095 3327 3071 4012 3319
2815 4095 3327 3217 4021 3323
3071 4095 3327 3370 4031 3328
3327 4095 3327 3531 4042 3331
3583 4095 3327 3697 4055 3334
3839 4095 3327 3870 4068 3334
4095 4095 3327 4049 4081 3314
0 0 3583 797 596 3320
256 0 3583 812 595 3323
512 0 3583 862 590 3334
768 0 3583 979 602 3327
1024 0 3583 1135 626 3317
1280 0 3583 1308 656 3308
1536 0 3583 1493 692 3299
1792 0 3583 1685 733 3292
2048 0 3583 1881 779 3287
2303 0 3583 2079 829 3285
2559 0 3583 2281 881 3284
2815 0 3583 2485 936 3285
3071 0 3583 2690 993 3288
3327 0 3583 2896 1052 3292
3583 0 3583 3104 1113 3298
3839 0 3583 3312 1174 3305
4095 0 3583 3522 1237 3313
0 256 3583 761 615 3338
256 256 3583 790 619 3330
512 256 3583 872 630 3319
768 256 3583 1000 650 3299
1024 256 3583 1152 674 3287
1280 256 3583 1319 702 3281
1536 256 3583 1500 735 3276
1792 256 3583 1688 774 3273
2048 256 3583 1882 817 3271
2303 256 3583 2079 864 3271
2559 256 3583 2280 914 3273
2815 256 3583 2483 967 3276
3071 256 3583 2688 1022 3281
3327 256 3583 2894 1079 3286
3583 256 3583 3102 1137 3293
3839 256 3583 3310 1197 3301
4095 256 3583 3519 1259 3310
0 512 3583 794 739 3332
256 512 3583 823 743 3322
512 512 3583 918 758 3286
768 512 3583 1058 786 3228
1024 512 3583 1202 812 3200
1280 512 3583 1356 838 3197
1536 512 3583 1523 865 3204
1792 512 3583 1701 897 3211
2048 512 3583 1888 934 3219
2303 512 3583 2080 974 3228
2559 512 3583 2278 1018 3237
2815 512 3583 2478 1065 3247
3071 512 3583 2682 1114 3257
3327 512 3583 2887 1166 3267
3583 512 3583 3094 1220 3278
3839 512 3583 3302 1275 3289
4095 512 3583 3511 1332 3300
0 768 3583 850 918 3321
256 768 3583 877 921 3312
512 768 3583 965 931 3280
768 768 3583 1096 951 3227
1024 768 3583 1251 981 3159
1280 768 3583 1404 1012 3119
1536 768 3583 1559 1039 3124
1792 768 3583 1726 1069 3134
2048 768 3583 1902 1103 3145
2303 768 3583 2086 1137 3165
2559 768 3583 2277 1175 3184
2815 768 3583 2474 1216 3202
3071 768 3583 2674 1259 3220
3327 768 3583 2877 1304 3237
3583 768 3583 3082 1352 3253
3839 768 3583 3290 1402 3269
4095 768 3583 3498 1453 3284
0 1024 3583 924 1124 3311
256 1024 3583 949 1126 3303
512 1024 3583 1028 1134 3275
768 1024 3583 1151 1148 3226
1024 1024 3583 1298 1170 3165
1280 1024 3583 1446 1194 3128
1536 1024 3583 1596 1216 3131
1792 1024 3583 1759 1242 3136
2048 1024 3583 1931 1273 3141
2303 1024 3583 2108 1309 3147
2559 1024 3583 2291 1348 3154
2815 1024 3583 2478 1390 3164
3071 1024 3583 2671 1432 3182
3327 1024 3583 2870 1474 3204
3583 1024 3583 3073 1517 3226
3839 1024 3583 3278 1562 3247
4095 1024 3583 3491 1602 3272
0 1280 3583 1018 1345 3297
256 1280 3583 1039 1347 3291
512 1280 3583 1110 1352 3266
768 1280 3583 1221 1362 3226
1024 1280 3583 1359 1378 3173
1280 1280 3583 1501 1396 3139
1536 1280 3583 1645 1415 3143
1792 1280 3583 1803 1437 3147
2048 1280 3583 1970 1463 3152
2303 1280 3583 2143 1493 3158
2559 1280 3583 2323 1527 3165
2815 1280 3583 2506 1565 3173
3071 1280 3583 2692 1606 3182
3327 1280 3583 2880 1652 3192
3583 1280 3583 3072 1697 3207
3839 1280 3583 3272 1740 3230
4095 1280 3583 3510 1750 3283
0 1536 3583 1119 1574 3291
256 1536 3583 1138 1575 3284
512 1536 3583 1201 1579 3264
768 1536 3583 1302 1586 3231
1024 1536 3583 1430 1597 3186
1280 1536 3583 1567 1612 3153
1536 1536 3583 1705 1627 3157
1792 1536 3583 1856 1646 3161
2048 1536 3583 2018 1668 3166
2303 1536 3583 2187 1694 3172
2559 1536 3583 2363 1723 3179
2815 1536 3583 2542 1756 3187
3071 1536 3583 2725 1792 3196
3327 1536 3583 2910 1832 3206
3583 1536 3583 3097 1876 3218
3839 1536 3583 3288 1919 3234
4095 1536 3583 3535 1920 3297
0 1792 3583 1231 1807 3286
256 1792 3583 1248 1808 3281
512 1792 3583 1303 1810 3264
768 1792 3583 1395 1815 3237
1024 1792 3583 1514 1823 3201
1280 1792 3583 1644 1835 3171
1536 1792 3583 1775 1848 3174
1792 1792 3583 1920 1864 3179
2048 1792 3583 2076 1883 3184
2303 1792 3583 2240 1906 3190
2559 1792 3583 2411 1931 3197
2815 1792 3583 2587 1960 3205
3071 1792 3583 2766 1992 3214
3327 1792 3583 2948 2027 3225
3583 1792 3583 3132 2065 3236
3839 1792 3583 3322 2104 3254
4095 1792 3583 3565 2105 3314
0 2048 3583 1351 2043 3285
256 2048 3583 1365 2043 3281
512 2048 3583 1415 2045 3269
768 2048 3583 1498 2049 3247
1024 2048 3583 1607 2054 3219
1280 2048 3583 1731 2063 3194
1536 2048 3583 1855 2075 3195
1792 2048 3583 1994 2089 3200
2048 2048 3583 2143 2105 3205
2303 2048 3583 2301 2125 3211
2559 2048 3583 2467 2147 3219
2815 2048 3583 2638 2172 3227
3071 2048 3583 2814 2201 3236
3327 2048 3583 2992 2232 3247
3583 2048 3583 3174 2266 3259
3839 2048 3583 3362 2299 3278
4095 2048 3583 3600 2302 3334
0 2303 3583 1473 2279 3294
256 2303 3583 1486 2280 3291
512 2303 3583 1530 2281 3282
768 2303 3583 1605 2283 3265
1024 2303 3583 1707 2287 3244
1280 2303 3583 1826 2294 3220
1536 2303 3583 1945 2304 3220
1792 2303 3583 2076 2316 3224
2048 2303 3583 2219 2331 3230
2303 2303 3583 2371 2348 3236
2559 2303 3583 2532 2368 3244
2815 2303 3583 2698 2390 3253
3071 2303 3583 2869 2415 3263
3327 2303 3583 3044 2443 3275
3583 2303 3583 3223 2473 3288
3839 2303 3583 3409 2503 3307
4095 2303 3583 3640 2508 3357
0 2559 3583 1601 2518 3308
256 2559 3583 1612 2518 3306
512 2559 3583 1652 2519 3299
768 2559 3583 1721 2520 3287
1024 2559 3583 1814 2523 3271
1280 2559 3583 1926 2528 3254
1536 2559 3583 2043 2537 3249
1792 2559 3583 2167 2547 3254
2048 2559 3583 2303 2561 3260
2303 2559 3583 2449 2576 3267
2559 2559 3583 2604 2593 3275
2815 2559 3583 2765 2613 3284
3071 2559 3583 2932 2636 3295
3327 2559 3583 3104 2660 3308
3583 2559 3583 3281 2686 3323
3839 2559 3583 3461 2714 3339
4095 2559 3583 3686 2721 3382
0 2815 3583 1732 2757 3329
256 2815 3583 1742 2757 3327
512 2815 3583 1778 2758 3322
768 2815 3583 1842 2759 3314
1024 2815 3583 1928 2761 3303
1280 2815 3583 2033 2765 3292
1536 2815 3583 2147 2771 3285
1792 2815 3583 2266 2781 3289
2048 2815 3583 2395 2792 3295
2303 2815 3583 2535 2806 3303
2559 2815 3583 2684 2822 3312
2815 2815 3583 2840 2840 3323
3071 2815 3583 3003 2859 3336
3327 2815 3583 3173 2880 3351
3583 2815 3583 3350 2901 3369
3839 2815 3583 3521 2931 3375
4095 2815 3583 3736 2940 3410
0 3071 3583 1865 2997 3356
256 3071 3583 1874 2997 3355
512 3071 3583 1907 2997 3352
768 3071 3583 1965 2998 3346
1024 3071 3583 2046 3000 3340
1280 3071 3583 2144 3002 3333
1536 3071 3583 2253 3007 3329
1792 3071 3583 2367 3016 3332
2048 3071 3583 2489 3027 3340
2303 3071 3583 2622 3039 3349
2559 3071 3583 2765 3053 3360
2815 3071 3583 2917 3069 3374
3071 3071 3583 3078 3085 3390
3327 3071 3583 3249 3102 3409
3583 3071 3583 3437 3114 3434
3839 3071 3583 3587 3150 3415
4095 3071 3583 3791 3163 3440
0 3327 3583 2001 3237 3388
256 3327 3583 2010 3237 3387
512 3327 3583 2040 3238 3385
768 3327 3583 2094 3238 3382
1024 3327 3583 2168 3239 3379
1280 3327 3583 2260 3241 3376
1536 3327 3583 2363 3245 3375
1792 3327 3583 2472 3253 3379
2048 3327 3583 2580 3265 3391
2303 3327 3583 2690 3280 3412
2559 3327 3583 2825 3293 3427
2815 3327 3583 2970 3308 3447
3071 3327 3583 3135 3321 3462
3327 3327 3583 3318 3332 3466
3583 3327 3583 3506 3344 3469
3839 3327 3583 3663 3372 3459
4095 3327 3583 3851 3389 3472
0 3583 3583 2138 3478 3425
256 3583 3583 2146 3478 3424
512 3583 3583 2175 3478 3424
768 3583 3583 2224 3479 3423
1024 3583 3583 2294 3479 3422
1280 3583 3583 2380 3481 3421
1536 3583 3583 2478 3485 3422
1792 3583 3583 2582 3491 3426
2048 3583 3583 2686 3502 3435
2303 3583 3583 2780 3519 3451
2559 3583 3583 2862 3544 3475
2815 3583 3583 3028 3552 3478
3071 3583 3583 3201 3561 3481
3327 3583 3583 3380 3572 3484
3583 3583 3583 3564 3583 3488
3839 3583 3583 3752 3595 3491
4095 3583 3583 3915 3618 3507
0 3839 3583 2276 3720 3465
256 3839 3583 2283 3720 3465
512 3839 3583 2309 3720 3466
768 3839 3583 2356 3720 3466
1024 3839 3583 2421 3721 3467
1280 3839 3583 2502 3722 3468
1536 3839 3583 2596 3725 3471
1792 3839 3583 2697 3730 3476
2048 3839 3583 2798 3740 3482
2303 3839 3583 2891 3755 3489
2559 3839 3583 2964 3781 3495
2815 3839 3583 3103 3795 3497
3071 3839 3583 3271 3803 3500
3327 3839 3583 3446 3813 3503
3583 3839 3583 3626 3823 3507
3839 3839 3583 3810 3835 3511
4095 3839 3583 3984 3850 3544
0 4095 3583 2345 3976 3507
256 4095 3583 2350 3976 3507
512 4095 3583 2370 3977 3508
768 4095 3583 2406 3978 3509
1024 4095 3583 2459 3981 3510
1280 4095 3583 2529 3984 3512
1536 4095 3583 2613 3989 3514
1792 4095 3583 2713 3994 3517
2048 4095 3583 2825 4000 3521
2303 4095 3583 2950 4007 3525
2559 4095 3583 3084 4015 3529
2815 4095 3583 3228 4025 3533
3071 4095 3583 3381 4035 3538
3327 4095 3583 3541 4046 3543
3583 4095 3583 3706 4059 3547
3839 4095 3583 3878 4072 3551
4095 4095 3583 4056 4085 3535
0 0 3839 854 638 3554
256 0 3839 867 637 3557
512 0 3839 914 633 3569
768 0 3839 1018 640 3569
1024 0 3839 1169 663 3557
1280 0 3839 1338 691 3548
1536 0 3839 1519 725 3539
1792 0 3839 1709 764 3531
2048 0 3839 1903 808 3525
2303 0 3839 2100 855 3521
2559 0 3839 2300 906 3518
2815 0 3839 2502 960 3518
3071 0 3839 2706 1015 3520
3327 0 3839 2911 1073 3523
3583 0 3839 3118 1132 3528
3839 0 3839 3326 1192 3533
4095 0 3839 3534 1254 3540
0 256 3839 814 653 3577
256 256 3839 838 656 3573
512 256 3839 915 666 3562
768 256 3839 1038 685 3543
1024 256 3839 1186 708 3528
1280 256 3839 1350 734 3522
1536 256 3839 1527 766 3516
1792 256 3839 1713 803 3512
2048 256 3839 1905 844 3508
2303 256 3839 2100 889 3507
2559 256 3839 2299 938 3507
2815 256 3839 2501 989 3509
3071 256 3839 2705 1043 3512
3327 256 3839 2910 1099 3516
3583 256 3839 3116 1156 3522
3839 256 3839 3323 1215 3529
4095 256 3839 3532 1275 3537
0 512 3839 845 770 3571
256 512 3839 872 774 3561
512 512 3839 962 789 3528
768 512 3839 1097 815 3473
1024 512 3839 1237 839 3448
1280 512 3839 1388 863 3444
1536 512 3839 1553 890 3446
1792 512 3839 1729 922 3450
2048 512 3839 1914 958 3455
2303 512 3839 2103 997 3462
2559 512 3839 2299 1040 3469
2815 512 3839 2498 1086 3477
3071 512 3839 2700 1134 3486
3327 512 3839 2903 1185 3495
3583 512 3839 3109 1237 3504
3839 512 3839 3316 1292 3515
4095 512 3839 3524 1348 3525
0 768 3839 898 942 3560
256 768 3839 923 945 3552
512 768 3839 1005 955 3522
768 768 3839 1134 975 3471
1024 768 3839 1278 1000 3425
1280 768 3839 1422 1019 3422
1536 768 3839 1581 1043 3425
1792 768 3839 1752 1071 3428
2048 768 3839 1931 1103 3431
2303 768 3839 2117 1140 3435
2559 768 3839 2307 1180 3439
2815 768 3839 2501 1224 3446
3071 768 3839 2698 1270 3454
3327 768 3839 2898 1317 3466
3583 768 3839 3100 1368 3477
3839 768 3839 3305 1417 3491
4095 768 3839 3513 1468 3506
0 1024 3839 968 1143 3550
256 1024 3839 991 1146 3542
512 1024 3839 1067 1153 3515
768 1024 3839 1186 1167 3470
1024 1024 3839 1324 1186 3426
1280 1024 3839 1461 1201 3428
1536 1024 3839 1615 1221 3431
1792 1024 3839 1782 1244 3433
2048 1024 3839 1959 1271 3437
2303 1024 3839 2141 1302 3441
2559 1024 3839 2329 1337 3445
2815 1024 3839 2520 1375 3450
3071 1024 3839 2714 1418 3456
3327 1024 3839 2910 1463 3462
3583 1024 3839 3106 1512 3469
3839 1024 3839 3304 1564 3477
4095 1024 3839 3506 1615 3490
0 1280 3839 1057 1361 3537
256 1280 3839 1077 1363 3530
512 1280 3839 1145 1368 3506
768 1280 3839 1255 1378 3466
1024 1280 3839 1380 1391 3436
1280 1280 3839 1512 1404 3436
1536 1280 3839 1661 1420 3439
1792 1280 3839 1823 1440 3441
2048 1280 3839 1995 1463 3445
2303 1280 3839 2173 1489 3449
2559 1280 3839 2358 1519 3453
2815 1280 3839 2547 1552 3458
3071 1280 3839 2738 1589 3463
3327 1280 3839 2932 1629 3470
3583 1280 3839 3126 1673 3476
3839 1280 3839 3322 1720 3484
4095 1280 3839 3524 1763 3499
0 1536 3839 1153 1588 3530
256 1536 3839 1172 1589 3524
512 1536 3839 1233 1593 3503
768 1536 3839 1334 1600 3468
1024 1536 3839 1449 1610 3446
1280 1536 3839 1574 1620 3446
1536 1536 3839 1716 1634 3448
1792 1536 3839 1873 1650 3451
2048 1536 3839 2040 1670 3455
2303 1536 3839 2214 1692 3458
2559 1536 3839 2395 1718 3463
2815 1536 3839 2580 1747 3468
3071 1536 3839 2769 1779 3473
3327 1536 3839 2960 1814 3480
3583 1536 3839 3152 1853 3486
3839 1536 3839 3345 1895 3494
4095 1536 3839 3547 1933 3511
0 1792 3839 1262 1819 3523
256 1792 3839 1278 1820 3518
512 1792 3839 1333 1823 3501
768 1792 3839 1424 1828 3472
1024 1792 3839 1529 1835 3457
1280 1792 3839 1646 1845 3458
1536 1792 3839 1782 1856 3461
1792 1792 3839 1932 1870 3463
2048 1792 3839 2093 1887 3467
2303 1792 3839 2263 1907 3471
2559 1792 3839 2439 1929 3475
2815 1792 3839 2621 1954 3480
3071 1792 3839 2806 1982 3486
3327 1792 3839 2994 2014 3492
3583 1792 3839 3183 2048 3499
3839 1792 3839 3374 2085 3506
4095 1792 3839 3575 2118 3525
0 2048 3839 1379 2054 3519
256 2048 3839 1393 2054 3515
512 2048 3839 1442 2056 3501
768 2048 3839 1523 2060 3480
1024 2048 3839 1618 2066 3471
1280 2048 3839 1728 2074 3473
1536 2048 3839 1857 2084 3475
1792 2048 3839 2000 2096 3478
2048 2048 3839 2156 2111 3481
2303 2048 3839 2319 2128 3485
2559 2048 3839 2491 2148 3489
2815 2048 3839 2668 2170 3494
3071 2048 3839 2849 2195 3500
3327 2048 3839 3033 2223 3506
3583 2048 3839 3220 2254 3513
3839 2048 3839 3408 2287 3521
4095 2048 3839 3608 2315 3542
0 2303 3839 1497 2290 3524
256 2303 3839 1510 2290 3521
512 2303 3839 1554 2291 3510
768 2303 3839 1629 2294 3492
1024 2303 3839 1716 2299 3487
1280 2303 3839 1819 2306 3489
1536 2303 3839 1940 2315 3491
1792 2303 3839 2077 2326 3494
2048 2303 3839 2226 2339 3498
2303 2303 3839 2384 2354 3502
2559 2303 3839 2550 2371 3506
2815 2303 3839 2722 2391 3511
3071 2303 3839 2899 2414 3517
3327 2303 3839 3079 2439 3523
3583 2303 3839 3262 2466 3530
3839 2303 3839 3447 2497 3538
4095 2303 3839 3648 2519 3564
0 2559 3839 1623 2527 3534
256 2559 3839 1634 2528 3531
512 2559 3839 1674 2529 3523
768 2559 3839 1740 2531 3511
1024 2559 3839 1822 2535 3506
1280 2559 3839 1918 2541 3508
1536 2559 3839 2033 2549 3511
1792 2559 3839 2162 2558 3513
2048 2559 3839 2305 2570 3517
2303 2559 3839 2457 2584 3521
2559 2559 3839 2617 2599 3525
2815 2559 3839 2784 2617 3531
3071 2559 3839 2956 2638 3536
3327 2559 3839 3132 2660 3543
3583 2559 3839 3311 2686 3551
3839 2559 3839 3491 2714 3559
4095 2559 3839 3694 2731 3589
0 2815 3839 1753 2766 3549
256 2815 3839 1763 2766 3547
512 2815 3839 1799 2767 3541
768 2815 3839 1862 2768 3530
1024 2815 3839 1937 2772 3528
1280 2815 3839 2026 2777 3530
1536 2815 3839 2134 2784 3532
1792 2815 3839 2257 2793 3535
2048 2815 3839 2392 2803 3539
2303 2815 3839 2538 2816 3543
2559 2815 3839 2692 2830 3548
2815 2815 3839 2854 2846 3553
3071 2815 3839 3020 2865 3559
3327 2815 3839 3191 2886 3566
3583 2815 3839 3365 2909 3574
3839 2815 3839 3542 2935 3583
4095 2815 3839 3744 2949 3616
0 3071 3839 1883 3006 3572
256 3071 3839 1893 3006 3571
512 3071 3839 1926 3006 3567
768 3071 3839 1984 3007 3559
1024 3071 3839 2058 3009 3554
1280 3071 3839 2143 3014 3555
1536 3071 3839 2244 3020 3557
1792 3071 3839 2360 3028 3560
2048 3071 3839 2489 3038 3564
2303 3071 3839 2628 3049 3568
2559 3071 3839 2776 3062 3573
2815 3071 3839 2931 3077 3579
3071 3071 3839 3093 3094 3586
3327 3071 3839 3258 3113 3593
3583 3071 3839 3427 3135 3602
3839 3071 3839 3599 3158 3612
4095 3071 3839 3799 3171 3645
0 3327 3839 2018 3246 3600
256 3327 3839 2026 3246 3599
512 3327 3839 2056 3246 3596
768 3327 3839 2110 3246 3591
1024 3327 3839 2183 3248 3586
1280 3327 3839 2269 3251 3584
1536 3327 3839 2364 3257 3586
1792 3327 3839 2473 3264 3589
2048 3327 3839 2595 3273 3593
2303 3327 3839 2727 3283 3598
2559 3327 3839 2868 3295 3604
2815 3327 3839 3018 3309 3610
3071 3327 3839 3173 3325 3618
3327 3327 3839 3333 3342 3627
3583 3327 3839 3498 3362 3637
3839 3327 3839 3667 3383 3650
4095 3327 3839 3859 3397 3677
0 3583 3839 2153 3486 3633
256 3583 3839 2161 3486 3632
512 3583 3839 2189 3486 3630
768 3583 3839 2239 3486 3628
1024 3583 3839 2309 3487 3624
1280 3583 3839 2395 3489 3621
1536 3583 3839 2492 3493 3621
1792 3583 3839 2595 3499 3624
2048 3583 3839 2710 3508 3629
2303 3583 3839 2834 3517 3634
2559 3583 3839 2969 3529 3641
2815 3583 3839 3110 3542 3649
3071 3583 3839 3259 3556 3660
3327 3583 3839 3413 3573 3672
3583 3583 3839 3574 3590 3688
3839 3583 3839 3753 3603 3709
4095 3583 3839 3923 3625 3710
0 3839 3839 2290 3727 3670
256 3839 3839 2297 3727 3669
512 3839 3839 2323 3727 3669
768 3839 3839 2369 3727 3668
1024 3839 3839 2435 3728 3667
1280 3839 3839 2517 3729 3666
1536 3839 3839 2612 3732 3666
1792 3839 3839 2714 3737 3669
2048 3839 3839 2820 3745 3675
2303 3839 3839 2927 3757 3684
2559 3839 3839 3042 3771 3695
2815 3839 3839 3159 3788 3710
3071 3839 3839 3281 3808 3727
3327 3839 3839 3455 3817 3730
3583 3839 3839 3634 3828 3733
3839 3839 3839 3818 3839 3737
4095 3839 3839 3991 3856 3746
0 4095 3839 2367 3980 3716
256 4095 3839 2373 3980 3716
512 4095 3839 2393 3981 3717
768 4095 3839 2428 3983 3718
1024 4095 3839 2480 3985 3719
1280 4095 3839 2548 3989 3721
1536 4095 3839 2633 3993 3724
1792 4095 3839 2731 3998 3727
2048 4095 3839 2843 4004 3730
2303 4095 3839 2965 4011 3734
2559 4095 3839 3100 4020 3739
2815 4095 3839 3243 4029 3744
3071 4095 3839 3394 4039 3749
3327 4095 3839 3553 4050 3755
3583 4095 3839 3717 4063 3760
3839 4095 3839 3888 4076 3766
4095 4095 3839 4065 4090 3760
0 0 4095 910 680 3788
256 0 4095 922 679 3791
512 0 4095 966 676 3803
768 0 4095 1057 678 3811
1024 0 4095 1204 700 3798
1280 0 4095 1369 727 3788
1536 0 4095 1547 759 3779
1792 0 4095 1733 794 3775
2048 0 4095 1925 834 3770
2303 0 4095 2121 877 3769
2559 0 4095 2322 922 3769
2815 0 4095 2524 972 3770
3071 0 4095 2729 1023 3772
3327 0 4095 2936 1075 3776
3583 0 4095 3143 1132 3778
3839 0 4095 3352 1189 3783
4095 0 4095 3563 1246 3789
0 256 4095 868 692 3816
256 256 4095 886 693 3816
512 256 4095 959 702 3805
768 256 4095 1077 720 3788
1024 256 4095 1220 741 3775
1280 256 4095 1380 766 3767
1536 256 4095 1554 795 3764
1792 256 4095 1737 828 3761
2048 256 4095 1928 864 3762
2303 256 4095 2123 904 3764
2559 256 4095 2323 949 3765
2815 256 4095 2525 996 3767
3071 256 4095 2730 1045 3771
3327 256 4095 2937 1096 3775
3583 256 4095 3144 1151 3777
3839 256 4095 3353 1206 3783
4095 256 4095 3563 1263 3789
0 512 4095 895 802 3810
256 512 4095 921 806 3801
512 512 4095 1004 819 3773
768 512 4095 1118 836 3749
1024 512 4095 1248 851 3748
1280 512 4095 1400 870 3750
1536 512 4095 1569 894 3751
1792 512 4095 1749 922 3753
2048 512 4095 1937 953 3756
2303 512 4095 2131 989 3759
2559 512 4095 2330 1028 3762
2815 512 4095 2531 1070 3766
3071 512 4095 2736 1116 3770
3327 512 4095 2942 1163 3774
3583 512 4095 3149 1213 3779
3839 512 4095 3358 1265 3784
4095 512 4095 3567 1319 3791
0 768 4095 945 967 3800
256 768 4095 969 970 3793
512 768 4095 1043 979 3771
768 768 4095 1149 991 3754
1024 768 4095 1277 1003 3751
1280 768 4095 1425 1019 3753
1536 768 4095 1590 1039 3754
1792 768 4095 1768 1062 3756
2048 768 4095 1954 1089 3759
2303 768 4095 2146 1120 3762
2559 768 4095 2343 1154 3765
2815 768 4095 2544 1191 3769
3071 768 4095 2747 1231 3773
3327 768 4095 2952 1273 3777
3583 768 4095 3159 1318 3782
3839 768 4095 3367 1366 3787
4095 768 4095 3575 1415 3793
0 1024 4095 1012 1164 3790
256 1024 4095 1033 1166 3783
512 1024 4095 1101 1172 3765
768 1024 4095 1197 1180 3756
1024 1024 4095 1317 1190 3756
1280 1024 4095 1461 1203 3757
1536 1024 4095 1622 1219 3759
1792 1024 4095 1796 1238 3761
2048 1024 4095 1979 1261 3763
2303 1024 4095 2168 1287 3766
2559 1024 4095 2363 1316 3769
2815 1024 4095 2562 1347 3773
3071 1024 4095 2763 1382 3777
3327 1024 4095 2967 1419 3782
3583 1024 4095 3173 1459 3787
3839 1024 4095 3380 1501 3792
4095 1024 4095 3588 1545 3798
0 1280 4095 1093 1378 3780
256 1280 4095 1111 1379 3776
512 1280 4095 1168 1383 3766
768 1280 4095 1256 1389 3761
1024 1280 4095 1370 1397 3762
1280 1280 4095 1507 1408 3763
1536 1280 4095 1663 1421 3765
1792 1280 4095 1832 1437 3767
2048 1280 4095 2012 1456 3770
2303 1280 4095 2198 1478 3773
2559 1280 4095 2390 1502 3776
2815 1280 4095 2586 1529 3779
3071 1280 4095 2786 1559 3784
3327 1280 4095 2988 1591 3788
3583 1280 4095 3192 1626 3793
3839 1280 4095 3397 1663 3798
4095 1280 4095 3604 1702 3804
0 1536 4095 1181 1602 3778
256 1536 4095 1197 1602 3775
512 1536 4095 1247 1605 3770
768 1536 4095 1326 1610 3769
1024 1536 4095 1433 1616 3770
1280 1536 4095 1564 1625 3771
1536 1536 4095 1714 1636 3773
1792 1536 4095 1878 1650 3775
2048 1536 4095 2052 1666 3778
2303 1536 4095 2234 1685 3780
2559 1536 4095 2423 1706 3784
2815 1536 4095 2616 1729 3787
3071 1536 4095 2814 1755 3791
3327 1536 4095 3013 1783 3796
3583 1536 4095 3216 1813 3801
3839 1536 4095 3419 1846 3806
4095 1536 4095 3625 1880 3812
0 1792 4095 1277 1831 3781
256 1792 4095 1290 1832 3780
512 1792 4095 1333 1834 3778
768 1792 4095 1405 1838 3779
1024 1792 4095 1506 1843 3780
1280 1792 4095 1630 1851 3781
1536 1792 4095 1773 1861 3783
1792 1792 4095 1931 1872 3785
2048 1792 4095 2101 1886 3787
2303 1792 4095 2278 1902 3790
2559 1792 4095 2463 1920 3793
2815 1792 4095 2653 1940 3797
3071 1792 4095 2847 1963 3801
3327 1792 4095 3045 1987 3805
3583 1792 4095 3244 2014 3810
3839 1792 4095 3446 2043 3815
4095 1792 4095 3650 2073 3821
0 2048 4095 1377 2065 3789
256 2048 4095 1388 2066 3789
512 2048 4095 1426 2067 3789
768 2048 4095 1493 2071 3790
1024 2048 4095 1587 2076 3791
1280 2048 4095 1705 2082 3792
1536 2048 4095 1841 2090 3794
1792 2048 4095 1993 2101 3796
2048 2048 4095 2157 2113 3798
2303 2048 4095 2329 2126 3801
2559 2048 4095 2510 2142 3804
2815 2048 4095 2696 2160 3808
3071 2048 4095 2887 2180 3812
3327 2048 4095 3081 2201 3817
3583 2048 4095 3278 2225 3821
3839 2048 4095 3478 2250 3827
4095 2048 4095 3679 2278 3832
0 2303 4095 1480 2301 3802
256 2303 4095 1490 2302 3802
512 2303 4095 1525 2303 3802
768 2303 4095 1588 2306 3803
1024 2303 4095 1676 2310 3804
1280 2303 4095 1786 2316 3805
1536 2303 4095 1916 2323 3807
1792 2303 4095 2061 2332 3809
2048 2303 4095 2219 2343 3812
2303 2303 4095 2386 2355 3814
2559 2303 4095 2562 2369 3817
2815 2303 4095 2744 2385 3821
3071 2303 4095 2931 2402 3825
3327 2303 4095 3123 2421 3829
3583 2303 4095 3317 2442 3834
3839 2303 4095 3514 2465 3839
4095 2303 4095 3713 2490 3845
0 2559 4095 1589 2540 3817
256 2559 4095 1599 2541 3817
512 2559 4095 1631 2542 3817
768 2559 4095 1689 2545 3818
1024 2559 4095 1771 2548 3819
1280 2559 4095 1875 2553 3820
1536 2559 4095 1998 2560 3822
1792 2559 4095 2136 2568 3824
2048 2559 4095 2288 2577 3826
2303 2559 4095 2450 2588 3829
2559 2559 4095 2621 2600 3832
2815 2559 4095 2799 2614 3836
3071 2559 4095 2982 2630 3840
3327 2559 4095 3169 2647 3844
3583 2559 4095 3361 2666 3849
3839 2559 4095 3555 2687 3854
4095 2559 4095 3752 2709 3860
0 2815 4095 1703 2781 3834
256 2815 4095 1711 2781 3834
512 2815 4095 1741 2783 3834
768 2815 4095 1794 2785 3835
1024 2815 4095 1871 2788 3836
1280 2815 4095 1969 2793 3837
1536 2815 4095 2085 2799 3839
1792 2815 4095 2218 2806 3841
2048 2815 4095 2364 2814 3843
2303 2815 4095 2520 2824 3846
2559 2815 4095 2685 2835 3849
2815 2815 4095 2858 2848 3853
3071 2815 4095 3038 2862 3856
3327 2815 4095 3221 2877 3861
3583 2815 4095 3409 2894 3866
3839 2815 4095 3601 2913 3871
4095 2815 4095 3795 2933 3876
0 3071 4095 1819 3023 3852
256 3071 4095 1827 3023 3852
512 3071 4095 1855 3024 3853
768 3071 4095 1905 3026 3853
1024 3071 4095 1976 3029 3854
1280 3071 4095 2068 3034 3856
1536 3071 4095 2178 3039 3857
1792 3071 4095 2305 3045 3859
2048 3071 4095 2444 3053 3862
2303 3071 4095 2595 3061 3864
2559 3071 4095 2755 3072 3867
2815 3071 4095 2924 3083 3871
3071 3071 4095 3098 3096 3875
3327 3071 4095 3278 3110 3879
3583 3071 4095 3463 3125 3884
3839 3071 4095 3651 3142 3889
4095 3071 4095 3842 3160 3895
0 3327 4095 1939 3266 3873
256 3327 4095 1946 3266 3873
512 3327 4095 1972 3267 3873
768 3327 4095 2018 3269 3874
1024 3327 4095 2085 3272 3875
1280 3327 4095 2172 3275 3876
1536 3327 4095 2276 3280 3878
1792 3327 4095 2396 3286 3880
2048 3327 4095 2530 3293 3882
2303 3327 4095 2675 3301 3885
2559 3327 4095 2830 3310 3888
2815 3327 4095 2994 3320 3891
3071 3327 4095 3164 3332 3895
3327 3327 4095 3340 3345 3899
3583 3327 4095 3521 3359 3904
3839 3327 4095 3706 3374 3909
4095 3327 4095 3894 3391 3915
0 3583 4095 2060 3509 3895
256 3583 4095 2067 3510 3895
512 3583 4095 2091 3510 3895
768 3583 4095 2134 3512 3896
1024 3583 4095 2197 3515 3897
1280 3583 4095 2279 3518 3898
1536 3583 4095 2378 3522 3900
1792 3583 4095 2492 3528 3902
2048 3583 4095 2620 3534 3904
2303 3583 4095 2760 3541 3907
2559 3583 4095 2910 3550 3910
2815 3583 4095 3069 3559 3913
3071 3583 4095 3234 3570 3917
3327 3583 4095 3406 3581 3921
3583 3583 4095 3583 3594 3926
3839 3583 4095 3765 3608 3931
4095 3583 4095 3949 3624 3937
0 3839 4095 2183 3754 3919
256 3839 4095 2189 3754 3919
512 3839 4095 2211 3755 3919
768 3839 4095 2252 3756 3920
1024 3839 4095 2311 3758 3921
1280 3839 4095 2388 3762 3922
1536 3839 4095 2482 3766 3924
1792 3839 4095 2591 3770 3926
2048 3839 4095 2714 3776 3928
2303 3839 4095 2848 3783 3931
2559 3839 4095 2993 3791 3934
2815 3839 4095 3147 3799 3937
3071 3839 4095 3309 3809 3941
3327 3839 4095 3477 3820 3945
3583 3839 4095 3650 3831 3950
3839 3839 4095 3828 3844 3955
4095 3839 4095 4009 3859 3960
0 4095 4095 2304 3999 3945
256 4095 4095 2310 3999 3945
512 4095 4095 2331 4000 3945
768 4095 4095 2369 4001 3946
1024 4095 4095 2425 4003 3947
1280 4095 4095 2498 4006 3948
1536 4095 4095 2587 4010 3949
1792 4095 4095 2692 4014 3951
2048 4095 4095 2810 4020 3954
2303 4095 4095 2939 4026 3956
2559 4095 4095 3079 4033 3959
2815 4095 4095 3228 4041 3963
3071 4095 4095 3385 4050 3967
3327 4095 4095 3549 4060 3971
3583 4095 4095 3719 4070 3975
3839 4095 4095 3894 4082 3980
4095 4095 4095 4073 4095 3986
