0 0 0 0 0 0
256 0 0 242 42 10
512 0 0 486 106 70
768 0 0 729 148 96
1024 0 0 971 182 105
1280 0 0 1209 213 72
1536 0 0 1449 247 28
1792 0 0 1692 299 77
2048 0 0 1932 338 65
2303 0 0 2171 383 71
2559 0 0 2411 423 57
2815 0 0 2651 470 68
3071 0 0 2890 513 62
3327 0 0 3136 528 0
3583 0 0 3366 602 57
3839 0 0 3618 609 0
4095 0 0 3842 687 0
0 256 0 82 253 39
256 256 0 250 254 29
512 256 0 487 261 28
768 256 0 726 274 24
1024 256 0 967 291 17
1280 256 0 1208 313 0
1536 256 0 1449 339 0
1792 256 0 1690 367 0
2048 256 0 1931 397 0
2303 256 0 2172 430 0
2559 256 0 2413 463 0
2815 256 0 2654 498 0
3071 256 0 2894 542 0
3327 256 0 3136 573 0
3583 256 0 3374 620 0
3839 256 0 3619 646 0
4095 256 0 3839 727 64
0 512 0 210 516 155
256 512 0 282 505 71
512 512 0 502 508 70
768 512 0 736 514 64
1024 512 0 974 522 54
1280 512 0 1213 534 54
1536 512 0 1453 547 41
1792 512 0 1693 563 23
2048 512 0 1934 582 0
2303 512 0 2174 603 0
2559 512 0 2415 626 0
2815 512 0 2656 651 0
3071 512 0 2897 677 0
3327 512 0 3138 705 0
3583 512 0 3379 734 0
3839 512 0 3621 764 0
4095 512 0 3839 833 85
0 768 0 263 770 172
256 768 0 328 756 96
512 768 0 526 758 92
768 768 0 752 762 92
1024 768 0 985 767 86
1280 768 0 1222 774 82
1536 768 0 1460 783 78
1792 768 0 1699 794 75
2048 768 0 1939 806 66
2303 768 0 2179 820 58
2559 768 0 2419 836 46
2815 768 0 2660 854 12
3071 768 0 2900 873 0
3327 768 0 3141 894 0
3583 768 0 3382 916 0
3839 768 0 3623 939 0
4095 768 0 3848 984 76
0 1024 0 328 1014 161
256 1024 0 388 1009 133
512 1024 0 563 1010 131
768 1024 0 777 1013 129
1024 1024 0 1003 1016 123
1280 1024 0 1236 1021 123
1536 1024 0 1471 1027 115
1792 1024 0 1708 1034 109
2048 1024 0 1947 1044 110
2303 1024 0 2185 1054 100
2559 1024 0 2425 1066 93
2815 1024 0 2665 1079 86
3071 1024 0 2905 1094 78
3327 1024 0 3145 1110 63
3583 1024 0 3386 1127 46
3839 1024 0 3627 1145 0
4095 1024 0 3846 1183 127
0 1280 0 399 1260 162
256 1280 0 452 1260 154
512 1280 0 605 1260 153
768 1280 0 806 1262 152
1024 1280 0 1025 1265 149
1280 1280 0 1253 1269 149
1536 1280 0 1485 1274 145
1792 1280 0 1720 1280 142
2048 1280 0 1957 1287 141
2303 1280 0 2194 1295 135
2559 1280 0 2433 1304 130
2815 1280 0 2672 1315 125
3071 1280 0 2911 1326 119
3327 1280 0 3151 1339 112
3583 1280 0 3391 1353 105
3839 1280 0 3632 1367 94
4095 1280 0 3858 1391 134
0 1536 0 491 1514 209
256 1536 0 522 1511 186
512 1536 0 657 1512 185
768 1536 0 843 1514 185
1024 1536 0 1053 1516 182
1280 1536 0 1275 1519 181
1536 1536 0 1503 1523 178
1792 1536 0 1735 1527 174
2048 1536 0 1970 1533 175
2303 1536 0 2205 1540 168
2559 1536 0 2443 1547 164
2815 1536 0 2680 1556 162
3071 1536 0 2919 1565 157
3327 1536 0 3159 1576 151
3583 1536 0 3398 1587 145
3839 1536 0 3638 1599 140
4095 1536 0 3855 1620 185
0 1792 0 558 1763 218
256 1792 0 596 1763 217
512 1792 0 714 1763 216
768 1792 0 887 1765 215
1024 1792 0 1087 1766 214
1280 1792 0 1302 1769 213
1536 1792 0 1525 1772 210
1792 1792 0 1754 1776 208
2048 1792 0 1986 1781 207
2303 1792 0 2219 1787 201
2559 1792 0 2454 1793 200
2815 1792 0 2691 1800 197
3071 1792 0 2929 1808 190
3327 1792 0 3167 1817 189
3583 1792 0 3406 1826 182
3839 1792 0 3645 1836 177
4095 1792 0 3872 1849 196
0 2048 0 648 2013 258
256 2048 0 670 2014 247
512 2048 0 771 2014 239
768 2048 0 931 2015 238
1024 2048 0 1122 2017 238
1280 2048 0 1330 2019 237
1536 2048 0 1549 2022 236
1792 2048 0 1775 2026 235
2048 2048 0 2004 2030 233
2303 2048 0 2235 2035 231
2559 2048 0 2469 2040 229
2815 2048 0 2704 2046 226
3071 2048 0 2941 2053 224
3327 2048 0 3178 2060 220
3583 2048 0 3416 2069 217
3839 2048 0 3654 2077 213
4095 2048 0 3878 2086 232
0 2303 0 727 2262 289
256 2303 0 747 2263 280
512 2303 0 834 2265 268
768 2303 0 982 2266 268
1024 2303 0 1163 2267 268
1280 2303 0 1364 2269 267
1536 2303 0 1578 2272 266
1792 2303 0 1799 2275 266
2048 2303 0 2025 2278 264
2303 2303 0 2253 2283 263
2559 2303 0 2485 2287 261
2815 2303 0 2719 2293 259
3071 2303 0 2954 2299 258
3327 2303 0 3190 2305 254
3583 2303 0 3427 2312 252
3839 2303 0 3664 2320 249
4095 2303 0 3886 2325 266
0 2559 0 807 2511 321
256 2559 0 825 2513 313
512 2559 0 900 2517 298
768 2559 0 1037 2517 298
1024 2559 0 1208 2519 298
1280 2559 0 1402 2520 297
1536 2559 0 1610 2523 296
1792 2559 0 1826 2525 296
2048 2559 0 2048 2528 294
2303 2559 0 2274 2532 293
2559 2559 0 2504 2536 292
2815 2559 0 2736 2541 290
3071 2559 0 2969 2546 288
3327 2559 0 3204 2552 285
3583 2559 0 3439 2558 284
3839 2559 0 3676 2565 281
4095 2559 0 3888 2563 313
0 2815 0 887 2760 353
256 2815 0 904 2762 345
512 2815 0 968 2768 328
768 2815 0 1095 2769 328
1024 2815 0 1257 2770 328
1280 2815 0 1443 2772 327
1536 2815 0 1644 2774 326
1792 2815 0 1856 2776 326
2048 2815 0 2075 2779 324
2303 2815 0 2298 2782 323
2559 2815 0 2525 2786 322
2815 2815 0 2754 2790 320
3071 2815 0 2986 2795 319
3327 2815 0 3219 2800 317
3583 2815 0 3454 2806 314
3839 2815 0 3689 2812 312
4095 2815 0 3913 2812 326
0 3071 0 967 3008 384
256 3071 0 982 3011 378
512 3071 0 1037 3020 358
768 3071 0 1156 3021 358
1024 3071 0 1309 3022 357
1280 3071 0 1487 3023 357
1536 3071 0 1682 3025 356
1792 3071 0 1889 3027 356
2048 3071 0 2104 3029 355
2303 3071 0 2323 3032 354
2559 3071 0 2548 3036 353
2815 3071 0 2775 3039 351
3071 3071 0 3005 3044 350
3327 3071 0 3236 3048 348
3583 3071 0 3469 3054 346
3839 3071 0 3704 3059 344
4095 3071 0 3908 3045 383
0 3327 0 1047 3256 416
256 3327 0 1060 3260 410
512 3327 0 1109 3271 389
768 3327 0 1218 3272 388
1024 3327 0 1364 3273 388
1280 3327 0 1534 3274 387
1536 3327 0 1723 3276 386
1792 3327 0 1925 3278 386
2048 3327 0 2135 3280 385
2303 3327 0 2351 3283 384
2559 3327 0 2572 3286 383
2815 3327 0 2798 3289 381
3071 3327 0 3025 3293 380
3327 3327 0 3255 3297 378
3583 3327 0 3487 3302 377
3839 3327 0 3720 3307 375
4095 3327 0 3927 3292 409
0 3583 0 1126 3504 448
256 3583 0 1139 3508 442
512 3583 0 1184 3520 423
768 3583 0 1283 3524 418
1024 3583 0 1421 3525 417
1280 3583 0 1584 3526 417
1536 3583 0 1767 3527 416
1792 3583 0 1963 3529 416
2048 3583 0 2169 3531 415
2303 3583 0 2381 3534 414
2559 3583 0 2600 3536 413
2815 3583 0 2822 3540 412
3071 3583 0 3048 3543 411
3327 3583 0 3276 3547 409
3583 3583 0 3506 3551 408
3839 3583 0 3737 3556 406
4095 3583 0 3952 3544 429
0 3839 0 1206 3751 479
256 3839 0 1218 3755 474
512 3839 0 1260 3768 457
768 3839 0 1350 3775 448
1024 3839 0 1480 3776 447
1280 3839 0 1636 3777 447
1536 3839 0 1813 3779 446
1792 3839 0 2003 3780 446
2048 3839 0 2205 3782 445
2303 3839 0 2414 3784 444
2559 3839 0 2629 3787 443
2815 3839 0 2849 3790 442
3071 3839 0 3072 3793 441
3327 3839 0 3298 3797 440
3583 3839 0 3526 3801 438
3839 3839 0 3756 3805 437
4095 3839 0 3933 3753 505
0 4095 0 1285 3999 511
256 4095 0 1296 4002 506
512 4095 0 1336 4016 490
768 4095 0 1427 4013 494
1024 4095 0 1555 4004 506
1280 4095 0 1702 4002 508
1536 4095 0 1865 4017 492
1792 4095 0 2051 4003 509
2048 4095 0 2244 4016 496
2303 4095 0 2447 4020 493
2559 4095 0 2654 4010 506
2815 4095 0 2868 4012 505
3071 4095 0 3086 4017 502
3327 4095 0 3307 4020 501
3583 4095 0 3529 4021 503
3839 4095 0 3755 4025 501
4095 4095 0 3960 4004 527
0 0 256 60 48 249
256 0 256 246 57 248
512 0 256 487 112 255
768 0 256 730 153 262
1024 0 256 970 178 257
1280 0 256 1207 205 246
1536 0 256 1448 245 245
1792 0 256 1690 285 244
2048 0 256 1931 325 242
2303 0 256 2171 365 240
2559 0 256 2413 405 238
2815 0 256 2654 445 236
3071 0 256 2895 485 233
3327 0 256 3137 526 230
3583 0 256 3378 566 227
3839 0 256 3619 606 223
4095 0 256 3856 656 226
0 256 256 94 254 249
256 256 256 255 256 249
512 256 256 468 276 263
768 256 256 698 304 276
1024 256 256 942 326 280
1280 256 256 1186 349 279
1536 256 256 1431 373 276
1792 256 256 1675 400 271
2048 256 256 1918 428 267
2303 256 256 2160 458 263
2559 256 256 2403 489 259
2815 256 256 2645 522 255
3071 256 256 2887 556 251
3327 256 256 3129 590 246
3583 256 256 3371 626 242
3839 256 256 3613 662 237
4095 256 256 3858 689 225
0 512 256 215 517 284
256 512 256 306 500 279
512 512 256 502 507 289
768 512 256 723 519 292
1024 512 256 955 535 295
1280 512 256 1191 553 296
1536 512 256 1429 573 297
1792 512 256 1668 595 296
2048 512 256 1908 619 296
2303 512 256 2147 645 295
2559 512 256 2387 672 294
2815 512 256 2628 701 292
3071 512 256 2869 730 290
3327 512 256 3111 759 285
3583 512 256 3354 786 278
3839 512 256 3592 824 280
4095 512 256 3859 800 229
0 768 256 266 770 292
256 768 256 355 752 298
512 768 256 538 755 301
768 768 256 753 760 302
1024 768 256 978 769 302
1280 768 256 1210 781 303
1536 768 256 1444 794 302
1792 768 256 1680 809 303
2048 768 256 1918 826 302
2303 768 256 2156 845 301
2559 768 256 2394 866 300
2815 768 256 2634 887 298
3071 768 256 2874 911 297
3327 768 256 3114 936 295
3583 768 256 3354 962 293
3839 768 256 3593 989 291
4095 768 256 3862 967 236
0 1024 256 331 1014 286
256 1024 256 414 1004 304
512 1024 256 580 1005 310
768 1024 256 784 1009 310
1024 1024 256 1004 1014 311
1280 1024 256 1231 1021 310
1536 1024 256 1462 1031 311
1792 1024 256 1696 1042 311
2048 1024 256 1932 1054 309
2303 1024 256 2167 1068 309
2559 1024 256 2405 1084 308
2815 1024 256 2643 1101 306
3071 1024 256 2882 1119 305
3327 1024 256 3121 1139 303
3583 1024 256 3360 1160 301
3839 1024 256 3600 1182 299
4095 1024 256 3868 1165 244
0 1280 256 397 1259 283
256 1280 256 477 1256 311
512 1280 256 630 1256 322
768 1280 256 821 1258 323
1024 1280 256 1033 1262 323
1280 1280 256 1255 1267 322
1536 1280 256 1483 1274 322
1792 1280 256 1714 1283 322
2048 1280 256 1948 1292 320
2303 1280 256 2181 1303 320
2559 1280 256 2417 1315 319
2815 1280 256 2654 1329 317
3071 1280 256 2892 1343 316
3327 1280 256 3130 1359 314
3583 1280 256 3369 1376 312
3839 1280 256 3607 1394 310
4095 1280 256 3872 1383 258
0 1536 256 479 1511 301
256 1536 256 541 1508 318
512 1536 256 685 1507 336
768 1536 256 862 1509 335
1024 1536 256 1066 1512 336
1280 1536 256 1282 1516 335
1536 1536 256 1506 1521 335
1792 1536 256 1734 1527 335
2048 1536 256 1966 1535 333
2303 1536 256 2198 1544 333
2559 1536 256 2432 1553 332
2815 1536 256 2668 1564 330
3071 1536 256 2904 1576 329
3327 1536 256 3141 1589 327
3583 1536 256 3379 1603 325
3839 1536 256 3616 1619 324
4095 1536 256 3875 1613 277
0 1792 256 555 1762 316
256 1792 256 610 1760 330
512 1792 256 745 1759 351
768 1792 256 909 1760 351
1024 1792 256 1103 1762 350
1280 1792 256 1313 1766 350
1536 1792 256 1532 1770 350
1792 1792 256 1757 1775 349
2048 1792 256 1986 1781 348
2303 1792 256 2216 1788 348
2559 1792 256 2448 1796 347
2815 1792 256 2683 1805 345
3071 1792 256 2918 1815 345
3327 1792 256 3154 1826 343
3583 1792 256 3390 1838 341
3839 1792 256 3627 1850 340
4095 1792 256 3885 1848 294
0 2048 256 633 2014 335
256 2048 256 680 2012 348
512 2048 256 808 2010 373
768 2048 256 960 2011 373
1024 2048 256 1144 2013 372
1280 2048 256 1347 2016 372
1536 2048 256 1561 2019 371
1792 2048 256 1782 2023 371
2048 2048 256 2008 2028 370
2303 2048 256 2235 2034 369
2559 2048 256 2466 2041 368
2815 2048 256 2699 2048 367
3071 2048 256 2933 2057 366
3327 2048 256 3168 2066 365
3583 2048 256 3404 2076 363
3839 2048 256 3640 2087 361
4095 2048 256 3893 2087 315
0 2303 256 711 2264 356
256 2303 256 753 2263 367
512 2303 256 867 2261 389
768 2303 256 1010 2262 391
1024 2303 256 1186 2264 391
1280 2303 256 1382 2266 390
1536 2303 256 1591 2269 390
1792 2303 256 1808 2272 390
2048 2303 256 2031 2276 388
2303 2303 256 2257 2281 388
2559 2303 256 2486 2287 387
2815 2303 256 2717 2293 386
3071 2303 256 2950 2300 386
3327 2303 256 3184 2308 384
3583 2303 256 3419 2317 382
3839 2303 256 3654 2326 381
4095 2303 256 3899 2328 341
0 2559 256 789 2516 377
256 2559 256 827 2515 388
512 2559 256 929 2513 407
768 2559 256 1064 2514 410
1024 2559 256 1231 2515 410
1280 2559 256 1420 2517 410
1536 2559 256 1624 2520 409
1792 2559 256 1837 2523 409
2048 2559 256 2056 2526 408
2303 2559 256 2280 2530 407
2559 2559 256 2507 2535 406
2815 2559 256 2737 2540 405
3071 2559 256 2968 2547 404
3327 2559 256 3201 2553 403
3583 2559 256 3435 2560 402
3839 2559 256 3670 2568 400
4095 2559 256 3904 2569 370
0 2815 256 867 2768 400
256 2815 256 901 2767 410
512 2815 256 993 2766 426
768 2815 256 1121 2766 431
1024 2815 256 1279 2767 431
1280 2815 256 1461 2769 430
1536 2815 256 1659 2771 430
1792 2815 256 1868 2773 430
2048 2815 256 2084 2776 429
2303 2815 256 2304 2780 428
2559 2815 256 2529 2784 427
2815 2815 256 2757 2789 426
3071 2815 256 2987 2794 425
3327 2815 256 3219 2800 424
3583 2815 256 3452 2806 422
3839 2815 256 3686 2813 421
4095 2815 256 3923 2817 387
0 3071 256 946 3019 424
256 3071 256 977 3019 433
512 3071 256 1059 3018 446
768 3071 256 1181 3018 453
1024 3071 256 1330 3019 453
1280 3071 256 1505 3020 452
1536 3071 256 1697 3022 452
1792 3071 256 1901 3024 452
2048 3071 256 2113 3027 451
2303 3071 256 2331 3030 450
2559 3071 256 2553 3034 449
2815 3071 256 2779 3038 448
3071 3071 256 3007 3043 448
3327 3071 256 3238 3048 446
3583 3071 256 3469 3054 445
3839 3071 256 3702 3060 444
4095 3071 256 3920 3053 431
0 3327 256 1025 3271 449
256 3327 256 1052 3270 457
512 3327 256 1127 3270 467
768 3327 256 1242 3269 476
1024 3327 256 1384 3270 476
1280 3327 256 1552 3272 475
1536 3327 256 1738 3273 475
1792 3327 256 1937 3275 474
2048 3327 256 2145 3278 474
2303 3327 256 2359 3281 473
2559 3327 256 2579 3284 472
2815 3327 256 2803 3288 471
3071 3327 256 3029 3292 470
3327 3327 256 3258 3297 469
3583 3327 256 3488 3302 468
3839 3327 256 3720 3307 466
4095 3327 256 3933 3297 459
0 3583 256 1103 3523 474
256 3583 256 1127 3522 480
512 3583 256 1196 3522 489
768 3583 256 1306 3521 500
1024 3583 256 1440 3522 499
1280 3583 256 1601 3523 499
1536 3583 256 1781 3525 499
1792 3583 256 1975 3527 498
2048 3583 256 2179 3529 497
2303 3583 256 2390 3532 497
2559 3583 256 2607 3535 496
2815 3583 256 2828 3538 495
3071 3583 256 3052 3542 494
3327 3583 256 3279 3546 493
3583 3583 256 3508 3550 492
3839 3583 256 3738 3555 491
4095 3583 256 3954 3546 481
0 3839 256 1182 3774 500
256 3839 256 1201 3774 503
512 3839 256 1266 3774 512
768 3839 256 1371 3773 524
1024 3839 256 1499 3774 524
1280 3839 256 1653 3775 523
1536 3839 256 1827 3776 523
1792 3839 256 2016 3778 523
2048 3839 256 2216 3780 522
2303 3839 256 2423 3782 521
2559 3839 256 2636 3785 521
2815 3839 256 2855 3788 520
3071 3839 256 3077 3792 519
3327 3839 256 3302 3795 518
3583 3839 256 3529 3800 517
3839 3839 256 3758 3804 515
4095 3839 256 3936 3756 548
0 4095 256 1263 4024 529
256 4095 256 1276 4025 527
512 4095 256 1331 4023 530
768 4095 256 1424 4018 535
1024 4095 256 1551 4010 545
1280 4095 256 1699 4011 545
1536 4095 256 1864 4021 534
1792 4095 256 2050 4011 546
2048 4095 256 2244 4021 537
2303 4095 256 2448 4033 526
2559 4095 256 2656 4018 543
2815 4095 256 2870 4019 544
3071 4095 256 3089 4023 542
3327 4095 256 3310 4025 542
3583 4095 256 3533 4026 543
3839 4095 256 3761 4033 539
4095 4095 256 3961 4005 570
0 0 512 196 187 515
256 0 512 260 96 492
512 0 512 494 131 499
768 0 512 734 161 501
1024 0 512 969 178 496
1280 0 512 1209 216 496
1536 0 512 1450 255 495
1792 0 512 1691 293 495
2048 0 512 1932 332 494
2303 0 512 2172 371 493
2559 0 512 2413 410 492
2815 0 512 2655 450 491
3071 0 512 2896 490 490
3327 0 512 3137 529 489
3583 0 512 3378 569 488
3839 0 512 3620 609 486
4095 0 512 3853 668 489
0 256 512 207 303 515
256 256 512 273 268 469
512 256 512 476 288 475
768 256 512 704 312 491
1024 256 512 944 334 500
1280 256 512 1189 356 503
1536 256 512 1432 379 504
1792 256 512 1676 405 504
2048 256 512 1919 433 503
2303 256 512 2161 462 501
2559 256 512 2404 493 500
2815 256 512 2646 526 498
3071 256 512 2888 560 497
3327 256 512 3130 594 495
3583 256 512 3372 629 493
3839 256 512 3614 665 491
4095 256 512 3855 697 488
0 512 512 293 547 540
256 512 512 309 507 496
512 512 512 509 512 498
768 512 512 741 518 498
1024 512 512 932 555 522
1280 512 512 1155 586 534
1536 512 512 1394 610 537
1792 512 512 1638 632 536
2048 512 512 1883 654 534
2303 512 512 2127 676 531
2559 512 512 2372 698 528
2815 512 512 2617 722 524
3071 512 512 2862 747 521
3327 512 512 3106 772 517
3583 512 512 3349 799 514
3839 512 512 3593 827 511
4095 512 512 3863 797 487
0 768 512 301 786 531
256 768 512 360 755 508
512 768 512 556 754 524
768 768 512 757 762 534
1024 768 512 965 777 547
1280 768 512 1179 799 559
1536 768 512 1399 825 569
1792 768 512 1624 854 576
2048 768 512 1853 885 583
2303 768 512 2090 911 582
2559 768 512 2333 934 577
2815 768 512 2578 956 571
3071 768 512 2823 977 565
3327 768 512 3069 999 559
3583 768 512 3314 1022 553
3839 768 512 3559 1044 548
4095 768 512 3864 967 490
0 1024 512 392 1040 545
256 1024 512 412 1007 514
512 1024 512 623 998 558
768 1024 512 809 1002 569
1024 1024 512 1009 1013 574
1280 1024 512 1219 1027 580
1536 1024 512 1436 1044 585
1792 1024 512 1657 1065 590
2048 1024 512 1883 1088 594
2303 1024 512 2110 1112 598
2559 1024 512 2340 1139 602
2815 1024 512 2572 1167 605
3071 1024 512 2805 1196 608
3327 1024 512 3039 1227 610
3583 1024 512 3275 1257 611
3839 1024 512 3530 1269 593
4095 1024 512 3868 1167 495
0 1280 512 428 1268 526
256 1280 512 477 1258 522
512 1280 512 673 1250 567
768 1280 512 864 1249 593
1024 1280 512 1056 1255 595
1280 1280 512 1261 1265 598
1536 1280 512 1474 1277 601
1792 1280 512 1693 1292 604
2048 1280 512 1915 1309 607
2303 1280 512 2140 1328 610
2559 1280 512 2368 1349 613
2815 1280 512 2597 1372 615
3071 1280 512 2829 1395 617
3327 1280 512 3061 1421 620
3583 1280 512 3294 1447 621
3839 1280 512 3537 1466 612
4095 1280 512 3872 1385 501
0 1536 512 508 1518 536
256 1536 512 538 1510 527
512 1536 512 723 1503 572
768 1536 512 920 1498 611
1024 1536 512 1103 1502 613
1280 1536 512 1303 1509 614
1536 1536 512 1513 1518 616
1792 1536 512 1729 1529 618
2048 1536 512 1949 1542 620
2303 1536 512 2172 1556 622
2559 1536 512 2397 1573 624
2815 1536 512 2625 1591 626
3071 1536 512 2855 1610 627
3327 1536 512 3085 1631 630
3583 1536 512 3317 1653 631
3839 1536 512 3550 1676 633
4095 1536 512 3878 1614 509
0 1792 512 573 1765 538
256 1792 512 610 1762 537
512 1792 512 775 1755 577
768 1792 512 974 1749 626
1024 1792 512 1150 1752 627
1280 1792 512 1345 1757 628
1536 1792 512 1551 1763 629
1792 1792 512 1764 1771 630
2048 1792 512 1982 1781 631
2303 1792 512 2203 1792 633
2559 1792 512 2428 1805 635
2815 1792 512 2654 1820 636
3071 1792 512 2882 1835 638
3327 1792 512 3112 1852 639
3583 1792 512 3343 1870 640
3839 1792 512 3574 1890 642
4095 1792 512 3884 1849 519
0 2048 512 645 2014 544
256 2048 512 682 2013 548
512 2048 512 831 2008 584
768 2048 512 1026 2001 636
1024 2048 512 1198 2003 640
1280 2048 512 1386 2006 640
1536 2048 512 1588 2011 641
1792 2048 512 1799 2018 642
2048 2048 512 2015 2025 642
2303 2048 512 2234 2034 643
2559 2048 512 2457 2044 644
2815 2048 512 2683 2055 645
3071 2048 512 2910 2068 646
3327 2048 512 3139 2082 647
3583 2048 512 3369 2096 648
3839 2048 512 3600 2112 649
4095 2048 512 3893 2088 530
0 2303 512 723 2264 557
256 2303 512 754 2264 558
512 2303 512 890 2259 593
768 2303 512 1077 2252 644
1024 2303 512 1244 2253 650
1280 2303 512 1427 2256 650
1536 2303 512 1625 2260 651
1792 2303 512 1832 2265 651
2048 2303 512 2046 2271 651
2303 2303 512 2264 2278 652
2559 2303 512 2486 2286 652
2815 2303 512 2711 2295 653
3071 2303 512 2938 2305 654
3327 2303 512 3166 2316 654
3583 2303 512 3396 2329 654
3839 2303 512 3626 2342 656
4095 2303 512 3902 2330 543
0 2559 512 797 2515 568
256 2559 512 829 2516 572
512 2559 512 952 2512 603
768 2559 512 1130 2505 653
1024 2559 512 1291 2506 661
1280 2559 512 1469 2508 661
1536 2559 512 1662 2511 661
1792 2559 512 1866 2515 661
2048 2559 512 2078 2520 661
2303 2559 512 2294 2525 661
2559 2559 512 2514 2532 661
2815 2559 512 2738 2539 661
3071 2559 512 2964 2548 662
3327 2559 512 3191 2557 662
3583 2559 512 3421 2567 662
3839 2559 512 3651 2578 662
4095 2559 512 3913 2574 558
0 2815 512 874 2767 582
256 2815 512 903 2767 586
512 2815 512 1016 2764 616
768 2815 512 1185 2758 663
1024 2815 512 1341 2758 672
1280 2815 512 1512 2760 672
1536 2815 512 1701 2762 672
1792 2815 512 1901 2766 672
2048 2815 512 2109 2770 672
2303 2815 512 2323 2774 672
2559 2815 512 2542 2780 672
2815 2815 512 2764 2786 672
3071 2815 512 2989 2793 672
3327 2815 512 3216 2801 672
3583 2815 512 3444 2809 671
3839 2815 512 3674 2818 672
4095 2815 512 3925 2819 574
0 3071 512 952 3018 597
256 3071 512 979 3019 601
512 3071 512 1083 3016 629
768 3071 512 1241 3010 674
1024 3071 512 1392 3010 685
1280 3071 512 1557 3012 685
1536 3071 512 1741 3014 685
1792 3071 512 1937 3017 685
2048 3071 512 2142 3020 685
2303 3071 512 2353 3024 684
2559 3071 512 2570 3029 684
2815 3071 512 2791 3034 684
3071 3071 512 3014 3040 684
3327 3071 512 3240 3046 683
3583 3071 512 3468 3054 683
3839 3071 512 3697 3062 683
4095 3071 512 3940 3066 586
0 3327 512 1029 3270 613
256 3327 512 1055 3271 618
512 3327 512 1150 3268 644
768 3327 512 1300 3263 686
1024 3327 512 1446 3262 699
1280 3327 512 1605 3264 699
1536 3327 512 1783 3266 698
1792 3327 512 1974 3268 698
2048 3327 512 2176 3271 698
2303 3327 512 2385 3274 698
2559 3327 512 2599 3278 697
2815 3327 512 2818 3283 697
3071 3327 512 3040 3288 697
3327 3327 512 3264 3294 696
3583 3327 512 3491 3300 696
3839 3327 512 3719 3307 695
4095 3327 512 3948 3308 608
0 3583 512 1107 3522 631
256 3583 512 1131 3523 635
512 3583 512 1219 3520 660
768 3583 512 1360 3515 700
1024 3583 512 1501 3514 713
1280 3583 512 1654 3516 713
1536 3583 512 1827 3518 713
1792 3583 512 2014 3520 713
2048 3583 512 2212 3522 713
2303 3583 512 2417 3525 712
2559 3583 512 2629 3529 712
2815 3583 512 2846 3533 712
3071 3583 512 3066 3537 711
3327 3583 512 3289 3542 711
3583 3583 512 3514 3548 710
3839 3583 512 3741 3554 710
4095 3583 512 3961 3553 629
0 3839 512 1185 3774 649
256 3839 512 1207 3774 654
512 3839 512 1290 3772 677
768 3839 512 1421 3768 714
1024 3839 512 1558 3767 729
1280 3839 512 1705 3768 729
1536 3839 512 1872 3769 729
1792 3839 512 2055 3771 729
2048 3839 512 2249 3774 728
2303 3839 512 2451 3776 728
2559 3839 512 2661 3779 728
2815 3839 512 2875 3783 727
3071 3839 512 3093 3787 727
3327 3839 512 3314 3791 726
3583 3839 512 3538 3796 726
3839 3839 512 3764 3802 725
4095 3839 512 3955 3776 669
0 4095 512 1264 4025 669
256 4095 512 1279 4025 669
512 4095 512 1330 4026 668
768 4095 512 1420 4027 667
1024 4095 512 1545 4024 671
1280 4095 512 1695 4024 671
1536 4095 512 1865 4030 670
1792 4095 512 2049 4025 672
2048 4095 512 2245 4033 666
2303 4095 512 2451 4035 669
2559 4095 512 2660 4032 670
2815 4095 512 2875 4032 671
3071 4095 512 3095 4035 670
3327 4095 512 3317 4037 670
3583 4095 512 3541 4039 671
3839 4095 512 3772 4047 666
4095 4095 512 3972 4019 691
0 0 768 201 187 755
256 0 768 287 134 742
512 0 768 509 174 750
768 0 768 744 191 751
1024 0 768 974 202 744
1280 0 768 1213 234 744
1536 0 768 1453 269 744
1792 0 768 1694 305 743
2048 0 768 1935 342 743
2303 0 768 2174 380 743
2559 0 768 2415 418 742
2815 0 768 2656 457 741
3071 0 768 2897 496 741
3327 0 768 3139 535 740
3583 0 768 3380 575 739
3839 0 768 3621 615 738
4095 0 768 3848 686 745
0 256 768 218 309 758
256 256 768 311 283 705
512 256 768 499 304 695
768 256 768 716 325 718
1024 256 768 953 345 734
1280 256 768 1194 366 742
1536 256 768 1436 388 746
1792 256 768 1679 414 748
2048 256 768 1922 441 748
2303 256 768 2163 470 748
2559 256 768 2405 500 748
2815 256 768 2647 532 747
3071 256 768 2889 565 746
3327 256 768 3131 599 745
3583 256 768 3373 634 744
3839 256 768 3615 670 743
4095 256 768 3852 712 743
0 512 768 271 542 769
256 512 768 339 514 727
512 512 768 522 519 740
768 512 768 742 528 739
1024 512 768 935 566 733
1280 512 768 1160 594 748
1536 512 768 1398 617 759
1792 512 768 1640 638 765
2048 512 768 1885 660 768
2303 512 768 2129 681 768
2559 512 768 2374 703 768
2815 512 768 2618 727 767
3071 512 768 2862 751 765
3327 512 768 3106 777 764
3583 512 768 3350 803 762
3839 512 768 3593 831 760
4095 512 768 3863 802 739
0 768 768 306 776 761
256 768 768 381 760 744
512 768 768 575 758 740
768 768 768 764 768 748
1024 768 768 994 773 747
1280 768 768 1212 789 755
1536 768 768 1398 833 783
1792 768 768 1617 865 797
2048 768 768 1851 892 803
2303 768 768 2090 916 805
2559 768 768 2333 938 805
2815 768 768 2578 960 804
3071 768 768 2823 981 801
3327 768 768 3069 1003 798
3583 768 768 3314 1025 795
3839 768 768 3559 1048 791
4095 768 768 3866 969 741
0 1024 768 381 1027 768
256 1024 768 426 1010 753
512 1024 768 628 1003 769
768 1024 768 787 1016 750
1024 1024 768 1011 1020 750
1280 1024 768 1242 1025 750
1536 1024 768 1454 1041 777
1792 1024 768 1661 1067 802
2048 1024 768 1865 1102 829
2303 1024 768 2080 1137 846
2559 1024 768 2309 1166 852
2815 1024 768 2545 1192 853
3071 1024 768 2786 1216 851
3327 1024 768 3029 1239 847
3583 1024 768 3274 1261 843
3839 1024 768 3530 1270 828
4095 1024 768 3869 1169 744
0 1280 768 439 1269 764
256 1280 768 487 1261 759
512 1280 768 677 1253 785
768 1280 768 876 1249 813
1024 1280 768 1055 1260 804
1280 1280 768 1261 1268 817
1536 1280 768 1469 1282 831
1792 1280 768 1680 1300 844
2048 1280 768 1893 1322 857
2303 1280 768 2109 1348 870
2559 1280 768 2327 1376 881
2815 1280 768 2548 1407 892
3071 1280 768 2772 1439 902
3327 1280 768 3004 1468 903
3583 1280 768 3242 1493 900
3839 1280 768 3535 1470 845
4095 1280 768 3873 1387 748
0 1536 768 508 1517 766
256 1536 768 552 1512 765
512 1536 768 726 1505 794
768 1536 768 934 1497 836
1024 1536 768 1121 1500 853
1280 1536 768 1312 1508 860
1536 1536 768 1513 1519 868
1792 1536 768 1720 1533 876
2048 1536 768 1932 1550 884
2303 1536 768 2146 1569 892
2559 1536 768 2363 1592 900
2815 1536 768 2583 1616 908
3071 1536 768 2805 1642 916
3327 1536 768 3029 1670 924
3583 1536 768 3257 1699 928
3839 1536 768 3542 1684 866
4095 1536 768 3879 1615 753
0 1792 768 581 1766 771
256 1792 768 619 1763 771
512 1792 768 777 1757 799
768 1792 768 983 1749 845
1024 1792 768 1185 1745 885
1280 1792 768 1368 1751 890
1536 1792 768 1563 1760 894
1792 1792 768 1766 1770 899
2048 1792 768 1975 1784 904
2303 1792 768 2187 1799 910
2559 1792 768 2403 1816 916
2815 1792 768 2622 1836 922
3071 1792 768 2843 1857 928
3327 1792 768 3066 1880 934
3583 1792 768 3290 1905 940
3839 1792 768 3552 1906 893
4095 1792 768 3886 1850 759
0 2048 768 651 2016 775
256 2048 768 691 2015 778
512 2048 768 835 2009 806
768 2048 768 1033 2001 852
1024 2048 768 1241 1994 903
1280 2048 768 1422 1998 911
1536 2048 768 1612 2004 914
1792 2048 768 1812 2013 917
2048 2048 768 2018 2023 920
2303 2048 768 2229 2035 924
2559 2048 768 2444 2049 928
2815 2048 768 2661 2065 932
3071 2048 768 2882 2082 937
3327 2048 768 3104 2100 941
3583 2048 768 3327 2121 946
3839 2048 768 3564 2135 930
4095 2048 768 3894 2089 766
0 2303 768 728 2265 783
256 2303 768 761 2265 785
512 2303 768 893 2261 811
768 2303 768 1082 2253 856
1024 2303 768 1292 2245 911
1280 2303 768 1473 2246 926
1536 2303 768 1659 2251 928
1792 2303 768 1856 2258 930
2048 2303 768 2060 2266 932
2303 2303 768 2269 2275 935
2559 2303 768 2483 2286 937
2815 2303 768 2700 2299 940
3071 2303 768 2919 2313 944
3327 2303 768 3141 2328 947
3583 2303 768 3364 2344 950
3839 2303 768 3589 2362 952
4095 2303 768 3903 2331 775
0 2559 768 804 2516 791
256 2559 768 834 2517 794
512 2559 768 955 2513 819
768 2559 768 1134 2506 862
1024 2559 768 1341 2497 917
1280 2559 768 1524 2497 938
1536 2559 768 1705 2501 939
1792 2559 768 1899 2506 941
2048 2559 768 2101 2513 942
2303 2559 768 2308 2520 944
2559 2559 768 2520 2529 945
2815 2559 768 2736 2539 947
3071 2559 768 2955 2550 950
3327 2559 768 3176 2563 952
3583 2559 768 3399 2576 954
3839 2559 768 3624 2591 956
4095 2559 768 3914 2575 784
0 2815 768 879 2768 800
256 2815 768 909 2768 804
512 2815 768 1020 2765 827
768 2815 768 1189 2758 868
1024 2815 768 1390 2750 923
1280 2815 768 1574 2748 949
1536 2815 768 1751 2752 950
1792 2815 768 1941 2756 951
2048 2815 768 2140 2761 951
2303 2815 768 2345 2767 952
2559 2815 768 2556 2774 953
2815 2815 768 2771 2783 955
3071 2815 768 2989 2792 956
3327 2815 768 3209 2802 958
3583 2815 768 3432 2814 959
3839 2815 768 3656 2826 961
4095 2815 768 3926 2820 796
0 3071 768 957 3019 810
256 3071 768 984 3020 814
512 3071 768 1085 3017 836
768 3071 768 1245 3011 875
1024 3071 768 1441 3003 929
1280 3071 768 1624 3000 959
1536 3071 768 1796 3003 960
1792 3071 768 1982 3006 960
2048 3071 768 2179 3011 961
2303 3071 768 2382 3016 961
2559 3071 768 2591 3022 962
2815 3071 768 2805 3029 963
3071 3071 768 3022 3037 964
3327 3071 768 3241 3045 965
3583 3071 768 3463 3055 966
3839 3071 768 3686 3065 967
4095 3071 768 3940 3067 809
0 3327 768 1034 3271 822
256 3327 768 1059 3272 826
512 3327 768 1154 3269 847
768 3327 768 1304 3263 884
1024 3327 768 1492 3256 936
1280 3327 768 1675 3252 970
1536 3327 768 1842 3255 970
1792 3327 768 2025 3258 970
2048 3327 768 2218 3261 970
2303 3327 768 2418 3266 971
2559 3327 768 2625 3271 971
2815 3327 768 2837 3277 972
3071 3327 768 3053 3283 972
3327 3327 768 3272 3291 972
3583 3327 768 3493 3299 973
3839 3327 768 3716 3307 974
4095 3327 768 3955 3314 821
0 3583 768 1112 3522 834
256 3583 768 1135 3523 838
512 3583 768 1223 3520 858
768 3583 768 1365 3516 894
1024 3583 768 1546 3509 944
1280 3583 768 1726 3505 980
1536 3583 768 1889 3507 980
1792 3583 768 2068 3509 980
2048 3583 768 2257 3512 980
2303 3583 768 2455 3516 981
2559 3583 768 2660 3520 981
2815 3583 768 2870 3525 981
3071 3583 768 3084 3531 981
3327 3583 768 3302 3537 981
3583 3583 768 3522 3544 982
3839 3583 768 3744 3552 982
4095 3583 768 3972 3562 829
0 3839 768 1190 3774 847
256 3839 768 1212 3775 852
512 3839 768 1293 3772 871
768 3839 768 1428 3768 905
1024 3839 768 1601 3761 953
1280 3839 768 1777 3757 989
1536 3839 768 1937 3759 991
1792 3839 768 2111 3761 991
2048 3839 768 2298 3764 991
2303 3839 768 2492 3767 991
2559 3839 768 2695 3771 991
2815 3839 768 2903 3775 991
3071 3839 768 3116 3780 991
3327 3839 768 3332 3786 991
3583 3839 768 3551 3792 992
3839 3839 768 3772 3798 992
4095 3839 768 3984 3805 844
0 4095 768 1271 4022 864
256 4095 768 1286 4022 864
512 4095 768 1336 4024 863
768 4095 768 1424 4027 862
1024 4095 768 1547 4029 861
1280 4095 768 1695 4030 861
1536 4095 768 1867 4031 863
1792 4095 768 2051 4032 861
2048 4095 768 2249 4034 863
2303 4095 768 2452 4036 862
2559 4095 768 2663 4039 859
2815 4095 768 2879 4041 859
3071 4095 768 3100 4044 858
3327 4095 768 3323 4046 858
3583 4095 768 3548 4049 858
3839 4095 768 3778 4055 856
4095 4095 768 4003 4053 858
0 0 1024 253 220 1003
256 0 1024 326 191 996
512 0 1024 531 207 999
768 0 1024 748 205 992
1024 0 1024 981 232 991
1280 0 1024 1219 258 992
1536 0 1024 1458 291 992
1792 0 1024 1697 324 992
2048 0 1024 1938 358 992
2303 0 1024 2177 395 991
2559 0 1024 2418 431 991
2815 0 1024 2659 469 991
3071 0 1024 2899 507 990
3327 0 1024 3140 545 990
3583 0 1024 3381 584 989
3839 0 1024 3622 623 988
4095 0 1024 3846 700 995
0 256 1024 253 313 999
256 256 1024 346 304 956
512 256 1024 527 327 926
768 256 1024 735 343 952
1024 256 1024 964 361 969
1280 256 1024 1202 380 981
1536 256 1024 1442 402 987
1792 256 1024 1683 427 991
2048 256 1024 1925 453 993
2303 256 1024 2166 481 994
2559 256 1024 2408 511 994
2815 256 1024 2650 542 994
3071 256 1024 2891 575 994
3327 256 1024 3133 608 993
3583 256 1024 3375 642 993
3839 256 1024 3616 677 992
4095 256 1024 3852 719 992
0 512 1024 326 554 1015
256 512 1024 362 525 978
512 512 1024 556 536 919
768 512 1024 746 551 941
1024 512 1024 947 580 944
1280 512 1024 1170 604 965
1536 512 1024 1405 626 982
1792 512 1024 1646 647 993
2048 512 1024 1889 667 1000
2303 512 1024 2132 688 1004
2559 512 1024 2376 711 1007
2815 512 1024 2621 733 1008
3071 512 1024 2864 758 1008
3327 512 1024 3108 783 1008
3583 512 1024 3352 809 1007
3839 512 1024 3595 837 1006
4095 512 1024 3864 809 989
0 768 1024 349 785 1008
256 768 1024 400 767 987
512 768 1024 598 767 952
768 768 1024 775 774 995
1024 768 1024 1002 779 995
1280 768 1024 1202 806 985
1536 768 1024 1400 843 995
1792 768 1024 1621 873 1009
2048 768 1024 1854 899 1020
2303 768 1024 2093 922 1027
2559 768 1024 2336 943 1032
2815 768 1024 2580 965 1034
3071 768 1024 2825 986 1035
3327 768 1024 3070 1008 1035
3583 768 1024 3315 1030 1034
3839 768 1024 3560 1052 1032
4095 768 1024 3866 975 991
0 1024 1024 443 1048 1026
256 1024 1024 438 1018 999
512 1024 1024 639 1010 987
768 1024 1024 814 1016 992
1024 1024 1024 1019 1024 997
1280 1024 1024 1248 1029 997
1536 1024 1024 1481 1035 996
1792 1024 1024 1670 1070 1019
2048 1024 1024 1863 1111 1044
2303 1024 1024 2080 1143 1058
2559 1024 1024 2309 1172 1067
2815 1024 1024 2546 1197 1072
3071 1024 1024 2787 1221 1074
3327 1024 1024 3030 1243 1074
3583 1024 1024 3275 1265 1072
3839 1024 1024 3532 1273 1062
4095 1024 1024 3870 1174 993
0 1280 1024 478 1279 1015
256 1280 1024 501 1265 1001
512 1280 1024 688 1258 1009
768 1280 1024 886 1254 1022
1024 1280 1024 1040 1272 999
1280 1280 1024 1265 1276 999
1536 1280 1024 1495 1281 999
1792 1280 1024 1729 1287 999
2048 1280 1024 1964 1294 999
2303 1280 1024 2139 1337 1053
2559 1280 1024 2330 1379 1090
2815 1280 1024 2544 1414 1108
3071 1280 1024 2770 1445 1117
3327 1280 1024 3004 1472 1120
3583 1280 1024 3243 1497 1120
3839 1280 1024 3536 1473 1076
4095 1280 1024 3874 1391 996
0 1536 1024 548 1525 1019
256 1536 1024 558 1516 1004
512 1536 1024 734 1508 1022
768 1536 1024 942 1500 1049
1024 1536 1024 1117 1506 1053
1280 1536 1024 1287 1524 1003
1536 1536 1024 1513 1527 1018
1792 1536 1024 1733 1535 1040
2048 1536 1024 1948 1549 1061
2303 1536 1024 2159 1568 1080
2559 1536 1024 2372 1591 1099
2815 1536 1024 2585 1619 1117
3071 1536 1024 2799 1650 1135
3327 1536 1024 3010 1686 1157
3583 1536 1024 3253 1704 1147
3839 1536 1024 3544 1685 1093
4095 1536 1024 3880 1618 999
0 1792 1024 619 1771 1022
256 1792 1024 624 1767 1008
512 1792 1024 785 1760 1030
768 1792 1024 992 1751 1066
1024 1792 1024 1189 1748 1094
1280 1792 1024 1359 1758 1081
1536 1792 1024 1560 1765 1093
1792 1792 1024 1765 1774 1105
2048 1792 1024 1973 1788 1117
2303 1792 1024 2182 1804 1130
2559 1792 1024 2394 1823 1143
2815 1792 1024 2608 1845 1155
3071 1792 1024 2823 1870 1168
3327 1792 1024 3040 1897 1180
3583 1792 1024 3270 1919 1178
3839 1792 1024 3553 1908 1116
4095 1792 1024 3887 1853 1004
0 2048 1024 674 2017 1019
256 2048 1024 699 2017 1016
512 2048 1024 844 2011 1038
768 2048 1024 1041 2003 1075
1024 2048 1024 1246 1996 1115
1280 2048 1024 1434 1997 1135
1536 2048 1024 1620 2004 1141
1792 2048 1024 1816 2013 1149
2048 2048 1024 2018 2025 1157
2303 2048 1024 2223 2038 1165
2559 2048 1024 2433 2055 1174
2815 2048 1024 2645 2073 1184
3071 2048 1024 2859 2093 1193
3327 2048 1024 3076 2116 1202
3583 2048 1024 3294 2140 1211
3839 2048 1024 3565 2137 1146
4095 2048 1024 3895 2092 1009
0 2303 1024 755 2265 1027
256 2303 1024 765 2268 1019
512 2303 1024 898 2263 1042
768 2303 1024 1090 2254 1081
1024 2303 1024 1296 2246 1126
1280 2303 1024 1497 2242 1166
1536 2303 1024 1680 2247 1175
1792 2303 1024 1870 2255 1180
2048 2303 1024 2067 2264 1185
2303 2303 1024 2270 2275 1191
2559 2303 1024 2477 2289 1198
2815 2303 1024 2688 2304 1204
3071 2303 1024 2901 2321 1211
3327 2303 1024 3117 2339 1218
3583 2303 1024 3334 2359 1226
3839 2303 1024 3578 2369 1185
4095 2303 1024 3904 2333 1015
0 2559 1024 823 2515 1030
256 2559 1024 840 2519 1027
512 2559 1024 961 2514 1049
768 2559 1024 1142 2507 1086
1024 2559 1024 1345 2499 1133
1280 2559 1024 1552 2492 1181
1536 2559 1024 1738 2494 1200
1792 2559 1024 1923 2500 1203
2048 2559 1024 2117 2508 1207
2303 2559 1024 2317 2517 1211
2559 2559 1024 2522 2528 1215
2815 2559 1024 2731 2540 1220
3071 2559 1024 2944 2554 1225
3327 2559 1024 3159 2570 1230
3583 2559 1024 3376 2586 1235
3839 2559 1024 3597 2604 1234
4095 2559 1024 3915 2576 1023
0 2815 1024 896 2766 1036
256 2815 1024 914 2770 1034
512 2815 1024 1025 2766 1055
768 2815 1024 1196 2759 1092
1024 2815 1024 1395 2751 1139
1280 2815 1024 1603 2744 1191
1536 2815 1024 1794 2742 1219
1792 2815 1024 1974 2748 1221
2048 2815 1024 2165 2754 1223
2303 2815 1024 2362 2762 1226
2559 2815 1024 2566 2771 1229
2815 2815 1024 2774 2781 1232
3071 2815 1024 2986 2792 1236
3327 2815 1024 3200 2805 1240
3583 2815 1024 3416 2819 1243
3839 2815 1024 3635 2835 1248
4095 2815 1024 3927 2822 1030
0 3071 1024 974 3016 1044
256 3071 1024 987 3022 1041
512 3071 1024 1090 3018 1061
768 3071 1024 1251 3012 1097
1024 3071 1024 1445 3004 1143
1280 3071 1024 1652 2996 1197
1536 3071 1024 1848 2992 1234
1792 3071 1024 2025 2997 1235
2048 3071 1024 2212 3002 1237
2303 3071 1024 2407 3008 1239
2559 3071 1024 2609 3016 1241
2815 3071 1024 2815 3025 1243
3071 3071 1024 3026 3034 1246
3327 3071 1024 3239 3045 1249
3583 3071 1024 3455 3057 1251
3839 3071 1024 3673 3070 1255
4095 3071 1024 3940 3068 1042
0 3327 1024 1046 3269 1051
256 3327 1024 1064 3273 1051
512 3327 1024 1159 3270 1070
768 3327 1024 1310 3264 1103
1024 3327 1024 1497 3257 1149
1280 3327 1024 1701 3249 1202
1536 3327 1024 1901 3244 1246
1792 3327 1024 2074 3247 1248
2048 3327 1024 2258 3252 1249
2303 3327 1024 2451 3257 1250
2559 3327 1024 2650 3263 1252
2815 3327 1024 2855 3270 1253
3071 3327 1024 3065 3279 1255
3327 3327 1024 3277 3288 1257
3583 3327 1024 3492 3298 1259
3839 3327 1024 3709 3309 1261
4095 3327 1024 3955 3315 1058
0 3583 1024 1124 3519 1061
256 3583 1024 1139 3524 1060
512 3583 1024 1227 3522 1078
768 3583 1024 1370 3516 1110
1024 3583 1024 1550 3510 1155
1280 3583 1024 1751 3502 1208
1536 3583 1024 1951 3496 1255
1792 3583 1024 2123 3498 1259
2048 3583 1024 2304 3502 1260
2303 3583 1024 2494 3506 1260
2559 3583 1024 2691 3512 1262
2815 3583 1024 2895 3518 1263
3071 3583 1024 3102 3525 1264
3327 3583 1024 3314 3533 1265
3583 3583 1024 3528 3541 1267
3839 3583 1024 3745 3551 1269
4095 3583 1024 3971 3562 1109
0 3839 1024 1200 3771 1070
256 3839 1024 1215 3776 1070
512 3839 1024 1297 3773 1088
768 3839 1024 1432 3769 1118
1024 3839 1024 1606 3762 1161
1280 3839 1024 1801 3754 1213
1536 3839 1024 2002 3748 1263
1792 3839 1024 2172 3750 1269
2048 3839 1024 2349 3753 1270
2303 3839 1024 2536 3757 1270
2559 3839 1024 2732 3761 1271
2815 3839 1024 2933 3767 1272
3071 3839 1024 3139 3773 1273
3327 3839 1024 3349 3779 1274
3583 3839 1024 3563 3787 1275
3839 3839 1024 3778 3795 1276
4095 3839 1024 3992 3810 1104
0 4095 1024 1281 4018 1083
256 4095 1024 1295 4018 1083
512 4095 1024 1345 4021 1082
768 4095 1024 1431 4025 1080
1024 4095 1024 1551 4028 1079
1280 4095 1024 1700 4030 1078
1536 4095 1024 1871 4031 1080
1792 4095 1024 2054 4033 1079
2048 4095 1024 2252 4035 1081
2303 4095 1024 2455 4037 1080
2559 4095 1024 2666 4039 1078
2815 4095 1024 2882 4042 1078
3071 4095 1024 3103 4045 1080
3327 4095 1024 3327 4048 1079
3583 4095 1024 3552 4052 1078
3839 4095 1024 3781 4056 1081
4095 4095 1024 4002 4052 1078
0 0 1280 304 234 1246
256 0 1280 367 225 1243
512 0 1280 547 229 1242
768 0 1280 763 240 1240
1024 0 1280 993 261 1240
1280 0 1280 1228 285 1240
1536 0 1280 1465 314 1240
1792 0 1280 1704 345 1240
2048 0 1280 1943 377 1240
2303 0 1280 2182 412 1240
2559 0 1280 2422 447 1239
2815 0 1280 2662 483 1239
3071 0 1280 2903 520 1239
3327 0 1280 3143 557 1238
3583 0 1280 3384 595 1238
3839 0 1280 3625 633 1237
4095 0 1280 3851 703 1241
0 256 1280 288 320 1240
256 256 1280 386 330 1204
512 256 1280 560 351 1170
768 256 1280 758 364 1192
1024 256 1280 981 380 1209
1280 256 1280 1214 398 1222
1536 256 1280 1451 419 1230
1792 256 1280 1690 442 1235
2048 256 1280 1931 467 1238
2303 256 1280 2171 494 1239
2559 256 1280 2412 523 1240
2815 256 1280 2653 554 1241
3071 256 1280 2894 585 1241
3327 256 1280 3136 618 1241
3583 256 1280 3377 652 1241
3839 256 1280 3619 686 1240
4095 256 1280 3861 716 1239
0 512 1280 337 547 1247
256 512 1280 401 539 1221
512 512 1280 589 553 1149
768 512 1280 768 573 1141
1024 512 1280 967 596 1159
1280 512 1280 1186 617 1185
1536 512 1280 1417 637 1207
1792 512 1280 1655 657 1223
2048 512 1280 1896 677 1233
2303 512 1280 2138 697 1240
2559 512 1280 2381 719 1245
2815 512 1280 2625 742 1248
3071 512 1280 2868 765 1250
3327 512 1280 3111 790 1251
3583 512 1280 3354 816 1251
3839 512 1280 3597 844 1251
4095 512 1280 3867 815 1238
0 768 1280 374 784 1248
256 768 1280 433 776 1230
512 768 1280 622 778 1182
768 768 1280 800 788 1182
1024 768 1280 1012 787 1242
1280 768 1280 1204 824 1198
1536 768 1280 1408 856 1205
1792 768 1280 1629 883 1222
2048 768 1280 1861 907 1238
2303 768 1280 2099 929 1250
2559 768 1280 2341 950 1258
2815 768 1280 2584 971 1264
3071 768 1280 2829 992 1268
3327 768 1280 3073 1014 1270
3583 768 1280 3318 1035 1271
3839 768 1280 3563 1058 1271
4095 768 1280 3869 980 1239
0 1024 1280 445 1037 1255
256 1024 1280 472 1021 1240
512 1024 1280 659 1018 1214
768 1024 1280 848 1022 1199
1024 1024 1280 1029 1030 1244
1280 1024 1280 1256 1035 1244
1536 1024 1280 1488 1041 1244
1792 1024 1280 1665 1084 1242
2048 1024 1280 1865 1121 1256
2303 1024 1280 2083 1152 1270
2559 1024 1280 2313 1179 1282
2815 1024 1280 2549 1203 1290
3071 1024 1280 2790 1226 1296
3327 1024 1280 3033 1249 1299
3583 1024 1280 3277 1270 1301
3839 1024 1280 3532 1279 1296
4095 1024 1280 3872 1178 1241
0 1280 1280 485 1275 1251
256 1280 1280 531 1269 1244
512 1280 1280 706 1263 1236
768 1280 1280 902 1261 1231
1024 1280 1280 1051 1276 1246
1280 1280 1280 1273 1280 1246
1536 1280 1280 1502 1285 1246
1792 1280 1280 1735 1291 1246
2048 1280 1280 1969 1298 1245
2303 1280 1280 2132 1348 1281
2559 1280 1280 2329 1388 1304
2815 1280 1280 2544 1421 1320
3071 1280 1280 2771 1451 1330
3327 1280 1280 3005 1478 1337
3583 1280 1280 3245 1500 1339
3839 1280 1280 3538 1477 1307
4095 1280 1280 3877 1394 1243
0 1536 1280 563 1526 1258
256 1536 1280 584 1519 1249
512 1536 1280 752 1512 1254
768 1536 1280 955 1506 1263
1024 1536 1280 1128 1511 1267
1280 1536 1280 1295 1528 1249
1536 1536 1280 1520 1532 1248
1792 1536 1280 1749 1536 1248
2048 1536 1280 1982 1542 1248
2303 1536 1280 2216 1549 1248
2559 1536 1280 2441 1562 1257
2815 1536 1280 2602 1616 1319
3071 1536 1280 2796 1657 1351
3327 1536 1280 3009 1692 1369
3583 1536 1280 3254 1708 1363
3839 1536 1280 3546 1689 1322
4095 1536 1280 3882 1621 1245
0 1792 1280 622 1772 1258
256 1792 1280 649 1769 1254
512 1792 1280 804 1763 1266
768 1792 1280 1002 1755 1284
1024 1792 1280 1198 1752 1303
1280 1792 1280 1347 1768 1279
1536 1792 1280 1541 1780 1252
1792 1792 1280 1767 1784 1251
2048 1792 1280 1998 1788 1251
2303 1792 1280 2229 1794 1251
2559 1792 1280 2452 1805 1269
2815 1792 1280 2666 1824 1293
3071 1792 1280 2874 1849 1321
3327 1792 1280 3041 1901 1389
3583 1792 1280 3271 1923 1390
3839 1792 1280 3555 1911 1341
4095 1792 1280 3889 1855 1249
0 2048 1280 682 2020 1258
256 2048 1280 719 2019 1259
512 2048 1280 860 2013 1275
768 2048 1280 1050 2006 1299
1024 2048 1280 1253 1999 1328
1280 2048 1280 1436 2002 1342
1536 2048 1280 1584 2022 1286
1792 2048 1280 1802 2025 1303
2048 2048 1280 2017 2032 1319
2303 2048 1280 2230 2042 1336
2559 2048 1280 2443 2056 1352
2815 2048 1280 2656 2073 1368
3071 2048 1280 2870 2093 1384
3327 2048 1280 3083 2116 1400
3583 2048 1280 3292 2144 1423
3839 2048 1280 3567 2139 1366
4095 2048 1280 3898 2094 1253
0 2303 1280 762 2268 1264
256 2303 1280 784 2269 1263
512 2303 1280 915 2264 1280
768 2303 1280 1099 2257 1308
1024 2303 1280 1303 2249 1343
1280 2303 1280 1502 2245 1375
1536 2303 1280 1674 2253 1371
1792 2303 1280 1864 2261 1373
2048 2303 1280 2065 2269 1384
2303 2303 1280 2269 2280 1395
2559 2303 1280 2476 2293 1407
2815 2303 1280 2685 2308 1418
3071 2303 1280 2896 2326 1430
3327 2303 1280 3108 2346 1442
3583 2303 1280 3321 2368 1455
3839 2303 1280 3580 2371 1399
4095 2303 1280 3907 2335 1258
0 2559 1280 830 2519 1267
256 2559 1280 857 2520 1269
512 2559 1280 975 2516 1286
768 2559 1280 1149 2509 1315
1024 2559 1280 1351 2501 1353
1280 2559 1280 1558 2494 1395
1536 2559 1280 1748 2494 1419
1792 2559 1280 1929 2501 1423
2048 2559 1280 2122 2509 1430
2303 2559 1280 2319 2518 1438
2559 2559 1280 2521 2530 1446
2815 2559 1280 2727 2543 1455
3071 2559 1280 2936 2559 1463
3327 2559 1280 3147 2576 1473
3583 2559 1280 3360 2595 1482
3839 2559 1280 3597 2606 1444
4095 2559 1280 3918 2578 1263
0 2815 1280 906 2769 1273
256 2815 1280 927 2772 1274
512 2815 1280 1038 2767 1292
768 2815 1280 1204 2761 1321
1024 2815 1280 1401 2753 1361
1280 2815 1280 1609 2745 1406
1536 2815 1280 1809 2741 1445
1792 2815 1280 1993 2744 1459
2048 2815 1280 2179 2751 1464
2303 2815 1280 2372 2760 1469
2559 2815 1280 2571 2770 1475
2815 2815 1280 2774 2782 1482
3071 2815 1280 2981 2795 1488
3327 2815 1280 3190 2809 1495
3583 2815 1280 3402 2826 1502
3839 2815 1280 3619 2843 1502
4095 2815 1280 3930 2823 1270
0 3071 1280 980 3020 1279
256 3071 1280 1001 3023 1280
512 3071 1280 1102 3019 1297
768 3071 1280 1259 3013 1326
1024 3071 1280 1450 3006 1366
1280 3071 1280 1658 2997 1414
1536 3071 1280 1864 2991 1460
1792 3071 1280 2054 2991 1487
2048 3071 1280 2236 2997 1490
2303 3071 1280 2425 3004 1494
2559 3071 1280 2621 3013 1498
2815 3071 1280 2822 3023 1503
3071 3071 1280 3027 3034 1508
3327 3071 1280 3235 3046 1513
3583 3071 1280 3446 3060 1519
3839 3071 1280 3659 3075 1524
4095 3071 1280 3943 3069 1278
0 3327 1280 1054 3272 1285
256 3327 1280 1076 3274 1287
512 3327 1280 1169 3271 1304
768 3327 1280 1318 3265 1332
1024 3327 1280 1502 3258 1371
1280 3327 1280 1707 3250 1420
1536 3327 1280 1915 3242 1470
1792 3327 1280 2113 3239 1508
2048 3327 1280 2291 3244 1511
2303 3327 1280 2476 3250 1514
2559 3327 1280 2670 3258 1517
2815 3327 1280 2869 3266 1521
3071 3327 1280 3072 3276 1524
3327 3327 1280 3279 3287 1528
3583 3327 1280 3489 3299 1532
3839 3327 1280 3701 3312 1537
4095 3327 1280 3957 3317 1290
0 3583 1280 1132 3521 1293
256 3583 1280 1149 3526 1294
512 3583 1280 1237 3523 1310
768 3583 1280 1378 3518 1338
1024 3583 1280 1556 3511 1376
1280 3583 1280 1756 3503 1425
1536 3583 1280 1964 3495 1477
1792 3583 1280 2168 3489 1523
2048 3583 1280 2344 3493 1528
2303 3583 1280 2527 3498 1530
2559 3583 1280 2718 3505 1533
2815 3583 1280 2915 3512 1535
3071 3583 1280 3116 3520 1538
3327 3583 1280 3322 3529 1541
3583 3583 1280 3531 3540 1544
3839 3583 1280 3742 3551 1547
4095 3583 1280 3972 3564 1347
0 3839 1280 1207 3774 1300
256 3839 1280 1225 3777 1302
512 3839 1280 1307 3774 1318
768 3839 1280 1440 3770 1344
1024 3839 1280 1610 3763 1382
1280 3839 1280 1806 3755 1429
1536 3839 1280 2013 3747 1483
1792 3839 1280 2221 3740 1536
2048 3839 1280 2396 3743 1543
2303 3839 1280 2576 3747 1544
2559 3839 1280 2765 3753 1546
2815 3839 1280 2960 3759 1548
3071 3839 1280 3160 3766 1550
3327 3839 1280 3364 3774 1552
3583 3839 1280 3572 3783 1555
3839 3839 1280 3782 3793 1557
4095 3839 1280 3995 3806 1476
0 4095 1280 1293 4013 1313
256 4095 1280 1307 4014 1312
512 4095 1280 1355 4017 1311
768 4095 1280 1440 4023 1310
1024 4095 1280 1558 4029 1308
1280 4095 1280 1706 4031 1308
1536 4095 1280 1875 4033 1309
1792 4095 1280 2059 4034 1308
2048 4095 1280 2255 4036 1309
2303 4095 1280 2459 4038 1309
2559 4095 1280 2669 4040 1308
2815 4095 1280 2885 4043 1307
3071 4095 1280 3106 4046 1309
3327 4095 1280 3329 4049 1308
3583 4095 1280 3555 4053 1308
3839 4095 1280 3783 4057 1310
4095 4095 1280 4001 4050 1308
0 0 1536 358 268 1492
256 0 1536 408 262 1490
512 0 1536 571 265 1488
768 0 1536 782 278 1488
1024 0 1536 1007 297 1487
1280 0 1536 1239 318 1488
1536 0 1536 1473 343 1488
1792 0 1536 1710 372 1488
2048 0 1536 1949 401 1488
2303 0 1536 2187 433 1488
2559 0 1536 2426 466 1488
2815 0 1536 2666 501 1488
3071 0 1536 2906 536 1487
3327 0 1536 3147 572 1487
3583 0 1536 3387 609 1487
3839 0 1536 3628 646 1486
4095 0 1536 3865 691 1487
0 256 1536 345 349 1490
256 256 1536 426 357 1459
512 256 1536 595 378 1419
768 256 1536 784 389 1437
1024 256 1536 1000 403 1453
1280 256 1536 1228 420 1465
1536 256 1536 1462 439 1473
1792 256 1536 1699 462 1479
2048 256 1536 1938 485 1483
2303 256 1536 2177 512 1485
2559 256 1536 2417 540 1486
2815 256 1536 2658 569 1487
3071 256 1536 2898 600 1488
3327 256 1536 3139 632 1488
3583 256 1536 3380 664 1488
3839 256 1536 3621 698 1488
4095 256 1536 3867 720 1486
0 512 1536 389 562 1493
256 512 1536 439 555 1471
512 512 1536 623 570 1395
768 512 1536 801 595 1354
1024 512 1536 992 614 1382
1280 512 1536 1205 633 1411
1536 512 1536 1433 651 1436
1792 512 1536 1667 670 1454
2048 512 1536 1906 689 1468
2303 512 1536 2146 709 1477
2559 512 1536 2387 730 1484
2815 512 1536 2630 752 1488
3071 512 1536 2872 776 1491
3327 512 1536 3115 801 1494
3583 512 1536 3358 826 1495
3839 512 1536 3600 853 1496
4095 512 1536 3869 825 1487
0 768 1536 414 792 1493
256 768 1536 470 787 1476
512 768 1536 650 791 1421
768 768 1536 834 804 1378
1024 768 1536 1022 808 1444
1280 768 1536 1215 842 1404
1536 768 1536 1421 870 1416
1792 768 1536 1641 895 1437
2048 768 1536 1872 917 1457
2303 768 1536 2108 938 1473
2559 768 1536 2348 959 1485
2815 768 1536 2590 980 1494
3071 768 1536 2833 1000 1500
3327 768 1536 3077 1022 1505
3583 768 1536 3321 1043 1508
3839 768 1536 3566 1065 1510
4095 768 1536 3871 988 1488
0 1024 1536 487 1044 1498
256 1024 1536 500 1029 1489
512 1024 1536 684 1028 1448
768 1024 1536 874 1032 1412
1024 1024 1536 1043 1038 1483
1280 1024 1536 1266 1042 1491
1536 1024 1536 1483 1058 1476
1792 1024 1536 1666 1099 1456
2048 1024 1536 1871 1132 1466
2303 1024 1536 2090 1161 1482
2559 1024 1536 2319 1187 1497
2815 1024 1536 2555 1211 1509
3071 1024 1536 2795 1234 1518
3327 1024 1536 3037 1255 1525
3583 1024 1536 3280 1277 1530
3839 1024 1536 3535 1286 1529
4095 1024 1536 3875 1184 1489
0 1280 1536 532 1285 1499
256 1280 1536 553 1275 1491
512 1280 1536 725 1271 1469
768 1280 1536 921 1270 1446
1024 1280 1536 1089 1278 1461
1280 1280 1536 1283 1286 1493
1536 1280 1536 1510 1290 1493
1792 1280 1536 1741 1296 1493
2048 1280 1536 1953 1316 1492
2303 1280 1536 2128 1361 1501
2559 1280 1536 2330 1398 1517
2815 1280 1536 2547 1430 1532
3071 1280 1536 2774 1458 1544
3327 1280 1536 3008 1484 1553
3583 1280 1536 3248 1507 1559
3839 1280 1536 3541 1482 1538
4095 1280 1536 3879 1399 1491
0 1536 1536 589 1530 1500
256 1536 1536 607 1524 1495
512 1536 1536 769 1518 1487
768 1536 1536 969 1513 1479
1024 1536 1536 1150 1516 1480
1280 1536 1536 1304 1532 1495
1536 1536 1536 1528 1536 1495
1792 1536 1536 1756 1541 1495
2048 1536 1536 1988 1547 1495
2303 1536 1536 2221 1553 1495
2559 1536 1536 2423 1579 1510
2815 1536 1536 2596 1627 1543
3071 1536 1536 2794 1666 1565
3327 1536 1536 3009 1699 1581
3583 1536 1536 3257 1714 1580
3839 1536 1536 3548 1693 1551
4095 1536 1536 3885 1626 1493
0 1792 1536 659 1776 1504
256 1792 1536 664 1773 1498
512 1792 1536 814 1768 1500
768 1792 1536 1013 1761 1505
1024 1792 1536 1210 1757 1513
1280 1792 1536 1360 1772 1509
1536 1792 1536 1549 1783 1498
1792 1792 1536 1774 1787 1497
2048 1792 1536 2003 1792 1497
2303 1792 1536 2235 1798 1497
2559 1792 1536 2469 1804 1497
2815 1792 1536 2704 1811 1497
3071 1792 1536 2866 1859 1555
3327 1792 1536 3039 1908 1603
3583 1792 1536 3273 1928 1604
3839 1792 1536 3558 1915 1567
4095 1792 1536 3891 1859 1496
0 2048 1536 710 2023 1503
256 2048 1536 736 2023 1502
512 2048 1536 872 2018 1510
768 2048 1536 1062 2010 1523
1024 2048 1536 1264 2004 1541
1280 2048 1536 1444 2006 1551
1536 2048 1536 1573 2032 1501
1792 2048 1536 1795 2035 1501
2048 2048 1536 2022 2040 1500
2303 2048 1536 2250 2044 1500
2559 2048 1536 2483 2050 1500
2815 2048 1536 2717 2056 1500
3071 2048 1536 2952 2062 1500
3327 2048 1536 3081 2123 1617
3583 2048 1536 3293 2149 1633
3839 2048 1536 3569 2143 1589
4095 2048 1536 3900 2097 1499
0 2303 1536 786 2270 1508
256 2303 1536 798 2273 1505
512 2303 1536 925 2268 1516
768 2303 1536 1108 2261 1535
1024 2303 1536 1313 2253 1561
1280 2303 1536 1510 2249 1585
1536 2303 1536 1674 2259 1578
1792 2303 1536 1819 2283 1504
2048 2303 1536 2042 2287 1504
2303 2303 1536 2269 2290 1515
2559 2303 1536 2493 2296 1536
2815 2303 1536 2712 2306 1555
3071 2303 1536 2929 2319 1574
3327 2303 1536 3144 2336 1594
3583 2303 1536 3321 2373 1665
3839 2303 1536 3583 2374 1617
4095 2303 1536 3909 2337 1503
0 2559 1536 856 2518 1512
256 2559 1536 867 2523 1509
512 2559 1536 984 2519 1522
768 2559 1536 1158 2512 1544
1024 2559 1536 1361 2504 1575
1280 2559 1536 1565 2497 1608
1536 2559 1536 1752 2498 1626
1792 2559 1536 1908 2513 1596
2048 2559 1536 2102 2521 1590
2303 2559 1536 2311 2528 1604
2559 2559 1536 2521 2537 1618
2815 2559 1536 2731 2548 1633
3071 2559 1536 2942 2562 1647
3327 2559 1536 3154 2578 1661
3583 2559 1536 3361 2599 1685
3839 2559 1536 3599 2609 1655
4095 2559 1536 3920 2581 1508
0 2815 1536 923 2770 1515
256 2815 1536 941 2774 1515
512 2815 1536 1048 2770 1529
768 2815 1536 1213 2764 1553
1024 2815 1536 1411 2755 1586
1280 2815 1536 1617 2747 1623
1536 2815 1536 1814 2744 1655
1792 2815 1536 1993 2749 1662
2048 2815 1536 2172 2758 1655
2303 2815 1536 2368 2765 1665
2559 2815 1536 2569 2775 1676
2815 2815 1536 2773 2786 1686
3071 2815 1536 2979 2799 1697
3327 2815 1536 3188 2814 1708
3583 2815 1536 3398 2830 1719
3839 2815 1536 3619 2846 1707
4095 2815 1536 3932 2825 1513
0 3071 1536 999 3018 1520
256 3071 1536 1011 3025 1519
512 3071 1536 1110 3022 1533
768 3071 1536 1266 3016 1558
1024 3071 1536 1458 3008 1592
1280 3071 1536 1666 2999 1634
1536 3071 1536 1869 2993 1673
1792 3071 1536 2061 2992 1700
2048 3071 1536 2241 2998 1704
2303 3071 1536 2429 3006 1711
2559 3071 1536 2624 3014 1719
2815 3071 1536 2823 3024 1727
3071 3071 1536 3026 3036 1735
3327 3071 1536 3231 3050 1744
3583 3071 1536 3439 3064 1753
3839 3071 1536 3650 3081 1761
4095 3071 1536 3945 3072 1521
0 3327 1536 1070 3271 1525
256 3327 1536 1086 3276 1526
512 3327 1536 1177 3273 1539
768 3327 1536 1325 3267 1564
1024 3327 1536 1511 3260 1599
1280 3327 1536 1714 3251 1642
1536 3327 1536 1920 3244 1685
1792 3327 1536 2121 3240 1724
2048 3327 1536 2307 3242 1742
2303 3327 1536 2490 3249 1747
2559 3327 1536 2680 3256 1753
2815 3327 1536 2875 3265 1759
3071 3327 1536 3075 3276 1765
3327 3327 1536 3279 3288 1772
3583 3327 1536 3485 3301 1779
3839 3327 1536 3693 3315 1786
4095 3327 1536 3960 3318 1527
0 3583 1536 1145 3521 1531
256 3583 1536 1159 3527 1532
512 3583 1536 1245 3525 1545
768 3583 1536 1385 3519 1569
1024 3583 1536 1563 3512 1604
1280 3583 1536 1764 3504 1648
1536 3583 1536 1970 3496 1694
1792 3583 1536 2175 3490 1739
2048 3583 1536 2370 3488 1771
2303 3583 1536 2549 3494 1776
2559 3583 1536 2735 3501 1780
2815 3583 1536 2928 3509 1785
3071 3583 1536 3125 3518 1790
3327 3583 1536 3327 3528 1795
3583 3583 1536 3531 3540 1800
3839 3583 1536 3739 3552 1806
4095 3583 1536 3974 3566 1567
0 3839 1536 1221 3772 1538
256 3839 1536 1233 3779 1538
512 3839 1536 1313 3776 1551
768 3839 1536 1446 3771 1575
1024 3839 1536 1617 3765 1609
1280 3839 1536 1814 3756 1653
1536 3839 1536 2019 3748 1700
1792 3839 1536 2227 3741 1750
2048 3839 1536 2429 3737 1792
2303 3839 1536 2606 3741 1800
2559 3839 1536 2789 3747 1803
2815 3839 1536 2979 3754 1806
3071 3839 1536 3175 3762 1810
3327 3839 1536 3374 3771 1814
3583 3839 1536 3577 3781 1818
3839 3839 1536 3784 3792 1822
4095 3839 1536 3993 3805 1807
0 4095 1536 1308 4007 1547
256 4095 1536 1321 4009 1547
512 4095 1536 1367 4014 1546
768 4095 1536 1449 4023 1545
1024 4095 1536 1565 4032 1543
1280 4095 1536 1714 4033 1544
1536 4095 1536 1881 4034 1544
1792 4095 1536 2065 4036 1544
2048 4095 1536 2260 4037 1544
2303 4095 1536 2463 4039 1544
2559 4095 1536 2673 4042 1544
2815 4095 1536 2889 4044 1544
3071 4095 1536 3109 4047 1544
3327 4095 1536 3332 4051 1542
3583 4095 1536 3558 4054 1544
3839 4095 1536 3786 4058 1546
4095 4095 1536 4000 4047 1543
0 0 1792 418 312 1738
256 0 1792 458 306 1738
512 0 1792 603 307 1736
768 0 1792 804 317 1736
1024 0 1792 1023 333 1735
1280 0 1792 1251 351 1736
1536 0 1792 1484 375 1736
1792 0 1792 1719 400 1736
2048 0 1792 1956 427 1736
2303 0 1792 2193 458 1736
2559 0 1792 2432 489 1736
2815 0 1792 2671 521 1736
3071 0 1792 2911 556 1736
3327 0 1792 3151 590 1736
3583 0 1792 3391 625 1735
3839 0 1792 3631 661 1735
4095 0 1792 3854 732 1735
0 256 1792 398 380 1737
256 256 1792 471 387 1711
512 256 1792 630 407 1671
768 256 1792 812 416 1685
1024 256 1792 1021 430 1698
1280 256 1792 1244 445 1709
1536 256 1792 1474 463 1717
1792 256 1792 1709 484 1723
2048 256 1792 1946 506 1728
2303 256 1792 2184 532 1730
2559 256 1792 2423 559 1733
2815 256 1792 2663 587 1734
3071 256 1792 2903 617 1735
3327 256 1792 3144 647 1736
3583 256 1792 3384 679 1736
3839 256 1792 3625 712 1736
4095 256 1792 3861 751 1735
0 512 1792 428 576 1738
256 512 1792 483 574 1719
512 512 1792 658 590 1647
768 512 1792 838 618 1583
1024 512 1792 1022 634 1612
1280 512 1792 1229 650 1642
1536 512 1792 1451 667 1668
1792 512 1792 1681 685 1688
2048 512 1792 1917 704 1703
2303 512 1792 2155 723 1714
2559 512 1792 2395 744 1723
2815 512 1792 2636 765 1729
3071 512 1792 2878 789 1733
3327 512 1792 3120 812 1736
3583 512 1792 3362 838 1738
3839 512 1792 3604 864 1740
4095 512 1792 3872 838 1735
0 768 1792 458 803 1739
256 768 1792 509 799 1725
512 768 1792 681 805 1668
768 768 1792 867 821 1605
1024 768 1792 1045 835 1619
1280 768 1792 1236 861 1611
1536 768 1792 1440 885 1630
1792 768 1792 1658 908 1656
2048 768 1792 1885 929 1678
2303 768 1792 2119 950 1697
2559 768 1792 2357 970 1713
2815 768 1792 2598 990 1724
3071 768 1792 2840 1010 1733
3327 768 1792 3083 1031 1740
3583 768 1792 3326 1052 1745
3839 768 1792 3570 1074 1748
4095 768 1792 3874 998 1736
0 1024 1792 526 1050 1741
256 1024 1792 536 1038 1736
512 1024 1792 708 1039 1693
768 1024 1792 902 1045 1638
1024 1024 1792 1078 1056 1636
1280 1024 1792 1279 1051 1739
1536 1024 1792 1481 1080 1683
1792 1024 1792 1673 1115 1665
2048 1024 1792 1881 1145 1677
2303 1024 1792 2100 1172 1695
2559 1024 1792 2328 1197 1712
2815 1024 1792 2563 1220 1728
3071 1024 1792 2802 1242 1740
3327 1024 1792 3043 1263 1750
3583 1024 1792 3285 1284 1758
3839 1024 1792 3541 1292 1761
4095 1024 1792 3878 1192 1737
0 1280 1792 558 1288 1742
256 1280 1792 588 1282 1736
512 1280 1792 748 1280 1708
768 1280 1792 943 1280 1671
1024 1280 1792 1123 1287 1658
1280 1280 1792 1295 1292 1740
1536 1280 1792 1520 1297 1740
1792 1280 1792 1750 1303 1740
2048 1280 1792 1943 1335 1718
2303 1280 1792 2129 1375 1716
2559 1280 1792 2334 1409 1728
2815 1280 1792 2552 1439 1743
3071 1280 1792 2780 1467 1757
3327 1280 1792 3013 1492 1769
3583 1280 1792 3251 1515 1778
3839 1280 1792 3545 1489 1769
4095 1280 1792 3882 1406 1739
0 1536 1792 627 1536 1744
256 1536 1792 633 1530 1742
512 1536 1792 788 1526 1725
768 1536 1792 985 1522 1702
1024 1536 1792 1174 1523 1689
1280 1536 1792 1320 1537 1738
1536 1536 1792 1538 1541 1742
1792 1536 1792 1765 1546 1742
2048 1536 1792 1995 1552 1742
2303 1536 1792 2227 1559 1742
2559 1536 1792 2410 1596 1746
2815 1536 1792 2593 1639 1761
3071 1536 1792 2795 1676 1778
3327 1536 1792 3011 1708 1793
3583 1536 1792 3260 1721 1797
3839 1536 1792 3552 1699 1780
4095 1536 1792 3888 1631 1741
0 1792 1792 688 1781 1746
256 1792 1792 690 1778 1745
512 1792 1792 834 1774 1738
768 1792 1792 1027 1768 1729
1024 1792 1792 1226 1765 1724
1280 1792 1792 1390 1774 1732
1536 1792 1792 1559 1788 1744
1792 1792 1792 1782 1792 1744
2048 1792 1792 2011 1797 1744
2303 1792 1792 2241 1802 1744
2559 1792 1792 2474 1809 1744
2815 1792 1792 2709 1816 1744
3071 1792 1792 2859 1871 1784
3327 1792 1792 3039 1917 1815
3583 1792 1792 3276 1934 1818
3839 1792 1792 3562 1919 1795
4095 1792 1792 3894 1864 1743
0 2048 1792 732 2027 1748
256 2048 1792 760 2026 1747
512 2048 1792 891 2022 1748
768 2048 1792 1077 2016 1750
1024 2048 1792 1277 2010 1755
1280 2048 1792 1460 2012 1761
1536 2048 1792 1583 2036 1747
1792 2048 1792 1803 2039 1747
2048 2048 1792 2029 2043 1747
2303 2048 1792 2257 2048 1746
2559 2048 1792 2488 2054 1746
2815 2048 1792 2722 2060 1746
3071 2048 1792 2938 2075 1761
3327 2048 1792 3078 2131 1834
3583 2048 1792 3296 2155 1845
3839 2048 1792 3573 2147 1813
4095 2048 1792 3903 2101 1745
0 2303 1792 818 2271 1752
256 2303 1792 818 2276 1750
512 2303 1792 940 2272 1755
768 2303 1792 1121 2265 1765
1024 2303 1792 1325 2257 1779
1280 2303 1792 1521 2254 1794
1536 2303 1792 1683 2264 1792
1792 2303 1792 1827 2287 1750
2048 2303 1792 2049 2290 1750
2303 2303 1792 2275 2294 1749
2559 2303 1792 2504 2299 1749
2815 2303 1792 2736 2304 1749
3071 2303 1792 2970 2310 1749
3327 2303 1792 3135 2346 1831
3583 2303 1792 3322 2378 1874
3839 2303 1792 3586 2378 1838
4095 2303 1792 3912 2341 1749
0 2559 1792 876 2521 1754
256 2559 1792 886 2526 1754
512 2559 1792 1001 2522 1762
768 2559 1792 1173 2515 1777
1024 2559 1792 1374 2507 1798
1280 2559 1792 1575 2501 1820
1536 2559 1792 1759 2502 1834
1792 2559 1792 1906 2520 1806
2048 2559 1792 2073 2539 1753
2303 2559 1792 2296 2543 1753
2559 2559 1792 2523 2547 1753
2815 2559 1792 2753 2551 1752
3071 2559 1792 2985 2557 1752
3327 2559 1792 3213 2564 1761
3583 2559 1792 3358 2605 1901
3839 2559 1792 3603 2613 1870
4095 2559 1792 3923 2584 1753
0 2815 1792 945 2770 1758
256 2815 1792 956 2777 1758
512 2815 1792 1063 2773 1768
768 2815 1792 1227 2766 1786
1024 2815 1792 1423 2758 1812
1280 2815 1792 1625 2751 1840
1536 2815 1792 1822 2747 1865
1792 2815 1792 1995 2753 1869
2048 2815 1792 2135 2776 1809
2303 2815 1792 2334 2785 1791
2559 2815 1792 2555 2789 1809
2815 2815 1792 2773 2795 1827
3071 2815 1792 2989 2804 1844
3327 2815 1792 3204 2815 1861
3583 2815 1792 3418 2829 1879
3839 2815 1792 3622 2849 1913
4095 2815 1792 3935 2828 1757
0 3071 1792 1020 3018 1762
256 3071 1792 1024 3028 1762
512 3071 1792 1123 3024 1773
768 3071 1792 1280 3018 1793
1024 3071 1792 1471 3010 1822
1280 3071 1792 1674 3002 1854
1536 3071 1792 1877 2996 1886
1792 3071 1792 2066 2996 1908
2048 3071 1792 2232 3006 1897
2303 3071 1792 2407 3018 1875
2559 3071 1792 2611 3024 1888
2815 3071 1792 2818 3032 1901
3071 3071 1792 3025 3042 1914
3327 3071 1792 3234 3054 1927
3583 3071 1792 3443 3068 1940
3839 3071 1792 3649 3085 1968
4095 3071 1792 3948 3074 1763
0 3327 1792 1086 3272 1767
256 3327 1792 1100 3278 1768
512 3327 1792 1191 3275 1779
768 3327 1792 1338 3270 1800
1024 3327 1792 1522 3262 1830
1280 3327 1792 1722 3254 1864
1536 3327 1792 1928 3246 1902
1792 3327 1792 2126 3243 1934
2048 3327 1792 2309 3246 1948
2303 3327 1792 2481 3255 1938
2559 3327 1792 2674 3262 1947
2815 3327 1792 2872 3271 1956
3071 3327 1792 3074 3280 1966
3327 3327 1792 3277 3292 1977
3583 3327 1792 3483 3305 1987
3839 3327 1792 3691 3319 1998
4095 3327 1792 3964 3321 1769
0 3583 1792 1163 3519 1772
256 3583 1792 1170 3530 1772
512 3583 1792 1256 3527 1784
768 3583 1792 1396 3521 1805
1024 3583 1792 1575 3514 1836
1280 3583 1792 1771 3506 1872
1536 3583 1792 1977 3498 1913
1792 3583 1792 2181 3492 1952
2048 3583 1792 2374 3491 1981
2303 3583 1792 2552 3496 1987
2559 3583 1792 2738 3503 1993
2815 3583 1792 2931 3511 2000
3071 3583 1792 3127 3520 2008
3327 3583 1792 3327 3530 2016
3583 3583 1792 3530 3542 2024
3839 3583 1792 3736 3556 2033
4095 3583 1792 3979 3568 1782
0 3839 1792 1236 3771 1777
256 3839 1792 1245 3781 1777
512 3839 1792 1325 3778 1789
768 3839 1792 1457 3773 1811
1024 3839 1792 1628 3766 1842
1280 3839 1792 1821 3758 1878
1536 3839 1792 2025 3750 1921
1792 3839 1792 2233 3743 1965
2048 3839 1792 2433 3739 2003
2303 3839 1792 2620 3740 2025
2559 3839 1792 2801 3746 2030
2815 3839 1792 2989 3753 2036
3071 3839 1792 3182 3762 2042
3327 3839 1792 3379 3771 2048
3583 3839 1792 3580 3782 2055
3839 3839 1792 3783 3794 2062
4095 3839 1792 3989 3807 2069
0 4095 1792 1325 4002 1784
256 4095 1792 1336 4005 1784
512 4095 1792 1379 4015 1784
768 4095 1792 1457 4029 1783
1024 4095 1792 1576 4034 1783
1280 4095 1792 1723 4034 1784
1536 4095 1792 1888 4036 1783
1792 4095 1792 2072 4037 1783
2048 4095 1792 2265 4039 1782
2303 4095 1792 2469 4041 1783
2559 4095 1792 2679 4043 1783
2815 4095 1792 2894 4046 1784
3071 4095 1792 3114 4049 1784
3327 4095 1792 3336 4053 1782
3583 4095 1792 3561 4056 1784
3839 4095 1792 3789 4060 1785
4095 4095 1792 3999 4045 1781
0 0 2048 477 357 1984
256 0 2048 512 352 1985
512 0 2048 638 348 1985
768 0 2048 829 357 1985
1024 0 2048 1042 371 1984
1280 0 2048 1267 387 1985
1536 0 2048 1496 408 1984
1792 0 2048 1730 431 1984
2048 0 2048 1965 456 1985
2303 0 2048 2201 484 1984
2559 0 2048 2439 513 1984
2815 0 2048 2678 544 1984
3071 0 2048 2916 576 1984
3327 0 2048 3156 609 1984
3583 0 2048 3396 643 1984
3839 0 2048 3636 678 1983
4095 0 2048 3871 723 1983
0 256 2048 452 412 1985
256 256 2048 517 420 1962
512 256 2048 666 437 1928
768 256 2048 841 446 1935
1024 256 2048 1044 458 1946
1280 256 2048 1262 472 1956
1536 256 2048 1489 489 1963
1792 256 2048 1721 509 1969
2048 256 2048 1957 530 1974
2303 256 2048 2192 554 1977
2559 256 2048 2431 579 1979
2815 256 2048 2670 606 1981
3071 256 2048 2909 635 1982
3327 256 2048 3149 665 1983
3583 256 2048 3389 696 1983
3839 256 2048 3629 728 1983
4095 256 2048 3876 746 1983
0 512 2048 475 594 1985
256 512 2048 529 595 1968
512 512 2048 694 611 1901
768 512 2048 876 641 1825
1024 512 2048 1053 655 1849
1280 512 2048 1254 670 1878
1536 512 2048 1471 685 1904
1792 512 2048 1697 702 1924
2048 512 2048 1930 720 1941
2303 512 2048 2166 739 1953
2559 512 2048 2404 759 1963
2815 512 2048 2644 780 1970
3071 512 2048 2885 802 1975
3327 512 2048 3126 826 1979
3583 512 2048 3367 850 1982
3839 512 2048 3609 876 1984
4095 512 2048 3877 849 1984
0 768 2048 500 814 1986
256 768 2048 553 814 1972
512 768 2048 714 821 1918
768 768 2048 900 838 1845
1024 768 2048 1078 860 1810
1280 768 2048 1262 881 1824
1536 768 2048 1462 902 1849
1792 768 2048 1677 923 1877
2048 768 2048 1901 943 1903
2303 768 2048 2132 962 1924
2559 768 2048 2368 982 1942
2815 768 2048 2607 1001 1956
3071 768 2048 2848 1021 1967
3327 768 2048 3090 1041 1975
3583 768 2048 3333 1062 1982
3839 768 2048 3575 1084 1987
4095 768 2048 3879 1007 1984
0 1024 2048 550 1054 1986
256 1024 2048 582 1048 1980
512 1024 2048 740 1051 1937
768 1024 2048 930 1058 1875
1024 1024 2048 1111 1073 1837
1280 1024 2048 1293 1071 1937
1536 1024 2048 1491 1102 1882
1792 1024 2048 1687 1132 1873
2048 1024 2048 1895 1160 1888
2303 1024 2048 2113 1185 1909
2559 1024 2048 2340 1208 1930
2815 1024 2048 2573 1230 1948
3071 1024 2048 2810 1251 1964
3327 1024 2048 3050 1272 1976
3583 1024 2048 3292 1292 1986
3839 1024 2048 3543 1304 1994
4095 1024 2048 3882 1200 1985
0 1280 2048 586 1293 1988
256 1280 2048 627 1290 1981
512 1280 2048 777 1289 1949
768 1280 2048 966 1291 1904
1024 1280 2048 1152 1299 1869
1280 1280 2048 1322 1307 1919
1536 1280 2048 1532 1305 1988
1792 1280 2048 1760 1311 1988
2048 1280 2048 1941 1354 1932
2303 1280 2048 2134 1390 1926
2559 1280 2048 2342 1422 1938
2815 1280 2048 2561 1450 1954
3071 1280 2048 2788 1476 1971
3327 1280 2048 3020 1500 1986
3583 1280 2048 3258 1523 1998
3839 1280 2048 3549 1497 2001
4095 1280 2048 3887 1412 1986
0 1536 2048 642 1538 1989
256 1536 2048 674 1536 1986
512 1536 2048 816 1533 1965
768 1536 2048 1005 1531 1933
1024 1536 2048 1197 1533 1904
1280 1536 2048 1366 1542 1920
1536 1536 2048 1549 1548 1990
1792 1536 2048 1775 1553 1990
2048 1536 2048 2004 1558 1989
2303 1536 2048 2235 1565 1989
2559 1536 2048 2404 1613 1970
2815 1536 2048 2593 1652 1976
3071 1536 2048 2799 1687 1989
3327 1536 2048 3016 1717 2004
3583 1536 2048 3264 1729 2014
3839 1536 2048 3557 1706 2011
4095 1536 2048 3892 1636 1988
0 1792 2048 703 1784 1991
256 1792 2048 727 1783 1990
512 1792 2048 862 1780 1977
768 1792 2048 1047 1775 1958
1024 1792 2048 1243 1773 1940
1280 1792 2048 1421 1779 1940
1536 1792 2048 1570 1793 1991
1792 1792 2048 1792 1797 1991
2048 1792 2048 2019 1802 1991
2303 1792 2048 2248 1808 1991
2559 1792 2048 2481 1814 1991
2815 1792 2048 2712 1822 1991
3071 1792 2048 2858 1882 2007
3327 1792 2048 3043 1926 2026
3583 1792 2048 3280 1942 2033
3839 1792 2048 3566 1926 2023
4095 1792 2048 3899 1868 1990
0 2048 2048 754 2032 1994
256 2048 2048 789 2031 1992
512 2048 2048 916 2027 1987
768 2048 2048 1095 2022 1979
1024 2048 2048 1293 2017 1972
1280 2048 2048 1479 2018 1971
1536 2048 2048 1621 2034 1986
1792 2048 2048 1813 2044 1994
2048 2048 2048 2037 2048 1993
2303 2048 2048 2264 2053 1993
2559 2048 2048 2495 2058 1993
2815 2048 2048 2728 2064 1993
3071 2048 2048 2925 2089 2009
3327 2048 2048 3078 2140 2047
3583 2048 2048 3300 2161 2057
3839 2048 2048 3577 2153 2039
4095 2048 2048 3907 2105 1992
0 2303 2048 825 2279 1996
256 2303 2048 848 2280 1996
512 2303 2048 967 2276 1996
768 2303 2048 1141 2270 1996
1024 2303 2048 1340 2263 1999
1280 2303 2048 1535 2260 2004
1536 2303 2048 1701 2268 2008
1792 2303 2048 1836 2291 1996
2048 2303 2048 2058 2294 1996
2303 2303 2048 2282 2298 1996
2559 2303 2048 2511 2303 1996
2815 2303 2048 2742 2308 1995
3071 2303 2048 2975 2314 1995
3327 2303 2048 3129 2356 2059
3583 2303 2048 3325 2385 2085
3839 2303 2048 3590 2383 2060
4095 2303 2048 3916 2344 1995
0 2559 2048 888 2528 1999
256 2559 2048 914 2529 2000
512 2559 2048 1024 2526 2003
768 2559 2048 1190 2520 2010
1024 2559 2048 1386 2512 2020
1280 2559 2048 1586 2507 2033
1536 2559 2048 1771 2507 2043
1792 2559 2048 1913 2525 2028
2048 2559 2048 2081 2542 1999
2303 2559 2048 2303 2546 1999
2559 2559 2048 2529 2550 1998
2815 2559 2048 2759 2555 1998
3071 2559 2048 2990 2560 1998
3327 2559 2048 3216 2568 2007
3583 2559 2048 3358 2611 2113
3839 2559 2048 3607 2617 2087
4095 2559 2048 3927 2587 1998
0 2815 2048 955 2779 2002
256 2815 2048 982 2779 2004
512 2815 2048 1084 2776 2010
768 2815 2048 1243 2770 2021
1024 2815 2048 1434 2762 2037
1280 2815 2048 1636 2755 2056
1536 2815 2048 1832 2752 2075
1792 2815 2048 2003 2758 2078
2048 2815 2048 2129 2784 2025
2303 2815 2048 2326 2795 2002
2559 2815 2048 2550 2798 2002
2815 2815 2048 2777 2802 2002
3071 2815 2048 3007 2807 2001
3327 2815 2048 3238 2812 2001
3583 2815 2048 3411 2837 2115
3839 2815 2048 3626 2853 2124
4095 2815 2048 3939 2831 2001
0 3071 2048 1029 3027 2006
256 3071 2048 1049 3030 2008
512 3071 2048 1145 3027 2015
768 3071 2048 1295 3021 2029
1024 3071 2048 1481 3014 2049
1280 3071 2048 1683 3006 2073
1536 3071 2048 1886 3000 2099
1792 3071 2048 2073 3000 2117
2048 3071 2048 2233 3012 2104
2303 3071 2048 2353 3043 2009
2559 3071 2048 2572 3047 2005
2815 3071 2048 2797 3051 2005
3071 3071 2048 3026 3054 2020
3327 3071 2048 3250 3059 2042
3583 3071 2048 3471 3068 2062
3839 3071 2048 3651 3090 2173
4095 3071 2048 3953 3077 2006
0 3327 2048 1098 3279 2010
256 3327 2048 1121 3281 2012
512 3327 2048 1209 3278 2021
768 3327 2048 1351 3272 2036
1024 3327 2048 1531 3265 2058
1280 3327 2048 1731 3257 2087
1536 3327 2048 1937 3249 2118
1792 3327 2048 2134 3246 2145
2048 3327 2048 2312 3250 2155
2303 3327 2048 2465 3266 2123
2559 3327 2048 2637 3282 2083
2815 3327 2048 2851 3286 2098
3071 3327 2048 3065 3292 2114
3327 3327 2048 3277 3300 2129
3583 3327 2048 3490 3310 2145
3839 3327 2048 3702 3322 2161
4095 3327 2048 3967 3323 2012
0 3583 2048 1173 3528 2014
256 3583 2048 1191 3532 2016
512 3583 2048 1274 3529 2026
768 3583 2048 1410 3524 2043
1024 3583 2048 1584 3517 2067
1280 3583 2048 1781 3509 2098
1536 3583 2048 1987 3500 2133
1792 3583 2048 2188 3495 2166
2048 3583 2048 2379 3494 2190
2303 3583 2048 2551 3501 2189
2559 3583 2048 2716 3515 2160
2815 3583 2048 2916 3521 2171
3071 3583 2048 3118 3529 2183
3327 3583 2048 3323 3538 2195
3583 3583 2048 3529 3548 2207
3839 3583 2048 3737 3560 2220
4095 3583 2048 3983 3570 2024
0 3839 2048 1246 3779 2019
256 3839 2048 1263 3783 2021
512 3839 2048 1341 3780 2031
768 3839 2048 1470 3775 2048
1024 3839 2048 1637 3769 2073
1280 3839 2048 1829 3761 2105
1536 3839 2048 2035 3752 2143
1792 3839 2048 2240 3745 2181
2048 3839 2048 2438 3741 2214
2303 3839 2048 2623 3743 2231
2559 3839 2048 2798 3751 2229
2815 3839 2048 2985 3759 2233
3071 3839 2048 3178 3767 2239
3327 3839 2048 3377 3776 2247
3583 3839 2048 3578 3786 2257
3839 3839 2048 3782 3798 2267
4095 3839 2048 3987 3811 2279
0 4095 2048 1333 4011 2023
256 4095 2048 1343 4017 2023
512 4095 2048 1381 4035 2024
768 4095 2048 1468 4035 2025
1024 4095 2048 1588 4035 2025
1280 4095 2048 1733 4036 2025
1536 4095 2048 1898 4038 2025
1792 4095 2048 2080 4039 2025
2048 4095 2048 2273 4041 2025
2303 4095 2048 2475 4043 2025
2559 4095 2048 2685 4045 2025
2815 4095 2048 2899 4048 2025
3071 4095 2048 3118 4051 2025
3327 4095 2048 3340 4055 2025
3583 4095 2048 3565 4058 2025
3839 4095 2048 3793 4062 2025
4095 4095 2048 3999 4043 2021
0 0 2303 536 401 2229
256 0 2303 566 396 2230
512 0 2303 676 390 2232
768 0 2303 857 398 2232
1024 0 2303 1064 410 2231
1280 0 2303 1284 424 2232
1536 0 2303 1510 443 2231
1792 0 2303 1741 465 2231
2048 0 2303 1975 487 2232
2303 0 2303 2210 514 2231
2559 0 2303 2446 541 2231
2815 0 2303 2684 570 2231
3071 0 2303 2922 601 2231
3327 0 2303 3161 632 2231
3583 0 2303 3401 665 2231
3839 0 2303 3640 699 2231
4095 0 2303 3862 766 2227
0 256 2303 507 447 2232
256 256 2303 565 454 2212
512 256 2303 703 469 2183
768 256 2303 872 478 2185
1024 256 2303 1069 489 2193
1280 256 2303 1282 502 2202
1536 256 2303 1505 518 2209
1792 256 2303 1735 536 2214
2048 256 2303 1968 556 2219
2303 256 2303 2202 579 2222
2559 256 2303 2439 603 2224
2815 256 2303 2677 629 2226
3071 256 2303 2915 657 2228
3327 256 2303 3155 685 2229
3583 256 2303 3394 715 2229
3839 256 2303 3634 747 2230
4095 256 2303 3869 784 2228
0 512 2303 527 617 2232
256 512 2303 575 618 2217
512 512 2303 731 634 2154
768 512 2303 914 664 2073
1024 512 2303 1086 678 2090
1280 512 2303 1281 691 2118
1536 512 2303 1493 706 2142
1792 512 2303 1716 721 2162
2048 512 2303 1945 738 2179
2303 512 2303 2178 756 2192
2559 512 2303 2415 776 2202
2815 512 2303 2653 797 2210
3071 512 2303 2893 819 2216
3327 512 2303 3133 842 2221
3583 512 2303 3373 866 2225
3839 512 2303 3614 891 2227
4095 512 2303 3881 866 2231
0 768 2303 550 830 2233
256 768 2303 597 830 2220
512 768 2303 750 838 2167
768 768 2303 934 855 2092
1024 768 2303 1114 882 2030
1280 768 2303 1293 902 2042
1536 768 2303 1488 921 2072
1792 768 2303 1699 939 2102
2048 768 2303 1920 958 2129
2303 768 2303 2148 976 2153
2559 768 2303 2382 995 2172
2815 768 2303 2619 1014 2188
3071 768 2303 2858 1033 2200
3327 768 2303 3098 1053 2210
3583 768 2303 3340 1074 2218
3839 768 2303 3582 1095 2225
4095 768 2303 3883 1021 2231
0 1024 2303 603 1067 2231
256 1024 2303 620 1060 2230
512 1024 2303 774 1064 2182
768 1024 2303 960 1072 2118
1024 1024 2303 1145 1089 2060
1280 1024 2303 1321 1103 2074
1536 1024 2303 1511 1123 2079
1792 1024 2303 1706 1150 2082
2048 1024 2303 1913 1175 2101
2303 1024 2303 2129 1198 2125
2559 1024 2303 2354 1220 2149
2815 1024 2303 2586 1241 2170
3071 1024 2303 2821 1262 2187
3327 1024 2303 3060 1282 2202
3583 1024 2303 3300 1302 2214
3839 1024 2303 3551 1313 2225
4095 1024 2303 3886 1211 2232
0 1280 2303 636 1303 2233
256 1280 2303 662 1300 2229
512 1280 2303 807 1300 2194
768 1280 2303 993 1303 2141
1024 1280 2303 1181 1312 2092
1280 1280 2303 1356 1324 2092
1536 1280 2303 1546 1314 2235
1792 1280 2303 1759 1335 2188
2048 1280 2303 1947 1373 2137
2303 1280 2303 2144 1406 2134
2559 1280 2303 2353 1435 2148
2815 1280 2303 2572 1462 2166
3071 1280 2303 2798 1487 2185
3327 1280 2303 3030 1510 2202
3583 1280 2303 3266 1532 2217
3839 1280 2303 3553 1508 2231
4095 1280 2303 3890 1421 2233
0 1536 2303 690 1547 2233
256 1536 2303 704 1543 2234
512 1536 2303 844 1542 2207
768 1536 2303 1030 1541 2167
1024 1536 2303 1221 1544 2127
1280 1536 2303 1399 1553 2116
1536 1536 2303 1565 1556 2225
1792 1536 2303 1786 1560 2236
2048 1536 2303 2014 1566 2236
2303 1536 2303 2223 1586 2213
2559 1536 2303 2402 1630 2185
2815 1536 2303 2597 1666 2186
3071 1536 2303 2805 1699 2199
3327 1536 2303 3023 1728 2214
3583 1536 2303 3270 1739 2230
3839 1536 2303 3561 1715 2240
4095 1536 2303 3896 1644 2235
0 1792 2303 753 1791 2232
256 1792 2303 754 1790 2238
512 1792 2303 884 1787 2220
768 1792 2303 1069 1784 2191
1024 1792 2303 1264 1783 2161
1280 1792 2303 1448 1788 2147
1536 1792 2303 1605 1799 2195
1792 1792 2303 1803 1804 2238
2048 1792 2303 2029 1808 2238
2303 1792 2303 2257 1814 2238
2559 1792 2303 2488 1820 2237
2815 1792 2303 2694 1844 2229
3071 1792 2303 2862 1892 2225
3327 1792 2303 3048 1936 2235
3583 1792 2303 3285 1950 2248
3839 1792 2303 3570 1934 2251
4095 1792 2303 3903 1875 2236
0 2048 2303 792 2037 2238
256 2048 2303 815 2037 2238
512 2048 2303 937 2034 2228
768 2048 2303 1114 2029 2211
1024 2048 2303 1310 2025 2192
1280 2048 2303 1499 2026 2181
1536 2048 2303 1661 2036 2196
1792 2048 2303 1824 2049 2240
2048 2048 2303 2047 2053 2240
2303 2048 2303 2273 2058 2239
2559 2048 2303 2502 2063 2239
2815 2048 2303 2734 2069 2239
3071 2048 2303 2924 2099 2242
3327 2048 2303 3082 2149 2258
3583 2048 2303 3305 2169 2270
3839 2048 2303 3582 2159 2265
4095 2048 2303 3911 2110 2238
0 2303 2303 868 2280 2237
256 2303 2303 869 2285 2242
512 2303 2303 984 2282 2237
768 2303 2303 1157 2276 2229
1024 2303 2303 1354 2270 2220
1280 2303 2303 1551 2267 2215
1536 2303 2303 1724 2273 2219
1792 2303 2303 1847 2295 2242
2048 2303 2303 2067 2299 2242
2303 2303 2303 2291 2303 2242
2559 2303 2303 2518 2308 2241
2815 2303 2303 2749 2313 2241
3071 2303 2303 2981 2319 2241
3327 2303 2303 3128 2365 2278
3583 2303 2303 3329 2392 2295
3839 2303 2303 3595 2389 2283
4095 2303 2303 3920 2349 2241
0 2559 2303 928 2528 2240
256 2559 2303 931 2534 2245
512 2559 2303 1039 2531 2244
768 2559 2303 1203 2525 2243
1024 2559 2303 1398 2519 2244
1280 2559 2303 1599 2513 2246
1536 2559 2303 1787 2513 2252
1792 2559 2303 1936 2527 2254
2048 2559 2303 2090 2547 2244
2303 2559 2303 2311 2550 2244
2559 2559 2303 2537 2554 2244
2815 2559 2303 2765 2559 2244
3071 2559 2303 2996 2564 2244
3327 2559 2303 3199 2581 2269
3583 2559 2303 3361 2618 2323
3839 2559 2303 3612 2622 2306
4095 2559 2303 3931 2591 2244
0 2815 2303 988 2778 2245
256 2815 2303 1000 2784 2248
512 2815 2303 1101 2780 2250
768 2815 2303 1258 2775 2255
1024 2815 2303 1448 2767 2262
1280 2815 2303 1649 2761 2272
1536 2815 2303 1844 2757 2284
1792 2815 2303 2015 2763 2289
2048 2815 2303 2136 2789 2259
2303 2815 2303 2334 2798 2247
2559 2815 2303 2557 2802 2247
2815 2815 2303 2784 2806 2247
3071 2815 2303 3013 2811 2246
3327 2815 2303 3244 2816 2246
3583 2815 2303 3407 2845 2341
3839 2815 2303 3631 2858 2337
4095 2815 2303 3943 2835 2247
0 3071 2303 1064 3022 2246
256 3071 2303 1066 3033 2250
512 3071 2303 1157 3031 2255
768 3071 2303 1308 3026 2264
1024 3071 2303 1493 3018 2276
1280 3071 2303 1695 3010 2293
1536 3071 2303 1898 3004 2311
1792 3071 2303 2084 3005 2325
2048 3071 2303 2239 3017 2316
2303 3071 2303 2359 3047 2250
2559 3071 2303 2580 3050 2250
2815 3071 2303 2804 3054 2250
3071 3071 2303 3031 3058 2250
3327 3071 2303 3261 3063 2249
3583 3071 2303 3492 3068 2249
3839 3071 2303 3655 3095 2379
4095 3071 2303 3956 3080 2252
0 3327 2303 1125 3277 2252
256 3327 2303 1136 3284 2255
512 3327 2303 1223 3281 2261
768 3327 2303 1365 3276 2272
1024 3327 2303 1544 3269 2288
1280 3327 2303 1744 3261 2310
1536 3327 2303 1948 3253 2334
1792 3327 2303 2143 3250 2354
2048 3327 2303 2319 3255 2362
2303 3327 2303 2464 3272 2332
2559 3327 2303 2605 3299 2254
2815 3327 2303 2826 3303 2253
3071 3327 2303 3052 3306 2253
3327 3327 2303 3279 3311 2253
3583 3327 2303 3509 3315 2253
3839 3327 2303 3693 3329 2412
4095 3327 2303 3971 3326 2256
0 3583 2303 1198 3524 2255
256 3583 2303 1205 3535 2258
512 3583 2303 1287 3532 2265
768 3583 2303 1423 3527 2279
1024 3583 2303 1596 3520 2298
1280 3583 2303 1792 3512 2323
1536 3583 2303 1997 3504 2351
1792 3583 2303 2197 3498 2378
2048 3583 2303 2386 3498 2398
2303 3583 2303 2553 3506 2395
2559 3583 2303 2694 3528 2340
2815 3583 2303 2861 3548 2276
3071 3583 2303 3087 3549 2295
3327 3583 2303 3310 3552 2315
3583 3583 2303 3530 3558 2333
3839 3583 2303 3747 3566 2352
4095 3583 2303 3987 3573 2264
0 3839 2303 1270 3772 2259
256 3839 2303 1275 3786 2262
512 3839 2303 1352 3783 2270
768 3839 2303 1481 3778 2284
1024 3839 2303 1649 3772 2305
1280 3839 2303 1841 3764 2333
1536 3839 2303 2045 3755 2364
1792 3839 2303 2248 3748 2396
2048 3839 2303 2446 3745 2424
2303 3839 2303 2627 3747 2438
2559 3839 2303 2800 3756 2435
2815 3839 2303 2982 3765 2431
3071 3839 2303 3169 3776 2420
3327 3839 2303 3365 3787 2407
3583 3839 2303 3572 3796 2413
3839 3839 2303 3782 3805 2427
4095 3839 2303 3988 3815 2479
0 4095 2303 1340 4027 2265
256 4095 2303 1353 4028 2265
512 4095 2303 1400 4030 2265
768 4095 2303 1483 4034 2266
1024 4095 2303 1599 4038 2266
1280 4095 2303 1743 4039 2266
1536 4095 2303 1909 4040 2267
1792 4095 2303 2089 4042 2266
2048 4095 2303 2282 4043 2267
2303 4095 2303 2482 4046 2266
2559 4095 2303 2691 4048 2266
2815 4095 2303 2905 4051 2267
3071 4095 2303 3124 4053 2267
3327 4095 2303 3346 4057 2267
3583 4095 2303 3571 4060 2268
3839 4095 2303 3797 4064 2268
4095 4095 2303 4006 4048 2261
0 0 2559 594 444 2474
256 0 2559 622 441 2476
512 0 2559 716 432 2480
768 0 2559 888 439 2480
1024 0 2559 1088 449 2480
1280 0 2559 1303 463 2480
1536 0 2559 1526 480 2479
1792 0 2559 1755 499 2480
2048 0 2559 1987 520 2480
2303 0 2559 2220 544 2480
2559 0 2559 2456 570 2480
2815 0 2559 2692 597 2480
3071 0 2559 2930 627 2480
3327 0 2559 3168 656 2480
3583 0 2559 3407 688 2479
3839 0 2559 3646 720 2479
4095 0 2559 3880 762 2477
0 256 2559 562 483 2480
256 256 2559 615 490 2462
512 256 2559 742 502 2439
768 256 2559 905 512 2436
1024 256 2559 1095 521 2442
1280 256 2559 1304 533 2450
1536 256 2559 1523 548 2456
1792 256 2559 1750 566 2461
2048 256 2559 1981 584 2466
2303 256 2559 2213 606 2468
2559 256 2559 2449 629 2471
2815 256 2559 2686 654 2473
3071 256 2559 2923 680 2475
3327 256 2559 3162 707 2476
3583 256 2559 3401 737 2477
3839 256 2559 3640 766 2477
4095 256 2559 3883 788 2478
0 512 2559 577 641 2481
256 512 2559 625 644 2465
512 512 2559 771 660 2408
768 512 2559 951 689 2327
1024 512 2559 1120 702 2337
1280 512 2559 1310 714 2361
1536 512 2559 1517 728 2384
1792 512 2559 1736 743 2403
2048 512 2559 1962 759 2420
2303 512 2559 2192 776 2433
2559 512 2559 2427 795 2444
2815 512 2559 2664 815 2452
3071 512 2559 2901 837 2459
3327 512 2559 3141 859 2464
3583 512 2559 3381 883 2468
3839 512 2559 3621 908 2472
4095 512 2559 3886 882 2479
0 768 2559 599 847 2481
256 768 2559 644 848 2468
512 768 2559 787 857 2419
768 768 2559 969 875 2343
1024 768 2559 1151 903 2268
1280 768 2559 1326 924 2269
1536 768 2559 1517 940 2301
1792 768 2559 1723 957 2332
2048 768 2559 1941 974 2360
2303 768 2559 2166 992 2385
2559 768 2559 2396 1010 2405
2815 768 2559 2631 1028 2422
3071 768 2559 2869 1047 2436
3327 768 2559 3108 1067 2447
3583 768 2559 3348 1087 2456
3839 768 2559 3589 1108 2464
4095 768 2559 3888 1035 2480
0 1024 2559 641 1077 2479
256 1024 2559 667 1074 2475
512 1024 2559 808 1078 2433
768 1024 2559 992 1088 2364
1024 1024 2559 1178 1105 2296
1280 1024 2559 1355 1126 2268
1536 1024 2559 1537 1145 2282
1792 1024 2559 1730 1169 2294
2048 1024 2559 1934 1192 2318
2303 1024 2559 2148 1213 2345
2559 1024 2559 2371 1234 2371
2815 1024 2559 2600 1254 2394
3071 1024 2559 2834 1274 2413
3327 1024 2559 3071 1294 2430
3583 1024 2559 3310 1314 2444
3839 1024 2559 3557 1326 2458
4095 1024 2559 3891 1222 2480
0 1280 2559 673 1312 2481
256 1280 2559 705 1310 2476
512 1280 2559 840 1312 2441
768 1280 2559 1022 1316 2385
1024 1280 2559 1211 1326 2326
1280 1280 2559 1389 1341 2296
1536 1280 2559 1567 1349 2344
1792 1280 2559 1767 1362 2366
2048 1280 2559 1960 1393 2341
2303 1280 2559 2159 1422 2343
2559 1280 2559 2368 1450 2360
2815 1280 2559 2585 1475 2380
3071 1280 2559 2811 1498 2402
3327 1280 2559 3041 1521 2421
3583 1280 2559 3276 1543 2439
3839 1280 2559 3559 1519 2462
4095 1280 2559 3896 1430 2481
0 1536 2559 728 1554 2479
256 1536 2559 743 1552 2482
512 1536 2559 874 1551 2454
768 1536 2559 1055 1552 2409
1024 1536 2559 1246 1556 2359
1280 1536 2559 1429 1566 2327
1536 1536 2559 1600 1575 2366
1792 1536 2559 1797 1578 2431
2048 1536 2559 2019 1580 2464
2303 1536 2559 2219 1609 2422
2559 1536 2559 2407 1647 2394
2815 1536 2559 2605 1681 2396
3071 1536 2559 2814 1711 2409
3327 1536 2559 3032 1739 2426
3583 1536 2559 3276 1751 2448
3839 1536 2559 3567 1725 2470
4095 1536 2559 3901 1652 2482
0 1792 2559 779 1798 2480
256 1792 2559 791 1797 2484
512 1792 2559 914 1795 2464
768 1792 2559 1090 1793 2431
1024 1792 2559 1286 1793 2390
1280 1792 2559 1473 1798 2362
1536 1792 2559 1643 1808 2377
1792 1792 2559 1816 1811 2485
2048 1792 2559 2040 1815 2485
2303 1792 2559 2267 1821 2485
2559 1792 2559 2497 1827 2485
2815 1792 2559 2683 1864 2453
3071 1792 2559 2865 1906 2441
3327 1792 2559 3055 1947 2446
3583 1792 2559 3292 1961 2464
3839 1792 2559 3576 1942 2480
4095 1792 2559 3908 1882 2484
0 2048 2559 821 2043 2486
256 2048 2559 850 2043 2484
512 2048 2559 966 2041 2470
768 2048 2559 1136 2037 2447
1024 2048 2559 1329 2035 2420
1280 2048 2559 1521 2036 2397
1536 2048 2559 1694 2043 2399
1792 2048 2559 1837 2055 2486
2048 2048 2559 2058 2059 2487
2303 2048 2559 2282 2064 2487
2559 2048 2559 2511 2069 2487
2815 2048 2559 2742 2075 2487
3071 2048 2559 2930 2108 2473
3327 2048 2559 3089 2159 2470
3583 2048 2559 3311 2178 2483
3839 2048 2559 3587 2167 2492
4095 2048 2559 3916 2116 2486
0 2303 2559 895 2286 2482
256 2303 2559 899 2290 2489
512 2303 2559 1010 2288 2480
768 2303 2559 1176 2283 2466
1024 2303 2559 1371 2278 2448
1280 2303 2559 1568 2276 2432
1536 2303 2559 1749 2280 2428
1792 2303 2559 1895 2294 2460
2048 2303 2559 2078 2304 2489
2303 2303 2559 2300 2308 2489
2559 2303 2559 2527 2313 2489
2815 2303 2559 2757 2318 2488
3071 2303 2559 2988 2324 2488
3327 2303 2559 3133 2374 2494
3583 2303 2559 3335 2400 2506
3839 2303 2559 3601 2396 2507
4095 2303 2559 3925 2354 2488
0 2559 2559 950 2535 2487
256 2559 2559 963 2539 2491
512 2559 2559 1066 2536 2487
768 2559 2559 1225 2531 2479
1024 2559 2559 1415 2525 2471
1280 2559 2559 1614 2521 2464
1536 2559 2559 1804 2520 2462
1792 2559 2559 1965 2530 2471
2048 2559 2559 2101 2551 2491
2303 2559 2559 2321 2555 2491
2559 2559 2559 2545 2559 2491
2815 2559 2559 2773 2564 2491
3071 2559 2559 3003 2569 2491
3327 2559 2559 3196 2591 2506
3583 2559 2559 3366 2626 2533
3839 2559 2559 3617 2629 2527
4095 2559 2559 3936 2596 2490
0 2815 2559 1014 2782 2489
256 2815 2559 1026 2788 2494
512 2815 2559 1124 2785 2493
768 2815 2559 1277 2780 2491
1024 2815 2559 1464 2773 2490
1280 2815 2559 1664 2767 2491
1536 2815 2559 1859 2764 2495
1792 2815 2559 2034 2768 2500
2048 2815 2559 2162 2790 2499
2303 2815 2559 2343 2802 2493
2559 2815 2559 2566 2806 2493
2815 2815 2559 2791 2810 2493
3071 2815 2559 3020 2815 2493
3327 2815 2559 3250 2820 2493
3583 2815 2559 3408 2853 2557
3839 2815 2559 3636 2864 2554
4095 2815 2559 3948 2839 2493
0 3071 2559 1083 3029 2491
256 3071 2559 1089 3038 2497
512 3071 2559 1181 3035 2498
768 3071 2559 1327 3030 2501
1024 3071 2559 1510 3023 2507
1280 3071 2559 1710 3016 2514
1536 3071 2559 1910 3010 2524
1792 3071 2559 2097 3010 2534
2048 3071 2559 2254 3021 2533
2303 3071 2559 2369 3051 2496
2559 3071 2559 2588 3054 2496
2815 3071 2559 2812 3058 2496
3071 3071 2559 3038 3062 2496
3327 3071 2559 3267 3067 2496
3583 3071 2559 3482 3076 2523
3839 3071 2559 3660 3100 2589
4095 3071 2559 3961 3084 2497
0 3327 2559 1145 3282 2497
256 3327 2559 1160 3288 2500
512 3327 2559 1245 3285 2504
768 3327 2559 1385 3280 2510
1024 3327 2559 1561 3273 2520
1280 3327 2559 1758 3265 2534
1536 3327 2559 1959 3259 2549
1792 3327 2559 2154 3255 2564
2048 3327 2559 2330 3259 2572
2303 3327 2559 2470 3278 2551
2559 3327 2559 2613 3303 2499
2815 3327 2559 2834 3306 2499
3071 3327 2559 3058 3310 2499
3327 3327 2559 3286 3314 2499
3583 3327 2559 3515 3319 2498
3839 3327 2559 3694 3335 2628
4095 3327 2559 3977 3330 2500
0 3583 2559 1220 3526 2498
256 3583 2559 1225 3538 2503
512 3583 2559 1307 3535 2508
768 3583 2559 1440 3530 2518
1024 3583 2559 1612 3524 2531
1280 3583 2559 1806 3516 2549
1536 3583 2559 2008 3508 2569
1792 3583 2559 2208 3503 2591
2048 3583 2559 2396 3502 2607
2303 3583 2559 2560 3511 2604
2559 3583 2559 2690 3536 2554
2815 3583 2559 2858 3555 2502
3071 3583 2559 3081 3558 2502
3327 3583 2559 3306 3562 2502
3583 3583 2559 3534 3566 2502
3839 3583 2559 3763 3571 2502
4095 3583 2559 3992 3576 2508
0 3839 2559 1287 3779 2503
256 3839 2559 1296 3789 2507
512 3839 2559 1372 3786 2513
768 3839 2559 1500 3781 2524
1024 3839 2559 1665 3775 2540
1280 3839 2559 1854 3767 2561
1536 3839 2559 2055 3759 2585
1792 3839 2559 2258 3752 2611
2048 3839 2559 2455 3748 2635
2303 3839 2559 2634 3751 2646
2559 3839 2559 2803 3761 2643
2815 3839 2559 2983 3770 2639
3071 3839 2559 3168 3782 2625
3327 3839 2559 3355 3798 2586
3583 3839 2559 3554 3815 2506
3839 3839 2559 3782 3818 2525
4095 3839 2559 4008 3823 2541
0 4095 2559 1367 4016 2503
256 4095 2559 1379 4017 2504
512 4095 2559 1423 4023 2506
768 4095 2559 1502 4032 2508
1024 4095 2559 1614 4040 2510
1280 4095 2559 1758 4042 2511
1536 4095 2559 1921 4043 2511
1792 4095 2559 2100 4044 2511
2048 4095 2559 2292 4046 2511
2303 4095 2559 2492 4048 2511
2559 4095 2559 2699 4051 2511
2815 4095 2559 2912 4053 2510
3071 4095 2559 3131 4056 2511
3327 4095 2559 3352 4060 2511
3583 4095 2559 3576 4063 2510
3839 4095 2559 3803 4067 2513
4095 4095 2559 4024 4065 2507
0 0 2815 653 488 2719
256 0 2815 678 485 2721
512 0 2815 759 475 2728
768 0 2815 921 480 2729
1024 0 2815 1114 490 2728
1280 0 2815 1324 502 2728
1536 0 2815 1544 517 2728
1792 0 2815 1770 535 2728
2048 0 2815 2000 554 2728
2303 0 2815 2231 577 2728
2559 0 2815 2466 601 2728
2815 0 2815 2701 626 2728
3071 0 2815 2938 654 2728
3327 0 2815 3175 683 2728
3583 0 2815 3414 713 2728
3839 0 2815 3652 744 2727
4095 0 2815 3876 801 2721
0 256 2815 618 520 2728
256 256 2815 665 526 2712
512 256 2815 782 536 2694
768 256 2815 940 547 2686
1024 256 2815 1124 555 2692
1280 256 2815 1327 566 2698
1536 256 2815 1543 580 2703
1792 256 2815 1766 596 2708
2048 256 2815 1995 614 2713
2303 256 2815 2226 634 2716
2559 256 2815 2460 656 2718
2815 256 2815 2695 680 2720
3071 256 2815 2932 705 2722
3327 256 2815 3170 731 2723
3583 256 2815 3408 759 2724
3839 256 2815 3647 788 2725
4095 256 2815 3887 812 2725
0 512 2815 632 668 2728
256 512 2815 674 671 2715
512 512 2815 811 686 2662
768 512 2815 989 715 2583
1024 512 2815 1154 728 2586
1280 512 2815 1339 739 2608
1536 512 2815 1542 752 2628
1792 512 2815 1757 766 2646
2048 512 2815 1980 781 2663
2303 512 2815 2208 798 2675
2559 512 2815 2440 816 2686
2815 512 2815 2675 835 2695
3071 512 2815 2912 856 2702
3327 512 2815 3150 878 2708
3583 512 2815 3389 901 2713
3839 512 2815 3628 925 2716
4095 512 2815 3892 901 2727
0 768 2815 649 866 2729
256 768 2815 692 868 2717
512 768 2815 827 877 2670
768 768 2815 1004 895 2597
1024 768 2815 1188 924 2515
1280 768 2815 1362 946 2502
1536 768 2815 1548 961 2534
1792 768 2815 1750 976 2565
2048 768 2815 1963 993 2594
2303 768 2815 2185 1009 2619
2559 768 2815 2413 1027 2640
2815 768 2815 2646 1044 2658
3071 768 2815 2881 1063 2673
3327 768 2815 3119 1082 2685
3583 768 2815 3358 1101 2695
3839 768 2815 3598 1122 2703
4095 768 2815 3894 1050 2728
0 1024 2815 687 1091 2727
256 1024 2815 714 1089 2723
512 1024 2815 847 1094 2681
768 1024 2815 1025 1104 2615
1024 1024 2815 1212 1123 2540
1280 1024 2815 1391 1147 2488
1536 1024 2815 1568 1168 2491
1792 1024 2815 1757 1189 2511
2048 1024 2815 1958 1209 2539
2303 1024 2815 2169 1229 2567
2559 1024 2815 2390 1249 2595
2815 1024 2815 2616 1268 2620
3071 1024 2815 2848 1287 2641
3327 1024 2815 3083 1306 2660
3583 1024 2815 3321 1326 2676
3839 1024 2815 3561 1344 2689
4095 1024 2815 3897 1234 2728
0 1280 2815 719 1323 2728
256 1280 2815 749 1322 2723
512 1280 2815 877 1324 2688
768 1280 2815 1053 1330 2632
1024 1280 2815 1241 1340 2567
1280 1280 2815 1422 1357 2517
1536 1280 2815 1598 1374 2518
1792 1280 2815 1784 1392 2531
2048 1280 2815 1979 1413 2544
2303 1280 2815 2177 1440 2553
2559 1280 2815 2385 1465 2573
2815 1280 2815 2602 1488 2596
3071 1280 2815 2825 1511 2620
3327 1280 2815 3054 1533 2642
3583 1280 2815 3288 1554 2661
3839 1280 2815 3566 1533 2693
4095 1280 2815 3902 1441 2729
0 1536 2815 764 1563 2728
256 1536 2815 787 1562 2727
512 1536 2815 910 1562 2699
768 1536 2815 1083 1564 2653
1024 1536 2815 1274 1569 2596
1280 1536 2815 1459 1579 2550
1536 1536 2815 1634 1592 2548
1792 1536 2815 1817 1606 2568
2048 1536 2815 2013 1621 2585
2303 1536 2815 2218 1636 2607
2559 1536 2815 2416 1665 2601
2815 1536 2815 2617 1696 2605
3071 1536 2815 2826 1725 2620
3327 1536 2815 3044 1752 2639
3583 1536 2815 3284 1765 2664
3839 1536 2815 3573 1737 2700
4095 1536 2815 3907 1660 2730
0 1792 2815 817 1805 2726
256 1792 2815 830 1805 2731
512 1792 2815 949 1804 2708
768 1792 2815 1119 1803 2671
1024 1792 2815 1309 1804 2626
1280 1792 2815 1499 1810 2585
1536 1792 2815 1676 1820 2575
1792 1792 2815 1851 1830 2616
2048 1792 2815 2047 1840 2636
2303 1792 2815 2257 1849 2661
2559 1792 2815 2484 1853 2692
2815 1792 2815 2680 1884 2667
3071 1792 2815 2868 1922 2653
3327 1792 2815 3064 1959 2656
3583 1792 2815 3299 1973 2679
3839 1792 2815 3583 1952 2708
4095 1792 2815 3914 1889 2732
0 2048 2815 856 2050 2733
256 2048 2815 886 2050 2731
512 2048 2815 997 2048 2714
768 2048 2815 1161 2046 2686
1024 2048 2815 1351 2044 2652
1280 2048 2815 1543 2046 2619
1536 2048 2815 1723 2053 2605
1792 2048 2815 1885 2063 2650
2048 2048 2815 2074 2069 2707
2303 2048 2815 2293 2071 2734
2559 2048 2815 2521 2076 2734
2815 2048 2815 2751 2082 2734
3071 2048 2815 2944 2113 2707
3327 2048 2815 3098 2169 2681
3583 2048 2815 3318 2189 2696
3839 2048 2815 3594 2176 2719
4095 2048 2815 3923 2123 2733
0 2303 2815 922 2294 2730
256 2303 2815 935 2296 2735
512 2303 2815 1042 2294 2723
768 2303 2815 1203 2290 2703
1024 2303 2815 1390 2287 2679
1280 2303 2815 1586 2285 2653
1536 2303 2815 1773 2289 2639
1792 2303 2815 1936 2299 2658
2048 2303 2815 2090 2310 2736
2303 2303 2815 2311 2314 2736
2559 2303 2815 2537 2319 2736
2815 2303 2815 2765 2324 2736
3071 2303 2815 2996 2330 2736
3327 2303 2815 3141 2383 2709
3583 2303 2815 3342 2410 2718
3839 2303 2815 3607 2404 2732
4095 2303 2815 3931 2360 2735
0 2559 2815 981 2540 2732
256 2559 2815 993 2544 2738
512 2559 2815 1094 2541 2730
768 2559 2815 1250 2537 2717
1024 2559 2815 1436 2532 2701
1280 2559 2815 1632 2529 2685
1536 2559 2815 1823 2529 2674
1792 2559 2815 1994 2536 2679
2048 2559 2815 2125 2554 2728
2303 2559 2815 2331 2560 2738
2559 2559 2815 2555 2564 2738
2815 2559 2815 2782 2569 2738
3071 2559 2815 3011 2574 2738
3327 2559 2815 3200 2599 2734
3583 2559 2815 3373 2635 2743
3839 2559 2815 3623 2636 2749
4095 2559 2815 3942 2601 2737
0 2815 2815 1038 2790 2737
256 2815 2815 1057 2792 2740
512 2815 2815 1151 2790 2736
768 2815 2815 1300 2785 2729
1024 2815 2815 1483 2780 2721
1280 2815 2815 1680 2774 2713
1536 2815 2815 1875 2771 2708
1792 2815 2815 2054 2775 2710
2048 2815 2815 2200 2790 2724
2303 2815 2815 2354 2807 2740
2559 2815 2815 2575 2811 2740
2815 2815 2815 2800 2815 2740
3071 2815 2815 3027 2820 2740
3327 2815 2815 3257 2825 2740
3583 2815 2815 3413 2861 2769
3839 2815 2815 3642 2871 2772
4095 2815 2815 3955 2843 2739
0 3071 2815 1107 3035 2737
256 3071 2815 1117 3042 2743
512 3071 2815 1206 3039 2742
768 3071 2815 1349 3035 2740
1024 3071 2815 1528 3028 2738
1280 3071 2815 1725 3022 2738
1536 3071 2815 1924 3017 2739
1792 3071 2815 2113 3017 2743
2048 3071 2815 2275 3026 2748
2303 3071 2815 2381 3055 2743
2559 3071 2815 2597 3058 2743
2815 3071 2815 2820 3062 2742
3071 3071 2815 3046 3066 2742
3327 3071 2815 3274 3071 2742
3583 3071 2815 3476 3085 2772
3839 3071 2815 3666 3106 2802
4095 3071 2815 3967 3088 2743
0 3327 2815 1170 3286 2742
256 3327 2815 1183 3292 2746
512 3327 2815 1267 3289 2747
768 3327 2815 1403 3284 2749
1024 3327 2815 1577 3278 2753
1280 3327 2815 1770 3271 2758
1536 3327 2815 1972 3265 2766
1792 3327 2815 2167 3261 2775
2048 3327 2815 2345 3265 2782
2303 3327 2815 2485 3282 2775
2559 3327 2815 2622 3306 2745
2815 3327 2815 2842 3310 2745
3071 3327 2815 3066 3314 2745
3327 3327 2815 3293 3318 2745
3583 3327 2815 3521 3323 2745
3839 3327 2815 3698 3341 2838
4095 3327 2815 3983 3333 2746
0 3583 2815 1237 3535 2745
256 3583 2815 1251 3541 2749
512 3583 2815 1330 3539 2752
768 3583 2815 1460 3534 2757
1024 3583 2815 1628 3528 2765
1280 3583 2815 1819 3521 2775
1536 3583 2815 2020 3513 2789
1792 3583 2815 2220 3508 2803
2048 3583 2815 2408 3507 2816
2303 3583 2815 2571 3516 2817
2559 3583 2815 2694 3542 2780
2815 3583 2815 2866 3558 2748
3071 3583 2815 3088 3562 2748
3327 3583 2815 3313 3566 2748
3583 3583 2815 3540 3570 2748
3839 3583 2815 3769 3575 2748
4095 3583 2815 3998 3580 2751
0 3839 2815 1308 3783 2748
256 3839 2815 1318 3792 2752
512 3839 2815 1392 3789 2756
768 3839 2815 1516 3785 2764
1024 3839 2815 1678 3779 2775
1280 3839 2815 1866 3771 2789
1536 3839 2815 2066 3764 2807
1792 3839 2815 2270 3757 2827
2048 3839 2815 2466 3753 2845
2303 3839 2815 2644 3756 2855
2559 3839 2815 2808 3767 2851
2815 3839 2815 2986 3777 2848
3071 3839 2815 3167 3790 2833
3327 3839 2815 3351 3807 2789
3583 3839 2815 3560 3818 2751
3839 3839 2815 3788 3822 2751
4095 3839 2815 4015 3827 2761
0 4095 2815 1391 4012 2743
256 4095 2815 1401 4016 2745
512 4095 2815 1439 4031 2751
768 4095 2815 1516 4043 2756
1024 4095 2815 1632 4044 2756
1280 4095 2815 1773 4045 2756
1536 4095 2815 1934 4046 2756
1792 4095 2815 2112 4047 2756
2048 4095 2815 2302 4049 2756
2303 4095 2815 2501 4051 2756
2559 4095 2815 2709 4054 2756
2815 4095 2815 2921 4056 2756
3071 4095 2815 3138 4059 2756
3327 4095 2815 3359 4063 2755
3583 4095 2815 3582 4066 2756
3839 4095 2815 3808 4070 2756
4095 4095 2815 4027 4065 2750
0 0 3071 712 532 2963
256 0 3071 734 530 2966
512 0 3071 809 520 2974
768 0 3071 956 522 2976
1024 0 3071 1142 530 2976
1280 0 3071 1347 541 2976
1536 0 3071 1563 555 2976
1792 0 3071 1786 572 2976
2048 0 3071 2014 590 2976
2303 0 3071 2244 611 2976
2559 0 3071 2477 633 2976
2815 0 3071 2711 658 2976
3071 0 3071 2947 684 2976
3327 0 3071 3184 711 2976
3583 0 3071 3421 740 2976
3839 0 3071 3659 770 2976
4095 0 3071 3879 830 2965
0 256 3071 673 558 2977
256 256 3071 716 564 2962
512 256 3071 823 572 2948
768 256 3071 976 583 2937
1024 256 3071 1154 591 2942
1280 256 3071 1352 601 2947
1536 256 3071 1564 614 2951
1792 256 3071 1784 629 2955
2048 256 3071 2010 646 2960
2303 256 3071 2239 665 2962
2559 256 3071 2471 686 2965
2815 256 3071 2706 708 2967
3071 256 3071 2941 732 2969
3327 256 3071 3178 757 2970
3583 256 3071 3416 784 2971
3839 256 3071 3654 812 2972
4095 256 3071 3886 847 2969
0 512 3071 683 696 2977
256 512 3071 725 700 2963
512 512 3071 853 714 2916
768 512 3071 1026 742 2840
1024 512 3071 1189 755 2837
1280 512 3071 1369 765 2856
1536 512 3071 1568 777 2874
1792 512 3071 1779 790 2891
2048 512 3071 1999 805 2906
2303 512 3071 2225 821 2919
2559 512 3071 2455 839 2930
2815 512 3071 2688 857 2939
3071 512 3071 2923 878 2946
3327 512 3071 3160 899 2952
3583 512 3071 3398 921 2957
3839 512 3071 3636 945 2961
4095 512 3071 3898 923 2975
0 768 3071 702 887 2977
256 768 3071 741 889 2966
512 768 3071 868 899 2921
768 768 3071 1041 917 2850
1024 768 3071 1225 945 2766
1280 768 3071 1398 969 2741
1536 768 3071 1580 982 2772
1792 768 3071 1777 997 2802
2048 768 3071 1987 1012 2830
2303 768 3071 2206 1028 2855
2559 768 3071 2431 1044 2876
2815 768 3071 2661 1061 2895
3071 768 3071 2895 1079 2910
3327 768 3071 3131 1098 2923
3583 768 3071 3368 1118 2934
3839 768 3071 3607 1138 2943
4095 768 3071 3900 1068 2976
0 1024 3071 737 1107 2974
256 1024 3071 761 1105 2972
512 1024 3071 886 1111 2931
768 1024 3071 1060 1122 2866
1024 1024 3071 1246 1141 2788
1280 1024 3071 1427 1166 2723
1536 1024 3071 1602 1187 2721
1792 1024 3071 1787 1209 2734
2048 1024 3071 1985 1228 2763
2303 1024 3071 2193 1246 2793
2559 1024 3071 2410 1265 2822
2815 1024 3071 2635 1283 2848
3071 1024 3071 2864 1302 2871
3327 1024 3071 3097 1320 2891
3583 1024 3071 3333 1339 2908
3839 1024 3071 3572 1357 2923
4095 1024 3071 3903 1249 2976
0 1280 3071 765 1336 2976
256 1280 3071 793 1335 2972
512 1280 3071 914 1338 2938
768 1280 3071 1086 1344 2880
1024 1280 3071 1272 1356 2812
1280 1280 3071 1456 1373 2751
1536 1280 3071 1631 1392 2737
1792 1280 3071 1813 1410 2744
2048 1280 3071 2003 1433 2754
2303 1280 3071 2199 1458 2766
2559 1280 3071 2405 1481 2789
2815 1280 3071 2620 1503 2815
3071 1280 3071 2842 1525 2840
3327 1280 3071 3070 1546 2864
3583 1280 3071 3301 1566 2885
3839 1280 3071 3573 1548 2924
4095 1280 3071 3908 1453 2977
0 1536 3071 811 1574 2973
256 1536 3071 827 1572 2976
512 1536 3071 945 1573 2947
768 1536 3071 1115 1576 2898
1024 1536 3071 1302 1582 2839
1280 1536 3071 1489 1594 2782
1536 1536 3071 1666 1609 2757
1792 1536 3071 1845 1624 2765
2048 1536 3071 2033 1642 2775
2303 1536 3071 2227 1663 2787
2559 1536 3071 2427 1686 2801
2815 1536 3071 2631 1713 2815
3071 1536 3071 2841 1739 2832
3327 1536 3071 3058 1765 2852
3583 1536 3071 3292 1780 2880
3839 1536 3071 3580 1750 2929
4095 1536 3071 3913 1671 2978
0 1792 3071 861 1814 2971
256 1792 3071 867 1814 2980
512 1792 3071 980 1813 2956
768 1792 3071 1148 1814 2915
1024 1792 3071 1336 1816 2865
1280 1792 3071 1526 1823 2815
1536 1792 3071 1707 1833 2786
1792 1792 3071 1882 1846 2793
2048 1792 3071 2068 1861 2803
2303 1792 3071 2260 1878 2816
2559 1792 3071 2461 1896 2832
2815 1792 3071 2668 1915 2851
3071 1792 3071 2875 1939 2861
3327 1792 3071 3076 1972 2866
3583 1792 3071 3307 1986 2893
3839 1792 3071 3589 1964 2936
4095 1792 3071 3920 1898 2979
0 2048 3071 897 2058 2979
256 2048 3071 922 2058 2978
512 2048 3071 1028 2056 2960
768 2048 3071 1188 2055 2928
1024 2048 3071 1375 2055 2888
1280 2048 3071 1566 2057 2847
1536 2048 3071 1750 2064 2820
1792 2048 3071 1923 2075 2828
2048 2048 3071 2106 2087 2840
2303 2048 3071 2297 2100 2855
2559 2048 3071 2499 2114 2873
2815 2048 3071 2711 2126 2895
3071 2048 3071 2939 2133 2922
3327 2048 3071 3110 2180 2893
3583 2048 3071 3327 2201 2909
3839 2048 3071 3601 2186 2945
4095 2048 3071 3928 2131 2981
0 2303 3071 965 2299 2972
256 2303 3071 967 2303 2983
512 2303 3071 1068 2301 2970
768 2303 3071 1227 2299 2945
1024 2303 3071 1414 2296 2912
1280 2303 3071 1607 2295 2880
1536 2303 3071 1796 2299 2855
1792 2303 3071 1969 2307 2857
2048 2303 3071 2140 2318 2889
2303 2303 3071 2333 2327 2907
2559 2303 3071 2539 2336 2930
2815 2303 3071 2763 2339 2959
3071 2303 3071 3005 2337 2983
3327 2303 3071 3153 2392 2925
3583 2303 3071 3351 2420 2929
3839 2303 3071 3614 2413 2957
4095 2303 3071 3937 2367 2982
0 2559 3071 1017 2545 2976
256 2559 3071 1023 2550 2985
512 2559 3071 1119 2548 2975
768 2559 3071 1270 2545 2958
1024 2559 3071 1455 2541 2935
1280 2559 3071 1651 2538 2910
1536 2559 3071 1843 2538 2891
1792 2559 3071 2021 2544 2886
2048 2559 3071 2175 2556 2923
2303 2559 3071 2343 2566 2985
2559 2559 3071 2565 2570 2985
2815 2559 3071 2791 2575 2985
3071 2559 3071 3020 2580 2985
3327 2559 3071 3212 2605 2963
3583 2559 3071 3381 2644 2953
3839 2559 3071 3630 2644 2972
4095 2559 3071 3948 2607 2984
0 2815 3071 1074 2793 2980
256 2815 3071 1084 2798 2987
512 2815 3071 1176 2796 2980
768 2815 3071 1321 2792 2969
1024 2815 3071 1501 2787 2954
1280 2815 3071 1696 2782 2938
1536 2815 3071 1892 2780 2924
1792 2815 3071 2076 2782 2919
2048 2815 3071 2235 2793 2934
2303 2815 3071 2366 2812 2987
2559 2815 3071 2586 2816 2987
2815 2815 3071 2809 2820 2987
3071 2815 3071 3036 2825 2987
3327 2815 3071 3265 2830 2987
3583 2815 3071 3421 2869 2981
3839 2815 3071 3649 2879 2991
4095 2815 3071 3960 2849 2986
0 3071 3071 1143 3035 2978
256 3071 3071 1147 3044 2987
512 3071 3071 1227 3045 2987
768 3071 3071 1367 3041 2980
1024 3071 3071 1544 3035 2972
1280 3071 3071 1740 3029 2963
1536 3071 3071 1939 3025 2956
1792 3071 3071 2130 3024 2954
2048 3071 3071 2299 3031 2959
2303 3071 3071 2427 3051 2980
2559 3071 3071 2608 3063 2989
2815 3071 3071 2830 3067 2989
3071 3071 3071 3055 3071 2989
3327 3071 3071 3282 3076 2989
3583 3071 3071 3479 3093 3001
3839 3071 3071 3673 3114 3016
4095 3071 3071 3973 3093 2989
0 3327 3071 1198 3289 2986
256 3327 3071 1209 3296 2992
512 3327 3071 1290 3294 2991
768 3327 3071 1423 3289 2989
1024 3327 3071 1594 3284 2987
1280 3327 3071 1786 3277 2985
1536 3327 3071 1986 3271 2985
1792 3327 3071 2182 3268 2987
2048 3327 3071 2363 3271 2992
2303 3327 3071 2512 3284 2996
2559 3327 3071 2632 3311 2992
2815 3327 3071 2852 3314 2992
3071 3327 3071 3075 3318 2992
3327 3327 3071 3301 3322 2991
3583 3327 3071 3529 3327 2991
3839 3327 3071 3705 3348 3048
4095 3327 3071 3988 3338 2992
0 3583 3071 1269 3533 2986
256 3583 3071 1272 3546 2995
512 3583 3071 1349 3543 2996
768 3583 3071 1478 3539 2997
1024 3583 3071 1644 3533 2999
1280 3583 3071 1834 3526 3003
1536 3583 3071 2034 3519 3009
1792 3583 3071 2234 3514 3017
2048 3583 3071 2422 3513 3025
2303 3583 3071 2587 3521 3029
2559 3583 3071 2714 3544 3015
2815 3583 3071 2876 3562 2994
3071 3583 3071 3097 3566 2994
3327 3583 3071 3321 3570 2994
3583 3583 3071 3547 3574 2994
3839 3583 3071 3763 3580 3032
4095 3583 3071 4004 3584 2997
0 3839 3071 1336 3781 2989
256 3839 3071 1341 3793 2996
512 3839 3071 1411 3793 3000
768 3839 3071 1533 3789 3004
1024 3839 3071 1694 3783 3010
1280 3839 3071 1880 3776 3019
1536 3839 3071 2080 3769 3029
1792 3839 3071 2282 3762 3042
2048 3839 3071 2478 3759 3055
2303 3839 3071 2656 3761 3064
2559 3839 3071 2818 3772 3063
2815 3839 3071 2989 3784 3059
3071 3839 3071 3166 3798 3045
3327 3839 3071 3343 3818 2997
3583 3839 3071 3567 3822 2997
3839 3839 3071 3794 3826 2997
4095 3839 3071 4021 3830 3005
0 4095 3071 1401 4035 2995
256 4095 3071 1413 4036 2996
512 4095 3071 1458 4038 2997
768 4095 3071 1537 4042 2999
1024 4095 3071 1649 4046 3000
1280 4095 3071 1788 4048 3001
1536 4095 3071 1949 4049 3001
1792 4095 3071 2124 4051 3001
2048 4095 3071 2314 4053 3001
2303 4095 3071 2511 4055 3001
2559 4095 3071 2718 4057 3001
2815 4095 3071 2930 4060 3001
3071 4095 3071 3147 4063 3001
3327 4095 3071 3366 4066 3001
3583 4095 3071 3590 4069 3002
3839 4095 3071 3815 4074 3002
4095 4095 3071 4036 4072 2997
0 0 3327 770 576 3207
256 0 3327 791 574 3210
512 0 3327 860 566 3219
768 0 3327 994 564 3224
1024 0 3327 1173 571 3224
1280 0 3327 1372 581 3225
1536 0 3327 1584 594 3224
1792 0 3327 1804 609 3224
2048 0 3327 2030 626 3225
2303 0 3327 2257 646 3224
2559 0 3327 2489 667 3224
2815 0 3327 2722 690 3224
3071 0 3327 2957 714 3224
3327 0 3327 3193 740 3224
3583 0 3327 3429 768 3224
3839 0 3327 3667 796 3224
4095 0 3327 3890 850 3213
0 256 3327 729 597 3225
256 256 3327 767 602 3213
512 256 3327 866 609 3202
768 256 3327 1014 620 3188
1024 256 3327 1185 627 3192
1280 256 3327 1379 637 3196
1536 256 3327 1587 649 3200
1792 256 3327 1804 663 3204
2048 256 3327 2027 678 3207
2303 256 3327 2254 697 3210
2559 256 3327 2485 716 3213
2815 256 3327 2717 737 3215
3071 256 3327 2952 760 3216
3327 256 3327 3188 784 3218
3583 256 3327 3424 810 3219
3839 256 3327 3662 837 3220
4095 256 3327 3893 870 3216
0 512 3327 737 726 3225
256 512 3327 776 730 3213
512 512 3327 897 744 3168
768 512 3327 1064 770 3098
1024 512 3327 1224 784 3089
1280 512 3327 1401 793 3105
1536 512 3327 1595 804 3121
1792 512 3327 1803 817 3137
2048 512 3327 2020 830 3152
2303 512 3327 2242 846 3163
2559 512 3327 2470 863 3174
2815 512 3327 2702 881 3183
3071 512 3327 2935 901 3190
3327 512 3327 3171 921 3197
3583 512 3327 3407 943 3202
3839 512 3327 3645 966 3206
4095 512 3327 3906 942 3224
0 768 3327 753 910 3226
256 768 3327 792 912 3214
512 768 3327 910 922 3173
768 768 3327 1078 940 3105
1024 768 3327 1262 968 3020
1280 768 3327 1435 993 2987
1536 768 3327 1612 1005 3014
1792 768 3327 1806 1018 3042
2048 768 3327 2013 1033 3070
2303 768 3327 2228 1048 3094
2559 768 3327 2450 1064 3115
2815 768 3327 2678 1080 3133
3071 768 3327 2910 1098 3149
3327 768 3327 3144 1116 3163
3583 768 3327 3380 1135 3174
3839 768 3327 3617 1155 3183
4095 768 3327 3908 1085 3224
0 1024 3327 784 1124 3223
256 1024 3327 811 1123 3218
512 1024 3327 928 1129 3181
768 1024 3327 1095 1141 3118
1024 1024 3327 1281 1160 3039
1280 1024 3327 1460 1183 2982
1536 1024 3327 1634 1200 2985
1792 1024 3327 1820 1221 2989
2048 1024 3327 2014 1244 2997
2303 1024 3327 2218 1264 3022
2559 1024 3327 2433 1282 3052
2815 1024 3327 2654 1299 3078
3071 1024 3327 2882 1317 3102
3327 1024 3327 3113 1335 3123
3583 1024 3327 3347 1354 3141
3839 1024 3327 3584 1371 3157
4095 1024 3327 3911 1264 3225
0 1280 3327 811 1350 3225
256 1280 3327 841 1350 3219
512 1280 3327 955 1353 3186
768 1280 3327 1120 1360 3130
1024 1280 3327 1305 1372 3060
1280 1280 3327 1488 1390 2996
1536 1280 3327 1661 1404 2994
1792 1280 3327 1843 1422 2998
2048 1280 3327 2034 1442 3003
2303 1280 3327 2230 1467 3009
2559 1280 3327 2431 1494 3016
2815 1280 3327 2641 1519 3035
3071 1280 3327 2861 1540 3062
3327 1280 3327 3086 1560 3088
3583 1280 3327 3316 1579 3110
3839 1280 3327 3580 1566 3153
4095 1280 3327 3915 1465 3225
0 1536 3327 852 1585 3223
256 1536 3327 873 1584 3223
512 1536 3327 983 1585 3195
768 1536 3327 1146 1589 3146
1024 1536 3327 1332 1596 3084
1280 1536 3327 1520 1608 3021
1536 1536 3327 1694 1622 3005
1792 1536 3327 1873 1636 3009
2048 1536 3327 2061 1653 3014
2303 1536 3327 2254 1674 3020
2559 1536 3327 2453 1697 3027
2815 1536 3327 2655 1724 3036
3071 1536 3327 2859 1754 3046
3327 1536 3327 3075 1779 3068
3583 1536 3327 3302 1798 3095
3839 1536 3327 3588 1766 3158
4095 1536 3327 3921 1681 3226
0 1792 3327 895 1824 3223
256 1792 3327 913 1824 3225
512 1792 3327 1018 1824 3202
768 1792 3327 1177 1825 3162
1024 1792 3327 1364 1828 3107
1280 1792 3327 1554 1836 3051
1536 1792 3327 1733 1847 3019
1792 1792 3327 1908 1859 3024
2048 1792 3327 2093 1874 3029
2303 1792 3327 2284 1891 3035
2559 1792 3327 2480 1911 3043
2815 1792 3327 2680 1934 3052
3071 1792 3327 2883 1959 3063
3327 1792 3327 3089 1987 3076
3583 1792 3327 3317 2002 3107
3839 1792 3327 3597 1978 3164
4095 1792 3327 3928 1907 3227
0 2048 3327 934 2066 3229
256 2048 3327 962 2066 3225
512 2048 3327 1063 2066 3205
768 2048 3327 1217 2065 3172
1024 2048 3327 1401 2066 3128
1280 2048 3327 1591 2069 3080
1536 2048 3327 1778 2076 3042
1792 2048 3327 1950 2087 3042
2048 2048 3327 2131 2100 3048
2303 2048 3327 2318 2114 3055
2559 2048 3327 2512 2132 3064
2815 2048 3327 2710 2151 3074
3071 2048 3327 2913 2172 3086
3327 2048 3327 3120 2195 3101
3583 2048 3327 3337 2214 3121
3839 2048 3327 3608 2198 3171
4095 2048 3327 3936 2138 3229
0 2303 3327 994 2308 3224
256 2303 3327 1006 2310 3230
512 2303 3327 1103 2309 3215
768 2303 3327 1253 2307 3189
1024 2303 3327 1436 2306 3152
1280 2303 3327 1630 2306 3111
1536 2303 3327 1820 2310 3077
1792 2303 3327 1998 2318 3065
2048 2303 3327 2174 2329 3072
2303 2303 3327 2358 2342 3080
2559 2303 3327 2549 2356 3090
2815 2303 3327 2746 2372 3103
3071 2303 3327 2949 2389 3117
3327 2303 3327 3160 2406 3135
3583 2303 3327 3361 2432 3140
3839 2303 3327 3622 2423 3181
4095 2303 3327 3945 2374 3230
0 2559 3327 1045 2554 3228
256 2559 3327 1061 2556 3231
512 2559 3327 1153 2555 3220
768 2559 3327 1298 2552 3199
1024 2559 3327 1477 2549 3172
1280 2559 3327 1671 2547 3141
1536 2559 3327 1864 2548 3112
1792 2559 3327 2047 2553 3097
2048 2559 3327 2219 2562 3105
2303 2559 3327 2400 2573 3115
2559 2559 3327 2590 2585 3127
2815 2559 3327 2787 2598 3142
3071 2559 3327 2994 2610 3161
3327 2559 3327 3216 2617 3184
3583 2559 3327 3391 2654 3163
3839 2559 3327 3638 2654 3193
4095 2559 3327 3956 2613 3231
0 2815 3327 1102 2801 3230
256 2815 3327 1118 2804 3234
512 2815 3327 1205 2802 3225
768 2815 3327 1347 2799 3210
1024 2815 3327 1522 2794 3190
1280 2815 3327 1715 2791 3167
1536 2815 3327 1910 2789 3145
1792 2815 3327 2097 2791 3132
2048 2815 3327 2267 2799 3139
2303 2815 3327 2433 2811 3163
2559 2815 3327 2622 2820 3180
2815 2815 3327 2823 2829 3202
3071 2815 3327 3045 2832 3231
3327 2815 3327 3274 2836 3234
3583 2815 3327 3431 2878 3192
3839 2815 3327 3657 2887 3209
4095 2815 3327 3968 2854 3233
0 3071 3327 1165 3046 3230
256 3071 3327 1176 3052 3236
512 3071 3327 1259 3050 3231
768 3071 3327 1394 3046 3221
1024 3071 3327 1565 3042 3207
1280 3071 3327 1757 3037 3192
1536 3071 3327 1955 3033 3177
1792 3071 3327 2148 3032 3167
2048 3071 3327 2324 3037 3168
2303 3071 3327 2471 3051 3193
2559 3071 3327 2619 3068 3236
2815 3071 3327 2840 3072 3236
3071 3071 3327 3064 3076 3236
3327 3071 3327 3291 3081 3236
3583 3071 3327 3489 3099 3226
3839 3071 3327 3681 3122 3230
4095 3071 3327 3981 3098 3236
0 3327 3327 1223 3298 3236
256 3327 3327 1240 3301 3238
512 3327 3327 1319 3298 3235
768 3327 3327 1448 3295 3230
1024 3327 3327 1615 3289 3222
1280 3327 3327 1804 3284 3214
1536 3327 3327 2002 3279 3206
1792 3327 3327 2198 3276 3201
2048 3327 3327 2382 3278 3201
2303 3327 3327 2540 3288 3210
2559 3327 3327 2650 3314 3237
2815 3327 3327 2862 3319 3239
3071 3327 3327 3084 3323 3238
3327 3327 3327 3309 3327 3238
3583 3327 3327 3537 3332 3238
3839 3327 3327 3713 3356 3258
4095 3327 3327 3996 3342 3238
0 3583 3327 1291 3543 3235
256 3583 3327 1301 3550 3241
512 3583 3327 1376 3548 3240
768 3583 3327 1501 3544 3238
1024 3583 3327 1664 3538 3235
1280 3583 3327 1851 3532 3233
1536 3583 3327 2049 3526 3231
1792 3583 3327 2248 3521 3232
2048 3583 3327 2438 3520 3235
2303 3583 3327 2607 3526 3240
2559 3583 3327 2742 3545 3244
2815 3583 3327 2886 3567 3241
3071 3583 3327 3106 3570 3241
3327 3583 3327 3329 3574 3241
3583 3583 3327 3555 3578 3241
3839 3583 3327 3764 3587 3272
4095 3583 3327 4011 3588 3242
0 3839 3327 1355 3793 3239
256 3839 3327 1367 3799 3244
512 3839 3327 1438 3797 3245
768 3839 3327 1558 3793 3245
1024 3839 3327 1716 3788 3247
1280 3839 3327 1899 3781 3249
1536 3839 3327 2096 3774 3253
1792 3839 3327 2296 3768 3259
2048 3839 3327 2492 3765 3266
2303 3839 3327 2672 3767 3274
2559 3839 3327 2828 3779 3275
2815 3839 3327 2992 3792 3273
3071 3839 3327 3162 3808 3263
3327 3839 3327 3351 3822 3243
3583 3839 3327 3575 3826 3243
3839 3839 3327 3802 3830 3243
4095 3839 3327 4028 3835 3248
0 4095 3327 1435 4022 3229
256 4095 3327 1447 4024 3230
512 4095 3327 1487 4031 3235
768 4095 3327 1560 4043 3242
1024 4095 3327 1669 4051 3247
1280 4095 3327 1807 4052 3247
1536 4095 3327 1965 4053 3247
1792 4095 3327 2140 4055 3247
2048 4095 3327 2327 4056 3247
2303 4095 3327 2524 4058 3247
2559 4095 3327 2729 4061 3247
2815 4095 3327 2939 4064 3247
3071 4095 3327 3156 4066 3247
3327 4095 3327 3375 4070 3247
3583 4095 3327 3597 4073 3247
3839 4095 3327 3822 4077 3248
4095 4095 3327 4048 4080 3245
0 0 3583 829 620 3451
256 0 3583 848 618 3454
512 0 3583 912 611 3464
768 0 3583 1033 606 3473
1024 0 3583 1205 613 3473
1280 0 3583 1399 622 3473
1536 0 3583 1607 634 3473
1792 0 3583 1824 648 3472
2048 0 3583 2047 663 3473
2303 0 3583 2272 682 3472
2559 0 3583 2502 702 3472
2815 0 3583 2734 723 3473
3071 0 3583 2968 747 3472
3327 0 3583 3203 771 3472
3583 0 3583 3438 797 3472
3839 0 3583 3675 825 3472
4095 0 3583 3903 867 3465
0 256 3583 784 636 3473
256 256 3583 817 640 3466
512 256 3583 909 646 3456
768 256 3583 1053 657 3439
1024 256 3583 1218 664 3441
1280 256 3583 1407 673 3445
1536 256 3583 1611 684 3448
1792 256 3583 1825 697 3452
2048 256 3583 2045 712 3455
2303 256 3583 2270 729 3458
2559 256 3583 2499 748 3460
2815 256 3583 2730 768 3462
3071 256 3583 2963 790 3464
3327 256 3583 3198 813 3465
3583 256 3583 3434 838 3467
3839 256 3583 3670 864 3467
4095 256 3583 3906 889 3466
0 512 3583 793 758 3473
256 512 3583 828 761 3462
512 512 3583 942 775 3420
768 512 3583 1103 799 3355
1024 512 3583 1261 813 3342
1280 512 3583 1433 822 3356
1536 512 3583 1623 832 3370
1792 512 3583 1828 844 3384
2048 512 3583 2041 857 3398
2303 512 3583 2261 872 3409
2559 512 3583 2487 888 3419
2815 512 3583 2717 906 3428
3071 512 3583 2948 925 3435
3327 512 3583 3183 945 3442
3583 512 3583 3418 966 3447
3839 512 3583 3655 989 3451
4095 512 3583 3913 966 3472
0 768 3583 808 935 3473
256 768 3583 842 937 3463
512 768 3583 955 946 3424
768 768 3583 1117 964 3359
1024 768 3583 1295 989 3287
1280 768 3583 1463 1005 3278
1536 768 3583 1643 1021 3282
1792 768 3583 1836 1039 3292
2048 768 3583 2039 1054 3312
2303 768 3583 2251 1069 3334
2559 768 3583 2471 1084 3355
2815 768 3583 2696 1100 3374
3071 768 3583 2925 1117 3389
3327 768 3583 3158 1135 3403
3583 768 3583 3393 1153 3415
3839 768 3583 3629 1173 3425
4095 768 3583 3915 1106 3472
0 1024 3583 835 1143 3471
256 1024 3583 860 1142 3467
512 1024 3583 972 1148 3430
768 1024 3583 1133 1160 3370
1024 1024 3583 1315 1179 3294
1280 1024 3583 1482 1193 3281
1536 1024 3583 1660 1207 3282
1792 1024 3583 1851 1224 3284
2048 1024 3583 2049 1244 3286
2303 1024 3583 2251 1268 3288
2559 1024 3583 2459 1295 3293
2815 1024 3583 2675 1317 3311
3071 1024 3583 2900 1334 3336
3327 1024 3583 3129 1351 3357
3583 1024 3583 3362 1369 3376
3839 1024 3583 3597 1386 3393
4095 1024 3583 3918 1281 3472
0 1280 3583 861 1365 3472
256 1280 3583 888 1365 3468
512 1280 3583 996 1369 3435
768 1280 3583 1156 1376 3380
1024 1280 3583 1338 1389 3310
1280 1280 3583 1508 1401 3285
1536 1280 3583 1683 1412 3286
1792 1280 3583 1870 1427 3288
2048 1280 3583 2066 1444 3290
2303 1280 3583 2267 1464 3292
2559 1280 3583 2472 1488 3295
2815 1280 3583 2680 1515 3298
3071 1280 3583 2890 1545 3302
3327 1280 3583 3106 1573 3315
3583 1280 3583 3333 1594 3337
3839 1280 3583 3588 1585 3381
4095 1280 3583 3923 1479 3473
0 1536 3583 898 1597 3471
256 1536 3583 919 1597 3471
512 1536 3583 1024 1599 3442
768 1536 3583 1181 1603 3395
1024 1536 3583 1363 1611 3332
1280 1536 3583 1541 1621 3290
1536 1536 3583 1712 1631 3291
1792 1536 3583 1896 1643 3293
2048 1536 3583 2088 1657 3295
2303 1536 3583 2287 1675 3297
2559 1536 3583 2490 1695 3300
2815 1536 3583 2696 1718 3304
3071 1536 3583 2904 1745 3308
3327 1536 3583 3112 1775 3313
3583 1536 3583 3321 1809 3318
3839 1536 3583 3596 1782 3385
4095 1536 3583 3928 1693 3474
0 1792 3583 944 1834 3467
256 1792 3583 954 1834 3475
512 1792 3583 1057 1835 3449
768 1792 3583 1212 1837 3407
1024 1792 3583 1393 1841 3353
1280 1792 3583 1578 1849 3299
1536 1792 3583 1747 1857 3298
1792 1792 3583 1927 1867 3299
2048 1792 3583 2116 1880 3302
2303 1792 3583 2311 1895 3304
2559 1792 3583 2512 1912 3307
2815 1792 3583 2716 1933 3311
3071 1792 3583 2921 1956 3315
3327 1792 3583 3128 1982 3321
3583 1792 3583 3335 2012 3327
3839 1792 3583 3605 1992 3390
4095 1792 3583 3935 1917 3475
0 2048 3583 977 2075 3476
256 2048 3583 1002 2076 3473
512 2048 3583 1099 2075 3452
768 2048 3583 1249 2075 3417
1024 2048 3583 1428 2077 3370
1280 2048 3583 1618 2081 3318
1536 2048 3583 1789 2088 3306
1792 2048 3583 1964 2097 3308
2048 2048 3583 2149 2108 3310
2303 2048 3583 2341 2121 3313
2559 2048 3583 2539 2136 3316
2815 2048 3583 2740 2154 3320
3071 2048 3583 2943 2175 3325
3327 2048 3583 3148 2199 3331
3583 2048 3583 3353 2225 3338
3839 2048 3583 3617 2211 3396
4095 2048 3583 3943 2147 3476
0 2303 3583 1036 2316 3468
256 2303 3583 1044 2318 3478
512 2303 3583 1138 2317 3461
768 2303 3583 1286 2316 3431
1024 2303 3583 1462 2316 3392
1280 2303 3583 1654 2317 3347
1536 2303 3583 1838 2322 3316
1792 2303 3583 2008 2330 3318
2048 2303 3583 2189 2339 3321
2303 2303 3583 2377 2351 3324
2559 2303 3583 2571 2364 3328
2815 2303 3583 2769 2380 3332
3071 2303 3583 2969 2398 3338
3327 2303 3583 3172 2419 3345
3583 2303 3583 3375 2443 3353
3839 2303 3583 3630 2435 3404
4095 2303 3583 3952 2382 3477
0 2559 3583 1089 2559 3469
256 2559 3583 1094 2564 3480
512 2559 3583 1184 2562 3466
768 2559 3583 1328 2560 3442
1024 2559 3583 1503 2558 3410
1280 2559 3583 1693 2557 3374
1536 2559 3583 1886 2559 3338
1792 2559 3583 2060 2565 3331
2048 2559 3583 2235 2573 3334
2303 2559 3583 2419 2584 3338
2559 2559 3583 2609 2596 3343
2815 2559 3583 2803 2610 3348
3071 2559 3583 3001 2626 3355
3327 2559 3583 3201 2645 3363
3583 2559 3583 3404 2665 3373
3839 2559 3583 3647 2665 3414
4095 2559 3583 3963 2620 3479
0 2815 3583 1138 2807 3476
256 2815 3583 1152 2810 3481
512 2815 3583 1237 2809 3470
768 2815 3583 1375 2806 3452
1024 2815 3583 1547 2803 3427
1280 2815 3583 1736 2800 3399
1536 2815 3583 1930 2799 3370
1792 2815 3583 2119 2801 3349
2048 2815 3583 2289 2809 3352
2303 2815 3583 2467 2818 3357
2559 2815 3583 2653 2829 3363
2815 2815 3583 2844 2842 3370
3071 2815 3583 3039 2856 3379
3327 2815 3583 3238 2872 3389
3583 2815 3583 3442 2888 3403
3839 2815 3583 3666 2897 3427
4095 2815 3583 3975 2861 3480
0 3071 3583 1203 3049 3471
256 3071 3583 1205 3058 3484
512 3071 3583 1287 3056 3476
768 3071 3583 1421 3053 3463
1024 3071 3583 1590 3049 3444
1280 3071 3583 1778 3045 3423
1536 3071 3583 1973 3042 3402
1792 3071 3583 2167 3041 3384
2048 3071 3583 2348 3046 3378
2303 3071 3583 2520 3054 3384
2559 3071 3583 2701 3064 3392
2815 3071 3583 2888 3075 3401
3071 3071 3583 3081 3087 3414
3327 3071 3583 3282 3099 3429
3583 3071 3583 3498 3107 3450
3839 3071 3583 3690 3131 3444
4095 3071 3583 3988 3104 3482
0 3327 3583 1257 3300 3478
256 3327 3583 1268 3306 3486
512 3327 3583 1344 3304 3481
768 3327 3583 1471 3301 3472
1024 3327 3583 1636 3296 3459
1280 3327 3583 1823 3291 3444
1536 3327 3583 2019 3286 3430
1792 3327 3583 2215 3284 3418
2048 3327 3583 2401 3286 3412
2303 3327 3583 2568 3294 3419
2559 3327 3583 2730 3306 3437
2815 3327 3583 2911 3317 3453
3071 3327 3583 3102 3327 3475
3327 3327 3583 3319 3332 3485
3583 3327 3583 3545 3337 3485
3839 3327 3583 3722 3364 3468
4095 3327 3583 4003 3348 3485
0 3583 3583 1321 3546 3479
256 3583 3583 1329 3555 3488
512 3583 3583 1403 3553 3485
768 3583 3583 1525 3549 3480
1024 3583 3583 1685 3544 3472
1280 3583 3583 1869 3538 3464
1536 3583 3583 2066 3533 3456
1792 3583 3583 2264 3529 3449
2048 3583 3583 2455 3528 3446
2303 3583 3583 2629 3532 3450
2559 3583 3583 2776 3547 3463
2815 3583 3583 2897 3571 3488
3071 3583 3583 3116 3575 3488
3327 3583 3583 3339 3579 3488
3583 3583 3583 3564 3583 3488
3839 3583 3583 3773 3594 3494
4095 3583 3583 4019 3593 3488
0 3839 3583 1388 3791 3479
256 3839 3583 1392 3804 3490
512 3839 3583 1461 3802 3489
768 3839 3583 1579 3798 3487
1024 3839 3583 1734 3793 3484
1280 3839 3583 1915 3787 3481
1536 3839 3583 2110 3781 3479
1792 3839 3583 2310 3775 3478
2048 3839 3583 2506 3772 3479
2303 3839 3583 2689 3774 3483
2559 3839 3583 2849 3783 3489
2815 3839 3583 2993 3801 3493
3071 3839 3583 3152 3819 3492
3327 3839 3583 3360 3826 3490
3583 3839 3583 3584 3830 3490
3839 3839 3583 3810 3834 3490
4095 3839 3583 4036 3839 3493
0 4095 3583 1447 4049 3490
256 4095 3583 1458 4051 3491
512 4095 3583 1503 4052 3492
768 4095 3583 1580 4053 3493
1024 4095 3583 1689 4055 3493
1280 4095 3583 1826 4056 3493
1536 4095 3583 1983 4057 3493
1792 4095 3583 2156 4059 3493
2048 4095 3583 2342 4060 3493
2303 4095 3583 2537 4063 3493
2559 4095 3583 2741 4065 3493
2815 4095 3583 2951 4068 3493
3071 4095 3583 3166 4071 3493
3327 4095 3583 3384 4074 3493
3583 4095 3583 3606 4077 3493
3839 4095 3583 3830 4081 3494
4095 4095 3583 4055 4085 3491
0 0 3839 887 664 3694
256 0 3839 905 662 3697
512 0 3839 965 655 3707
768 0 3839 1074 648 3721
1024 0 3839 1239 654 3721
1280 0 3839 1428 663 3721
1536 0 3839 1632 674 3721
1792 0 3839 1845 687 3720
2048 0 3839 2065 701 3721
2303 0 3839 2289 719 3720
2559 0 3839 2517 737 3721
2815 0 3839 2747 758 3721
3071 0 3839 2979 780 3720
3327 0 3839 3213 803 3721
3583 0 3839 3448 828 3720
3839 0 3839 3684 854 3720
4095 0 3839 3914 891 3714
0 256 3839 840 676 3722
256 256 3839 867 678 3718
512 256 3839 954 684 3709
768 256 3839 1092 694 3693
1024 256 3839 1253 702 3691
1280 256 3839 1437 711 3694
1536 256 3839 1636 721 3697
1792 256 3839 1847 733 3700
2048 256 3839 2065 747 3703
2303 256 3839 2287 763 3705
2559 256 3839 2514 781 3708
2815 256 3839 2744 800 3710
3071 256 3839 2975 821 3711
3327 256 3839 3209 843 3713
3583 256 3839 3444 867 3714
3839 256 3839 3680 892 3715
4095 256 3839 3916 913 3716
0 512 3839 848 790 3722
256 512 3839 881 794 3711
512 512 3839 988 807 3672
768 512 3839 1140 829 3615
1024 512 3839 1291 838 3613
1280 512 3839 1464 850 3611
1536 512 3839 1651 858 3629
1792 512 3839 1853 872 3634
2048 512 3839 2064 884 3646
2303 512 3839 2281 899 3656
2559 512 3839 2505 915 3665
2815 512 3839 2732 932 3673
3071 512 3839 2962 951 3680
3327 512 3839 3195 970 3687
3583 512 3839 3430 990 3692
3839 512 3839 3665 1013 3697
4095 512 3839 3922 990 3720
0 768 3839 861 960 3722
256 768 3839 894 962 3711
512 768 3839 999 971 3675
768 768 3839 1149 987 3625
1024 768 3839 1305 997 3609
1280 768 3839 1475 1007 3609
1536 768 3839 1663 1019 3609
1792 768 3839 1862 1034 3610
2048 768 3839 2069 1052 3610
2303 768 3839 2280 1073 3611
2559 768 3839 2496 1094 3615
2815 768 3839 2718 1116 3622
3071 768 3839 2944 1135 3634
3327 768 3839 3173 1155 3644
3583 768 3839 3406 1173 3656
3839 768 3839 3641 1193 3666
4095 768 3839 3923 1127 3720
0 1024 3839 887 1163 3719
256 1024 3839 911 1163 3715
512 1024 3839 1015 1169 3681
768 1024 3839 1168 1180 3628
1024 1024 3839 1323 1189 3610
1280 1024 3839 1491 1197 3610
1536 1024 3839 1676 1207 3610
1792 1024 3839 1874 1219 3611
2048 1024 3839 2079 1234 3611
2303 1024 3839 2289 1251 3612
2559 1024 3839 2504 1271 3612
2815 1024 3839 2721 1294 3613
3071 1024 3839 2940 1320 3614
3327 1024 3839 3160 1349 3615
3583 1024 3839 3384 1377 3620
3839 1024 3839 3614 1399 3632
4095 1024 3839 3926 1299 3720
0 1280 3839 909 1381 3721
256 1280 3839 937 1381 3716
512 1280 3839 1039 1385 3685
768 1280 3839 1192 1393 3633
1024 1280 3839 1347 1400 3611
1280 1280 3839 1512 1407 3612
1536 1280 3839 1694 1415 3612
1792 1280 3839 1889 1425 3612
2048 1280 3839 2093 1438 3613
2303 1280 3839 2301 1452 3613
2559 1280 3839 2514 1469 3614
2815 1280 3839 2731 1488 3615
3071 1280 3839 2949 1510 3615
3327 1280 3839 3168 1535 3616
3583 1280 3839 3387 1564 3618
3839 1280 3839 3610 1591 3623
4095 1280 3839 3931 1495 3721
0 1536 3839 946 1611 3718
256 1536 3839 965 1610 3719
512 1536 3839 1065 1613 3692
768 1536 3839 1217 1618 3644
1024 1536 3839 1377 1623 3613
1280 1536 3839 1538 1629 3613
1536 1536 3839 1717 1636 3614
1792 1536 3839 1909 1644 3614
2048 1536 3839 2110 1655 3614
2303 1536 3839 2316 1667 3615
2559 1536 3839 2528 1682 3616
2815 1536 3839 2743 1698 3616
3071 1536 3839 2959 1717 3617
3327 1536 3839 3177 1739 3618
3583 1536 3839 3396 1764 3620
3839 1536 3839 3616 1790 3623
4095 1536 3839 3936 1706 3721
0 1792 3839 987 1846 3716
256 1792 3839 999 1846 3722
512 1792 3839 1095 1847 3698
768 1792 3839 1245 1849 3656
1024 1792 3839 1412 1854 3616
1280 1792 3839 1569 1858 3615
1536 1792 3839 1745 1864 3616
1792 1792 3839 1934 1872 3616
2048 1792 3839 2132 1881 3617
2303 1792 3839 2336 1891 3617
2559 1792 3839 2545 1904 3618
2815 1792 3839 2758 1918 3619
3071 1792 3839 2973 1935 3620
3327 1792 3839 3189 1954 3621
3583 1792 3839 3406 1976 3622
3839 1792 3839 3623 2001 3624
4095 1792 3839 3943 1928 3722
0 2048 3839 1020 2085 3724
256 2048 3839 1044 2086 3721
512 2048 3839 1136 2086 3700
768 2048 3839 1281 2086 3664
1024 2048 3839 1455 2089 3618
1280 2048 3839 1607 2093 3618
1536 2048 3839 1778 2098 3618
1792 2048 3839 1963 2104 3619
2048 2048 3839 2158 2112 3619
2303 2048 3839 2359 2122 3620
2559 2048 3839 2566 2133 3621
2815 2048 3839 2776 2145 3622
3071 2048 3839 2989 2160 3623
3327 2048 3839 3203 2178 3624
3583 2048 3839 3418 2197 3626
3839 2048 3839 3633 2220 3628
4095 2048 3839 3951 2157 3723
0 2303 3839 1078 2324 3715
256 2303 3839 1083 2327 3726
512 2303 3839 1173 2327 3709
768 2303 3839 1315 2326 3678
1024 2303 3839 1490 2326 3636
1280 2303 3839 1651 2329 3621
1536 2303 3839 1817 2334 3622
1792 2303 3839 1998 2340 3622
2048 2303 3839 2189 2346 3623
2303 2303 3839 2386 2355 3624
2559 2303 3839 2590 2365 3624
2815 2303 3839 2798 2376 3625
3071 2303 3839 3009 2390 3627
3327 2303 3839 3221 2405 3628
3583 2303 3839 3433 2423 3630
3839 2303 3839 3647 2443 3634
4095 2303 3839 3960 2390 3724
0 2559 3839 1124 2568 3719
256 2559 3839 1134 2572 3727
512 2559 3839 1219 2571 3713
768 2559 3839 1356 2569 3688
1024 2559 3839 1529 2568 3652
1280 2559 3839 1703 2569 3625
1536 2559 3839 1863 2573 3626
1792 2559 3839 2039 2578 3626
2048 2559 3839 2225 2584 3627
2303 2559 3839 2419 2591 3628
2559 2559 3839 2620 2600 3629
2815 2559 3839 2824 2611 3630
3071 2559 3839 3032 2623 3632
3327 2559 3839 3241 2637 3633
3583 2559 3839 3451 2654 3635
3839 2559 3839 3662 2673 3639
4095 2559 3839 3971 2628 3726
0 2815 3839 1176 2813 3721
256 2815 3839 1187 2817 3728
512 2815 3839 1269 2816 3717
768 2815 3839 1402 2814 3696
1024 2815 3839 1571 2811 3668
1280 2815 3839 1755 2810 3637
1536 2815 3839 1918 2812 3631
1792 2815 3839 2088 2817 3631
2048 2815 3839 2269 2823 3632
2303 2815 3839 2459 2829 3633
2559 2815 3839 2655 2838 3635
2815 2815 3839 2856 2847 3636
3071 2815 3839 3060 2859 3638
3327 2815 3839 3266 2872 3640
3583 2815 3839 3473 2888 3643
3839 2815 3839 3679 2906 3646
4095 2815 3839 3983 2868 3727
0 3071 3839 1237 3056 3717
256 3071 3839 1241 3063 3729
512 3071 3839 1316 3063 3723
768 3071 3839 1445 3060 3707
1024 3071 3839 1611 3057 3685
1280 3071 3839 1799 3053 3657
1536 3071 3839 1982 3052 3637
1792 3071 3839 2146 3057 3638
2048 3071 3839 2322 3062 3639
2303 3071 3839 2506 3068 3640
2559 3071 3839 2698 3075 3642
2815 3071 3839 2895 3084 3644
3071 3071 3839 3095 3095 3647
3327 3071 3839 3297 3108 3650
3583 3071 3839 3499 3122 3653
3839 3071 3839 3702 3140 3658
4095 3071 3839 3996 3110 3729
0 3327 3839 1289 3307 3726
256 3327 3839 1300 3312 3733
512 3327 3839 1375 3310 3726
768 3327 3839 1498 3307 3714
1024 3327 3839 1658 3303 3698
1280 3327 3839 1842 3299 3678
1536 3327 3839 2038 3295 3657
1792 3327 3839 2217 3295 3647
2048 3327 3839 2387 3300 3649
2303 3327 3839 2565 3306 3650
2559 3327 3839 2751 3313 3653
2815 3327 3839 2943 3321 3656
3071 3327 3839 3138 3331 3659
3327 3327 3839 3335 3343 3664
3583 3327 3839 3533 3357 3670
3839 3327 3839 3733 3373 3678
4095 3327 3839 4011 3354 3731
0 3583 3839 1354 3549 3722
256 3583 3839 1358 3560 3735
512 3583 3839 1429 3558 3731
768 3583 3839 1549 3555 3723
1024 3583 3839 1706 3551 3711
1280 3583 3839 1888 3546 3697
1536 3583 3839 2082 3541 3683
1792 3583 3839 2280 3537 3669
2048 3583 3839 2466 3537 3663
2303 3583 3839 2637 3543 3665
2559 3583 3839 2816 3549 3669
2815 3583 3839 3001 3557 3674
3071 3583 3839 3189 3567 3680
3327 3583 3839 3381 3578 3688
3583 3583 3839 3576 3591 3700
3839 3583 3839 3784 3600 3717
4095 3583 3839 4026 3599 3734
0 3839 3839 1416 3797 3726
256 3839 3839 1421 3808 3737
512 3839 3839 1487 3807 3735
768 3839 3839 1602 3804 3730
1024 3839 3839 1754 3799 3723
1280 3839 3839 1932 3794 3715
1536 3839 3839 2126 3788 3706
1792 3839 3839 2325 3783 3699
2048 3839 3839 2522 3780 3693
2303 3839 3839 2707 3781 3693
2559 3839 3839 2874 3789 3699
2815 3839 3839 3034 3801 3711
3071 3839 3839 3188 3818 3727
3327 3839 3839 3370 3831 3737
3583 3839 3839 3593 3835 3737
3839 3839 3839 3818 3839 3737
4095 3839 3839 4044 3844 3737
0 4095 3839 1488 4032 3717
256 4095 3839 1499 4033 3718
512 4095 3839 1539 4039 3722
768 4095 3839 1610 4048 3730
1024 4095 3839 1713 4060 3740
1280 4095 3839 1848 4060 3740
1536 4095 3839 2002 4062 3740
1792 4095 3839 2173 4063 3740
2048 4095 3839 2358 4065 3740
2303 4095 3839 2552 4067 3740
2559 4095 3839 2754 4069 3740
2815 4095 3839 2962 4072 3740
3071 4095 3839 3176 4075 3739
3327 4095 3839 3394 4078 3739
3583 4095 3839 3615 4082 3739
3839 4095 3839 3839 4086 3740
4095 4095 3839 4064 4090 3739
0 0 4095 950 709 3934
256 0 4095 966 708 3937
512 0 4095 1033 708 3940
768 0 4095 1134 702 3954
1024 0 4095 1294 713 3948
1280 0 4095 1475 725 3944
1536 0 4095 1670 737 3943
1792 0 4095 1868 728 3967
2048 0 4095 2087 763 3945
2303 0 4095 2306 772 3953
2559 0 4095 2530 785 3958
2815 0 4095 2755 817 3947
3071 0 4095 2983 838 3948
3327 0 4095 3212 864 3946
3583 0 4095 3450 876 3956
3839 0 4095 3677 912 3948
4095 0 4095 3904 948 3940
0 256 4095 909 722 3961
256 256 4095 928 721 3963
512 256 4095 1013 729 3956
768 256 4095 1118 723 3969
1024 256 4095 1282 733 3963
1280 256 4095 1468 746 3957
1536 256 4095 1664 757 3956
1792 256 4095 1868 758 3968
2048 256 4095 2087 783 3956
2303 256 4095 2307 791 3963
2559 256 4095 2532 806 3966
2815 256 4095 2758 833 3958
3071 256 4095 2989 852 3959
3327 256 4095 3217 881 3953
3583 256 4095 3458 888 3967
3839 256 4095 3682 929 3953
4095 256 4095 3910 963 3946
0 512 4095 936 836 3948
256 512 4095 952 835 3952
512 512 4095 1009 830 3963
768 512 4095 1122 829 3970
1024 512 4095 1281 834 3970
1280 512 4095 1463 840 3970
1536 512 4095 1662 849 3970
1792 512 4095 1871 858 3970
2048 512 4095 2088 870 3970
2303 512 4095 2309 883 3970
2559 512 4095 2535 898 3969
2815 512 4095 2763 914 3969
3071 512 4095 2994 931 3969
3327 512 4095 3227 951 3969
3583 512 4095 3460 972 3969
3839 512 4095 3694 995 3967
4095 512 4095 3911 1041 3946
0 768 4095 944 995 3951
256 768 4095 951 991 3961
512 768 4095 1011 988 3970
768 768 4095 1132 991 3970
1024 768 4095 1289 995 3970
1280 768 4095 1470 1000 3970
1536 768 4095 1668 1007 3970
1792 768 4095 1876 1015 3970
2048 768 4095 2092 1024 3970
2303 768 4095 2313 1035 3970
2559 768 4095 2538 1047 3970
2815 768 4095 2767 1061 3970
3071 768 4095 2997 1076 3970
3327 768 4095 3230 1092 3970
3583 768 4095 3463 1109 3969
3839 768 4095 3698 1127 3969
4095 768 4095 3912 1168 3946
0 1024 4095 968 1190 3947
256 1024 4095 978 1188 3954
512 1024 4095 1029 1185 3969
768 1024 4095 1147 1186 3970
1024 1024 4095 1301 1189 3970
1280 1024 4095 1481 1194 3970
1536 1024 4095 1677 1199 3970
1792 1024 4095 1884 1206 3970
2048 1024 4095 2099 1213 3970
2303 1024 4095 2319 1222 3970
2559 1024 4095 2544 1232 3970
2815 1024 4095 2772 1243 3970
3071 1024 4095 3002 1255 3970
3327 1024 4095 3234 1269 3970
3583 1024 4095 3467 1283 3970
3839 1024 4095 3701 1299 3970
4095 1024 4095 3916 1331 3947
0 1280 4095 991 1403 3947
256 1280 4095 1000 1402 3955
512 1280 4095 1052 1400 3969
768 1280 4095 1166 1401 3971
1024 1280 4095 1318 1404 3971
1280 1280 4095 1495 1407 3971
1536 1280 4095 1689 1411 3971
1792 1280 4095 1895 1417 3971
2048 1280 4095 2109 1423 3971
2303 1280 4095 2327 1430 3971
2559 1280 4095 2551 1439 3971
2815 1280 4095 2778 1448 3971
3071 1280 4095 3008 1458 3971
3327 1280 4095 3239 1469 3970
3583 1280 4095 3472 1482 3970
3839 1280 4095 3706 1495 3970
4095 1280 4095 3924 1518 3951
0 1536 4095 1004 1626 3959
256 1536 4095 1019 1626 3963
512 1536 4095 1079 1626 3969
768 1536 4095 1189 1627 3972
1024 1536 4095 1338 1629 3972
1280 1536 4095 1512 1632 3972
1536 1536 4095 1704 1636 3972
1792 1536 4095 1908 1640 3972
2048 1536 4095 2120 1646 3971
2303 1536 4095 2338 1652 3971
2559 1536 4095 2561 1659 3971
2815 1536 4095 2787 1666 3971
3071 1536 4095 3016 1675 3971
3327 1536 4095 3246 1685 3971
3583 1536 4095 3479 1695 3971
3839 1536 4095 3712 1706 3971
4095 1536 4095 3936 1722 3959
0 1792 4095 1034 1858 3963
256 1792 4095 1051 1858 3965
512 1792 4095 1109 1859 3971
768 1792 4095 1218 1860 3972
1024 1792 4095 1363 1862 3972
1280 1792 4095 1534 1865 3972
1536 1792 4095 1723 1868 3972
1792 1792 4095 1924 1872 3972
2048 1792 4095 2135 1876 3972
2303 1792 4095 2351 1881 3972
2559 1792 4095 2572 1887 3972
2815 1792 4095 2797 1894 3972
3071 1792 4095 3025 1901 3972
3327 1792 4095 3255 1910 3972
3583 1792 4095 3487 1919 3972
3839 1792 4095 3719 1928 3972
4095 1792 4095 3953 1939 3971
0 2048 4095 1072 2095 3964
256 2048 4095 1083 2096 3971
512 2048 4095 1144 2097 3973
768 2048 4095 1250 2098 3973
1024 2048 4095 1391 2100 3973
1280 2048 4095 1559 2102 3973
1536 2048 4095 1744 2105 3973
1792 2048 4095 1943 2108 3973
2048 2048 4095 2151 2112 3973
2303 2048 4095 2366 2116 3973
2559 2048 4095 2586 2121 3973
2815 2048 4095 2809 2127 3973
3071 2048 4095 3036 2134 3973
3327 2048 4095 3265 2141 3973
3583 2048 4095 3496 2149 3973
3839 2048 4095 3728 2157 3973
4095 2048 4095 3952 2166 3962
0 2303 4095 1130 2332 3951
256 2303 4095 1141 2333 3958
512 2303 4095 1187 2337 3972
768 2303 4095 1287 2338 3974
1024 2303 4095 1424 2339 3974
1280 2303 4095 1587 2341 3974
1536 2303 4095 1769 2344 3974
1792 2303 4095 1965 2347 3974
2048 2303 4095 2171 2350 3974
2303 2303 4095 2383 2354 3974
2559 2303 4095 2601 2359 3974
2815 2303 4095 2823 2364 3974
3071 2303 4095 3049 2370 3974
3327 2303 4095 3277 2376 3974
3583 2303 4095 3507 2383 3974
3839 2303 4095 3738 2390 3974
4095 2303 4095 3958 2396 3960
0 2559 4095 1176 2573 3953
256 2559 4095 1186 2575 3959
512 2559 4095 1231 2580 3973
768 2559 4095 1327 2581 3976
1024 2559 4095 1459 2583 3976
1280 2559 4095 1618 2584 3976
1536 2559 4095 1797 2586 3976
1792 2559 4095 1989 2589 3976
2048 2559 4095 2192 2592 3976
2303 2559 4095 2402 2596 3976
2559 2559 4095 2619 2600 3975
2815 2559 4095 2839 2604 3975
3071 2559 4095 3063 2609 3975
3327 2559 4095 3290 2615 3975
3583 2559 4095 3519 2621 3975
3839 2559 4095 3749 2628 3975
4095 2559 4095 3970 2631 3963
0 2815 4095 1213 2821 3969
256 2815 4095 1227 2822 3971
512 2815 4095 1277 2825 3977
768 2815 4095 1371 2826 3977
1024 2815 4095 1499 2827 3977
1280 2815 4095 1653 2829 3977
1536 2815 4095 1827 2831 3977
1792 2815 4095 2017 2833 3977
2048 2815 4095 2217 2836 3977
2303 2815 4095 2424 2839 3977
2559 2815 4095 2638 2843 3977
2815 2815 4095 2857 2847 3977
3071 2815 4095 3080 2851 3977
3327 2815 4095 3305 2856 3977
3583 2815 4095 3533 2862 3977
3839 2815 4095 3762 2868 3976
4095 2815 4095 3989 2873 3972
0 3071 4095 1281 3057 3953
256 3071 4095 1291 3060 3959
512 3071 4095 1332 3068 3972
768 3071 4095 1418 3072 3979
1024 3071 4095 1541 3073 3979
1280 3071 4095 1691 3074 3979
1536 3071 4095 1861 3076 3979
1792 3071 4095 2047 3078 3979
2048 3071 4095 2243 3081 3979
2303 3071 4095 2448 3084 3978
2559 3071 4095 2660 3087 3978
2815 3071 4095 2877 3091 3978
3071 3071 4095 3098 3095 3978
3327 3071 4095 3322 3099 3978
3583 3071 4095 3548 3104 3978
3839 3071 4095 3777 3110 3978
4095 3071 4095 4004 3114 3975
0 3327 4095 1331 3306 3962
256 3327 4095 1340 3311 3970
512 3327 4095 1381 3318 3980
768 3327 4095 1468 3319 3980
1024 3327 4095 1586 3320 3980
1280 3327 4095 1731 3321 3980
1536 3327 4095 1897 3323 3980
1792 3327 4095 2079 3325 3980
2048 3327 4095 2273 3327 3980
2303 3327 4095 2474 3330 3980
2559 3327 4095 2684 3333 3980
2815 3327 4095 2899 3336 3980
3071 3327 4095 3118 3340 3980
3327 3327 4095 3340 3344 3980
3583 3327 4095 3565 3349 3980
3839 3327 4095 3792 3354 3980
4095 3327 4095 4015 3355 3973
0 3583 4095 1389 3553 3965
256 3583 4095 1400 3555 3968
512 3583 4095 1442 3560 3975
768 3583 4095 1520 3566 3981
1024 3583 4095 1634 3568 3982
1280 3583 4095 1775 3569 3982
1536 3583 4095 1936 3570 3982
1792 3583 4095 2114 3572 3982
2048 3583 4095 2304 3574 3982
2303 3583 4095 2503 3576 3982
2559 3583 4095 2710 3579 3982
2815 3583 4095 2922 3582 3982
3071 3583 4095 3139 3586 3982
3327 3583 4095 3360 3590 3982
3583 3583 4095 3583 3594 3982
3839 3583 4095 3809 3598 3982
4095 3583 4095 4034 3601 3978
0 3839 4095 1456 3789 3956
256 3839 4095 1466 3793 3960
512 3839 4095 1503 3803 3971
768 3839 4095 1575 3815 3984
1024 3839 4095 1685 3816 3984
1280 3839 4095 1821 3817 3984
1536 3839 4095 1978 3818 3984
1792 3839 4095 2151 3820 3984
2048 3839 4095 2338 3822 3984
2303 3839 4095 2533 3824 3984
2559 3839 4095 2737 3826 3984
2815 3839 4095 2948 3829 3984
3071 3839 4095 3163 3833 3984
3327 3839 4095 3381 3836 3984
3583 3839 4095 3603 3840 3984
3839 3839 4095 3828 3844 3984
4095 3839 4095 4054 3849 3984
0 4095 4095 1516 4038 3961
256 4095 4095 1524 4045 3968
512 4095 4095 1559 4057 3980
768 4095 4095 1634 4058 3981
1024 4095 4095 1738 4060 3983
1280 4095 4095 1869 4064 3985
1536 4095 4095 2021 4065 3985
1792 4095 4095 2190 4064 3982
2048 4095 4095 2373 4065 3982
2303 4095 4095 2565 4069 3983
2559 4095 4095 2766 4073 3985
2815 4095 4095 2973 4074 3984
3071 4095 4095 3186 4077 3984
3327 4095 4095 3404 4083 3986
3583 4095 4095 3624 4086 3985
3839 4095 4095 3847 4090 3986
4095 4095 4095 4073 4095 3986
